[14:50:48] [Client thread/INFO]: Setting user: Player828
[14:50:50] [Client thread/WARN]: Skipping bad option: lastServer:
[14:50:50] [Client thread/INFO]: LWJGL Version: 2.9.4
[14:50:50] [Client thread/INFO]: [STDOUT]: MALMO: Attempting to transform MinecraftServer
[14:50:50] [Client thread/INFO]: [STDOUT]: MALMO: Found GlStateManager, attempting to transform it
[14:50:50] [Client thread/INFO]: [STDOUT]: MALMO: Found GlStateManager.bindTexture() method, attempting to transform it
[14:50:50] [Client thread/INFO]: [STDOUT]: MALMO: Hooked into call to GlStateManager.bindTexture()
[14:50:50] [Client thread/INFO]: [STDOUT]: ---- Minecraft Crash Report ----
// My bad.

Time: 5/24/25 2:50 PM
Description: Loading screen debug info

This is just a prompt for computer specs to be printed. THIS IS NOT A ERROR


A detailed walkthrough of the error, its code path and all known details is as follows:
---------------------------------------------------------------------------------------

-- System Details --
Details:
	Minecraft Version: 1.11.2
	Operating System: Windows 11 (amd64) version 10.0
	Java Version: 1.8.0_442-442, OpenLogic-OpenJDK
	Java VM Version: OpenJDK 64-Bit Server VM (mixed mode), OpenLogic-OpenJDK
	Memory: 686300400 bytes (654 MB) / 929038336 bytes (886 MB) up to 1908932608 bytes (1820 MB)
	JVM Flags: 1 total; -Xmx2G
	IntCache: cache: 0, tcache: 0, allocated: 0, tallocated: 0
	FML: 
	Loaded coremods (and transformers): 
OverclockingPlugin (MalmoMod-0.37.0.jar)
  com.microsoft.Malmo.OverclockingClassTransformer
	GL info: ' Vendor: 'NVIDIA Corporation' Version: '4.6.0 NVIDIA 560.94' Renderer: 'NVIDIA GeForce RTX 3070/PCIe/SSE2'
[14:50:52] [Client thread/INFO]: Reloading ResourceManager: Default, FMLFileResourcePack:Forge Mod Loader, FMLFileResourcePack:Minecraft Forge, FMLFileResourcePack:Microsoft Malmo Mod
[14:50:52] [Client thread/WARN]: ResourcePack: ignored non-lowercase namespace: MalmoMod in C:\Users\Hones\OneDrive\Documents\CS175\175-final-project\Minecraft\build\libs\MalmoMod-0.37.0.jar
[14:50:52] [Client thread/WARN]: ResourcePack: ignored non-lowercase namespace: MalmoMod in C:\Users\Hones\OneDrive\Documents\CS175\175-final-project\Minecraft\build\libs\MalmoMod-0.37.0.jar
[14:50:52] [Client thread/WARN]: ResourcePack: ignored non-lowercase namespace: MalmoMod in C:\Users\Hones\OneDrive\Documents\CS175\175-final-project\Minecraft\build\libs\MalmoMod-0.37.0.jar
[14:50:52] [Client thread/INFO]: [STDOUT]: Testing schemas against internal version number: 0.37
[14:50:53] [Client thread/WARN]: Missing sound for event: minecraft:ambient.cave
[14:50:53] [Client thread/WARN]: Missing sound for event: minecraft:block.anvil.break
[14:50:53] [Client thread/WARN]: Missing sound for event: minecraft:block.anvil.destroy
[14:50:53] [Client thread/WARN]: Missing sound for event: minecraft:block.anvil.fall
[14:50:53] [Client thread/WARN]: Missing sound for event: minecraft:block.anvil.hit
[14:50:53] [Client thread/WARN]: Missing sound for event: minecraft:block.anvil.land
[14:50:53] [Client thread/WARN]: Missing sound for event: minecraft:block.anvil.place
[14:50:53] [Client thread/WARN]: Missing sound for event: minecraft:block.anvil.step
[14:50:53] [Client thread/WARN]: Missing sound for event: minecraft:block.anvil.use
[14:50:53] [Client thread/WARN]: Missing sound for event: minecraft:block.brewing_stand.brew
[14:50:53] [Client thread/WARN]: Missing sound for event: minecraft:block.chest.close
[14:50:53] [Client thread/WARN]: Missing sound for event: minecraft:block.chest.locked
[14:50:53] [Client thread/WARN]: Missing sound for event: minecraft:block.chest.open
[14:50:53] [Client thread/WARN]: Missing sound for event: minecraft:block.chorus_flower.death
[14:50:53] [Client thread/WARN]: Missing sound for event: minecraft:block.chorus_flower.grow
[14:50:53] [Client thread/WARN]: Missing sound for event: minecraft:block.cloth.break
[14:50:53] [Client thread/WARN]: Missing sound for event: minecraft:block.cloth.fall
[14:50:53] [Client thread/WARN]: Missing sound for event: minecraft:block.cloth.hit
[14:50:53] [Client thread/WARN]: Missing sound for event: minecraft:block.cloth.place
[14:50:53] [Client thread/WARN]: Missing sound for event: minecraft:block.cloth.step
[14:50:53] [Client thread/WARN]: Missing sound for event: minecraft:block.comparator.click
[14:50:53] [Client thread/WARN]: Missing sound for event: minecraft:block.dispenser.dispense
[14:50:53] [Client thread/WARN]: Missing sound for event: minecraft:block.dispenser.fail
[14:50:53] [Client thread/WARN]: Missing sound for event: minecraft:block.dispenser.launch
[14:50:53] [Client thread/WARN]: Missing sound for event: minecraft:block.enchantment_table.use
[14:50:53] [Client thread/WARN]: Missing sound for event: minecraft:block.end_gateway.spawn
[14:50:53] [Client thread/WARN]: Missing sound for event: minecraft:block.enderchest.close
[14:50:53] [Client thread/WARN]: Missing sound for event: minecraft:block.enderchest.open
[14:50:53] [Client thread/WARN]: Missing sound for event: minecraft:block.fence_gate.close
[14:50:53] [Client thread/WARN]: Missing sound for event: minecraft:block.fence_gate.open
[14:50:53] [Client thread/WARN]: Missing sound for event: minecraft:block.fire.ambient
[14:50:53] [Client thread/WARN]: Missing sound for event: minecraft:block.fire.extinguish
[14:50:53] [Client thread/WARN]: Missing sound for event: minecraft:block.furnace.fire_crackle
[14:50:53] [Client thread/WARN]: Missing sound for event: minecraft:block.glass.break
[14:50:53] [Client thread/WARN]: Missing sound for event: minecraft:block.glass.fall
[14:50:53] [Client thread/WARN]: Missing sound for event: minecraft:block.glass.hit
[14:50:53] [Client thread/WARN]: Missing sound for event: minecraft:block.glass.place
[14:50:53] [Client thread/WARN]: Missing sound for event: minecraft:block.glass.step
[14:50:53] [Client thread/WARN]: Missing sound for event: minecraft:block.grass.break
[14:50:53] [Client thread/WARN]: Missing sound for event: minecraft:block.grass.fall
[14:50:53] [Client thread/WARN]: Missing sound for event: minecraft:block.grass.hit
[14:50:53] [Client thread/WARN]: Missing sound for event: minecraft:block.grass.place
[14:50:53] [Client thread/WARN]: Missing sound for event: minecraft:block.grass.step
[14:50:53] [Client thread/WARN]: Missing sound for event: minecraft:block.gravel.break
[14:50:53] [Client thread/WARN]: Missing sound for event: minecraft:block.gravel.fall
[14:50:53] [Client thread/WARN]: Missing sound for event: minecraft:block.gravel.hit
[14:50:53] [Client thread/WARN]: Missing sound for event: minecraft:block.gravel.place
[14:50:53] [Client thread/WARN]: Missing sound for event: minecraft:block.gravel.step
[14:50:53] [Client thread/WARN]: Missing sound for event: minecraft:block.iron_door.close
[14:50:53] [Client thread/WARN]: Missing sound for event: minecraft:block.iron_door.open
[14:50:53] [Client thread/WARN]: Missing sound for event: minecraft:block.iron_trapdoor.close
[14:50:53] [Client thread/WARN]: Missing sound for event: minecraft:block.iron_trapdoor.open
[14:50:53] [Client thread/WARN]: Missing sound for event: minecraft:block.ladder.break
[14:50:53] [Client thread/WARN]: Missing sound for event: minecraft:block.ladder.fall
[14:50:53] [Client thread/WARN]: Missing sound for event: minecraft:block.ladder.hit
[14:50:53] [Client thread/WARN]: Missing sound for event: minecraft:block.ladder.place
[14:50:53] [Client thread/WARN]: Missing sound for event: minecraft:block.ladder.step
[14:50:53] [Client thread/WARN]: Missing sound for event: minecraft:block.lava.ambient
[14:50:53] [Client thread/WARN]: Missing sound for event: minecraft:block.lava.extinguish
[14:50:53] [Client thread/WARN]: Missing sound for event: minecraft:block.lava.pop
[14:50:53] [Client thread/WARN]: Missing sound for event: minecraft:block.lever.click
[14:50:53] [Client thread/WARN]: Missing sound for event: minecraft:block.metal.break
[14:50:53] [Client thread/WARN]: Missing sound for event: minecraft:block.metal.fall
[14:50:53] [Client thread/WARN]: Missing sound for event: minecraft:block.metal.hit
[14:50:53] [Client thread/WARN]: Missing sound for event: minecraft:block.metal.place
[14:50:53] [Client thread/WARN]: Missing sound for event: minecraft:block.metal.step
[14:50:53] [Client thread/WARN]: Missing sound for event: minecraft:block.metal_pressureplate.click_off
[14:50:53] [Client thread/WARN]: Missing sound for event: minecraft:block.metal_pressureplate.click_on
[14:50:53] [Client thread/WARN]: Missing sound for event: minecraft:block.note.basedrum
[14:50:53] [Client thread/WARN]: Missing sound for event: minecraft:block.note.bass
[14:50:53] [Client thread/WARN]: Missing sound for event: minecraft:block.note.harp
[14:50:53] [Client thread/WARN]: Missing sound for event: minecraft:block.note.hat
[14:50:53] [Client thread/WARN]: Missing sound for event: minecraft:block.note.pling
[14:50:53] [Client thread/WARN]: Missing sound for event: minecraft:block.note.snare
[14:50:53] [Client thread/WARN]: Missing sound for event: minecraft:block.piston.contract
[14:50:53] [Client thread/WARN]: Missing sound for event: minecraft:block.piston.extend
[14:50:53] [Client thread/WARN]: Missing sound for event: minecraft:block.portal.ambient
[14:50:53] [Client thread/WARN]: Missing sound for event: minecraft:block.portal.travel
[14:50:53] [Client thread/WARN]: Missing sound for event: minecraft:block.portal.trigger
[14:50:53] [Client thread/WARN]: Missing sound for event: minecraft:block.redstone_torch.burnout
[14:50:53] [Client thread/WARN]: Missing sound for event: minecraft:block.sand.break
[14:50:53] [Client thread/WARN]: Missing sound for event: minecraft:block.sand.fall
[14:50:53] [Client thread/WARN]: Missing sound for event: minecraft:block.sand.hit
[14:50:53] [Client thread/WARN]: Missing sound for event: minecraft:block.sand.place
[14:50:53] [Client thread/WARN]: Missing sound for event: minecraft:block.sand.step
[14:50:53] [Client thread/WARN]: Missing sound for event: minecraft:block.shulker_box.close
[14:50:53] [Client thread/WARN]: Missing sound for event: minecraft:block.shulker_box.open
[14:50:53] [Client thread/WARN]: Missing sound for event: minecraft:block.slime.break
[14:50:53] [Client thread/WARN]: Missing sound for event: minecraft:block.slime.fall
[14:50:53] [Client thread/WARN]: Missing sound for event: minecraft:block.slime.hit
[14:50:53] [Client thread/WARN]: Missing sound for event: minecraft:block.slime.place
[14:50:53] [Client thread/WARN]: Missing sound for event: minecraft:block.slime.step
[14:50:53] [Client thread/WARN]: Missing sound for event: minecraft:block.snow.break
[14:50:53] [Client thread/WARN]: Missing sound for event: minecraft:block.snow.fall
[14:50:53] [Client thread/WARN]: Missing sound for event: minecraft:block.snow.hit
[14:50:53] [Client thread/WARN]: Missing sound for event: minecraft:block.snow.place
[14:50:53] [Client thread/WARN]: Missing sound for event: minecraft:block.snow.step
[14:50:53] [Client thread/WARN]: Missing sound for event: minecraft:block.stone.break
[14:50:53] [Client thread/WARN]: Missing sound for event: minecraft:block.stone.fall
[14:50:53] [Client thread/WARN]: Missing sound for event: minecraft:block.stone.hit
[14:50:53] [Client thread/WARN]: Missing sound for event: minecraft:block.stone.place
[14:50:53] [Client thread/WARN]: Missing sound for event: minecraft:block.stone.step
[14:50:53] [Client thread/WARN]: Missing sound for event: minecraft:block.stone_button.click_off
[14:50:53] [Client thread/WARN]: Missing sound for event: minecraft:block.stone_button.click_on
[14:50:53] [Client thread/WARN]: Missing sound for event: minecraft:block.stone_pressureplate.click_off
[14:50:53] [Client thread/WARN]: Missing sound for event: minecraft:block.stone_pressureplate.click_on
[14:50:53] [Client thread/WARN]: Missing sound for event: minecraft:block.tripwire.attach
[14:50:53] [Client thread/WARN]: Missing sound for event: minecraft:block.tripwire.click_off
[14:50:53] [Client thread/WARN]: Missing sound for event: minecraft:block.tripwire.click_on
[14:50:53] [Client thread/WARN]: Missing sound for event: minecraft:block.tripwire.detach
[14:50:53] [Client thread/WARN]: Missing sound for event: minecraft:block.water.ambient
[14:50:53] [Client thread/WARN]: Missing sound for event: minecraft:block.waterlily.place
[14:50:53] [Client thread/WARN]: Missing sound for event: minecraft:block.wood.break
[14:50:53] [Client thread/WARN]: Missing sound for event: minecraft:block.wood.fall
[14:50:53] [Client thread/WARN]: Missing sound for event: minecraft:block.wood.hit
[14:50:53] [Client thread/WARN]: Missing sound for event: minecraft:block.wood.place
[14:50:53] [Client thread/WARN]: Missing sound for event: minecraft:block.wood.step
[14:50:53] [Client thread/WARN]: Missing sound for event: minecraft:block.wood_button.click_off
[14:50:53] [Client thread/WARN]: Missing sound for event: minecraft:block.wood_button.click_on
[14:50:53] [Client thread/WARN]: Missing sound for event: minecraft:block.wood_pressureplate.click_off
[14:50:53] [Client thread/WARN]: Missing sound for event: minecraft:block.wood_pressureplate.click_on
[14:50:53] [Client thread/WARN]: Missing sound for event: minecraft:block.wooden_door.close
[14:50:53] [Client thread/WARN]: Missing sound for event: minecraft:block.wooden_door.open
[14:50:53] [Client thread/WARN]: Missing sound for event: minecraft:block.wooden_trapdoor.close
[14:50:53] [Client thread/WARN]: Missing sound for event: minecraft:block.wooden_trapdoor.open
[14:50:53] [Client thread/WARN]: Missing sound for event: minecraft:enchant.thorns.hit
[14:50:53] [Client thread/WARN]: Missing sound for event: minecraft:entity.armorstand.break
[14:50:53] [Client thread/WARN]: Missing sound for event: minecraft:entity.armorstand.fall
[14:50:53] [Client thread/WARN]: Missing sound for event: minecraft:entity.armorstand.hit
[14:50:53] [Client thread/WARN]: Missing sound for event: minecraft:entity.armorstand.place
[14:50:53] [Client thread/WARN]: Missing sound for event: minecraft:entity.arrow.hit
[14:50:53] [Client thread/WARN]: Missing sound for event: minecraft:entity.arrow.hit_player
[14:50:53] [Client thread/WARN]: Missing sound for event: minecraft:entity.arrow.shoot
[14:50:53] [Client thread/WARN]: Missing sound for event: minecraft:entity.bat.ambient
[14:50:53] [Client thread/WARN]: Missing sound for event: minecraft:entity.bat.death
[14:50:53] [Client thread/WARN]: Missing sound for event: minecraft:entity.bat.hurt
[14:50:53] [Client thread/WARN]: Missing sound for event: minecraft:entity.bat.loop
[14:50:53] [Client thread/WARN]: Missing sound for event: minecraft:entity.bat.takeoff
[14:50:53] [Client thread/WARN]: Missing sound for event: minecraft:entity.blaze.ambient
[14:50:53] [Client thread/WARN]: Missing sound for event: minecraft:entity.blaze.burn
[14:50:53] [Client thread/WARN]: Missing sound for event: minecraft:entity.blaze.death
[14:50:53] [Client thread/WARN]: Missing sound for event: minecraft:entity.blaze.hurt
[14:50:53] [Client thread/WARN]: Missing sound for event: minecraft:entity.blaze.shoot
[14:50:53] [Client thread/WARN]: Missing sound for event: minecraft:entity.bobber.splash
[14:50:53] [Client thread/WARN]: Missing sound for event: minecraft:entity.bobber.throw
[14:50:53] [Client thread/WARN]: Missing sound for event: minecraft:entity.cat.ambient
[14:50:53] [Client thread/WARN]: Missing sound for event: minecraft:entity.cat.death
[14:50:53] [Client thread/WARN]: Missing sound for event: minecraft:entity.cat.hiss
[14:50:53] [Client thread/WARN]: Missing sound for event: minecraft:entity.cat.hurt
[14:50:53] [Client thread/WARN]: Missing sound for event: minecraft:entity.cat.purr
[14:50:53] [Client thread/WARN]: Missing sound for event: minecraft:entity.cat.purreow
[14:50:53] [Client thread/WARN]: Missing sound for event: minecraft:entity.chicken.ambient
[14:50:53] [Client thread/WARN]: Missing sound for event: minecraft:entity.chicken.death
[14:50:53] [Client thread/WARN]: Missing sound for event: minecraft:entity.chicken.egg
[14:50:53] [Client thread/WARN]: Missing sound for event: minecraft:entity.chicken.hurt
[14:50:53] [Client thread/WARN]: Missing sound for event: minecraft:entity.chicken.step
[14:50:53] [Client thread/WARN]: Missing sound for event: minecraft:entity.cow.ambient
[14:50:53] [Client thread/WARN]: Missing sound for event: minecraft:entity.cow.death
[14:50:53] [Client thread/WARN]: Missing sound for event: minecraft:entity.cow.hurt
[14:50:53] [Client thread/WARN]: Missing sound for event: minecraft:entity.cow.milk
[14:50:53] [Client thread/WARN]: Missing sound for event: minecraft:entity.cow.step
[14:50:53] [Client thread/WARN]: Missing sound for event: minecraft:entity.creeper.death
[14:50:53] [Client thread/WARN]: Missing sound for event: minecraft:entity.creeper.hurt
[14:50:53] [Client thread/WARN]: Missing sound for event: minecraft:entity.creeper.primed
[14:50:53] [Client thread/WARN]: Missing sound for event: minecraft:entity.donkey.ambient
[14:50:53] [Client thread/WARN]: Missing sound for event: minecraft:entity.donkey.angry
[14:50:53] [Client thread/WARN]: Missing sound for event: minecraft:entity.donkey.chest
[14:50:53] [Client thread/WARN]: Missing sound for event: minecraft:entity.donkey.death
[14:50:53] [Client thread/WARN]: Missing sound for event: minecraft:entity.donkey.hurt
[14:50:53] [Client thread/WARN]: Missing sound for event: minecraft:entity.egg.throw
[14:50:53] [Client thread/WARN]: Missing sound for event: minecraft:entity.elder_guardian.ambient
[14:50:53] [Client thread/WARN]: Missing sound for event: minecraft:entity.elder_guardian.ambient_land
[14:50:53] [Client thread/WARN]: Missing sound for event: minecraft:entity.elder_guardian.curse
[14:50:53] [Client thread/WARN]: Missing sound for event: minecraft:entity.elder_guardian.death
[14:50:53] [Client thread/WARN]: Missing sound for event: minecraft:entity.elder_guardian.death_land
[14:50:53] [Client thread/WARN]: Missing sound for event: minecraft:entity.elder_guardian.hurt
[14:50:53] [Client thread/WARN]: Missing sound for event: minecraft:entity.elder_guardian.flop
[14:50:53] [Client thread/WARN]: Missing sound for event: minecraft:entity.elder_guardian.hurt_land
[14:50:53] [Client thread/WARN]: Missing sound for event: minecraft:entity.enderdragon.ambient
[14:50:53] [Client thread/WARN]: Missing sound for event: minecraft:entity.enderdragon.death
[14:50:53] [Client thread/WARN]: Missing sound for event: minecraft:entity.enderdragon.flap
[14:50:53] [Client thread/WARN]: Missing sound for event: minecraft:entity.enderdragon.growl
[14:50:53] [Client thread/WARN]: Missing sound for event: minecraft:entity.enderdragon.hurt
[14:50:53] [Client thread/WARN]: Missing sound for event: minecraft:entity.enderdragon.shoot
[14:50:53] [Client thread/WARN]: Missing sound for event: minecraft:entity.enderdragon_fireball.explode
[14:50:53] [Client thread/WARN]: Missing sound for event: minecraft:entity.endereye.launch
[14:50:53] [Client thread/WARN]: Missing sound for event: minecraft:entity.endermen.ambient
[14:50:53] [Client thread/WARN]: Missing sound for event: minecraft:entity.endermen.death
[14:50:53] [Client thread/WARN]: Missing sound for event: minecraft:entity.endermen.hurt
[14:50:53] [Client thread/WARN]: Missing sound for event: minecraft:entity.endermen.scream
[14:50:53] [Client thread/WARN]: Missing sound for event: minecraft:entity.endermen.stare
[14:50:53] [Client thread/WARN]: Missing sound for event: minecraft:entity.endermen.teleport
[14:50:53] [Client thread/WARN]: Missing sound for event: minecraft:entity.endermite.ambient
[14:50:53] [Client thread/WARN]: Missing sound for event: minecraft:entity.endermite.death
[14:50:53] [Client thread/WARN]: Missing sound for event: minecraft:entity.endermite.hurt
[14:50:53] [Client thread/WARN]: Missing sound for event: minecraft:entity.endermite.step
[14:50:53] [Client thread/WARN]: Missing sound for event: minecraft:entity.enderpearl.throw
[14:50:53] [Client thread/WARN]: Missing sound for event: minecraft:entity.evocation_fangs.attack
[14:50:53] [Client thread/WARN]: Missing sound for event: minecraft:entity.evocation_illager.ambient
[14:50:53] [Client thread/WARN]: Missing sound for event: minecraft:entity.evocation_illager.cast_spell
[14:50:53] [Client thread/WARN]: Missing sound for event: minecraft:entity.evocation_illager.death
[14:50:53] [Client thread/WARN]: Missing sound for event: minecraft:entity.evocation_illager.hurt
[14:50:53] [Client thread/WARN]: Missing sound for event: minecraft:entity.evocation_illager.prepare_attack
[14:50:53] [Client thread/WARN]: Missing sound for event: minecraft:entity.evocation_illager.prepare_summon
[14:50:53] [Client thread/WARN]: Missing sound for event: minecraft:entity.evocation_illager.prepare_wololo
[14:50:53] [Client thread/WARN]: Missing sound for event: minecraft:entity.experience_bottle.throw
[14:50:53] [Client thread/WARN]: Missing sound for event: minecraft:entity.experience_orb.pickup
[14:50:53] [Client thread/WARN]: Missing sound for event: minecraft:entity.firework.blast
[14:50:53] [Client thread/WARN]: Missing sound for event: minecraft:entity.firework.blast_far
[14:50:53] [Client thread/WARN]: Missing sound for event: minecraft:entity.firework.large_blast
[14:50:53] [Client thread/WARN]: Missing sound for event: minecraft:entity.firework.large_blast_far
[14:50:53] [Client thread/WARN]: Missing sound for event: minecraft:entity.firework.launch
[14:50:53] [Client thread/WARN]: Missing sound for event: minecraft:entity.firework.shoot
[14:50:53] [Client thread/WARN]: Missing sound for event: minecraft:entity.firework.twinkle
[14:50:53] [Client thread/WARN]: Missing sound for event: minecraft:entity.firework.twinkle_far
[14:50:53] [Client thread/WARN]: Missing sound for event: minecraft:entity.generic.big_fall
[14:50:53] [Client thread/WARN]: Missing sound for event: minecraft:entity.generic.burn
[14:50:53] [Client thread/WARN]: Missing sound for event: minecraft:entity.generic.death
[14:50:53] [Client thread/WARN]: Missing sound for event: minecraft:entity.generic.drink
[14:50:53] [Client thread/WARN]: Missing sound for event: minecraft:entity.generic.eat
[14:50:53] [Client thread/WARN]: Missing sound for event: minecraft:entity.generic.explode
[14:50:53] [Client thread/WARN]: Missing sound for event: minecraft:entity.generic.extinguish_fire
[14:50:53] [Client thread/WARN]: Missing sound for event: minecraft:entity.generic.hurt
[14:50:53] [Client thread/WARN]: Missing sound for event: minecraft:entity.generic.small_fall
[14:50:53] [Client thread/WARN]: Missing sound for event: minecraft:entity.generic.splash
[14:50:53] [Client thread/WARN]: Missing sound for event: minecraft:entity.generic.swim
[14:50:53] [Client thread/WARN]: Missing sound for event: minecraft:entity.ghast.ambient
[14:50:53] [Client thread/WARN]: Missing sound for event: minecraft:entity.ghast.death
[14:50:53] [Client thread/WARN]: Missing sound for event: minecraft:entity.ghast.hurt
[14:50:53] [Client thread/WARN]: Missing sound for event: minecraft:entity.ghast.scream
[14:50:53] [Client thread/WARN]: Missing sound for event: minecraft:entity.ghast.shoot
[14:50:53] [Client thread/WARN]: Missing sound for event: minecraft:entity.ghast.warn
[14:50:53] [Client thread/WARN]: Missing sound for event: minecraft:entity.guardian.ambient
[14:50:53] [Client thread/WARN]: Missing sound for event: minecraft:entity.guardian.ambient_land
[14:50:53] [Client thread/WARN]: Missing sound for event: minecraft:entity.guardian.attack
[14:50:53] [Client thread/WARN]: Missing sound for event: minecraft:entity.guardian.death
[14:50:53] [Client thread/WARN]: Missing sound for event: minecraft:entity.guardian.death_land
[14:50:53] [Client thread/WARN]: Missing sound for event: minecraft:entity.guardian.flop
[14:50:53] [Client thread/WARN]: Missing sound for event: minecraft:entity.guardian.hurt
[14:50:53] [Client thread/WARN]: Missing sound for event: minecraft:entity.guardian.hurt_land
[14:50:53] [Client thread/WARN]: Missing sound for event: minecraft:entity.horse.ambient
[14:50:53] [Client thread/WARN]: Missing sound for event: minecraft:entity.horse.angry
[14:50:53] [Client thread/WARN]: Missing sound for event: minecraft:entity.horse.armor
[14:50:53] [Client thread/WARN]: Missing sound for event: minecraft:entity.horse.breathe
[14:50:53] [Client thread/WARN]: Missing sound for event: minecraft:entity.horse.death
[14:50:53] [Client thread/WARN]: Missing sound for event: minecraft:entity.horse.eat
[14:50:53] [Client thread/WARN]: Missing sound for event: minecraft:entity.horse.gallop
[14:50:53] [Client thread/WARN]: Missing sound for event: minecraft:entity.horse.hurt
[14:50:53] [Client thread/WARN]: Missing sound for event: minecraft:entity.horse.jump
[14:50:53] [Client thread/WARN]: Missing sound for event: minecraft:entity.horse.land
[14:50:53] [Client thread/WARN]: Missing sound for event: minecraft:entity.horse.saddle
[14:50:53] [Client thread/WARN]: Missing sound for event: minecraft:entity.horse.step
[14:50:53] [Client thread/WARN]: Missing sound for event: minecraft:entity.horse.step_wood
[14:50:53] [Client thread/WARN]: Missing sound for event: minecraft:entity.hostile.big_fall
[14:50:53] [Client thread/WARN]: Missing sound for event: minecraft:entity.hostile.death
[14:50:53] [Client thread/WARN]: Missing sound for event: minecraft:entity.hostile.hurt
[14:50:53] [Client thread/WARN]: Missing sound for event: minecraft:entity.hostile.small_fall
[14:50:53] [Client thread/WARN]: Missing sound for event: minecraft:entity.hostile.splash
[14:50:53] [Client thread/WARN]: Missing sound for event: minecraft:entity.hostile.swim
[14:50:53] [Client thread/WARN]: Missing sound for event: minecraft:entity.husk.ambient
[14:50:53] [Client thread/WARN]: Missing sound for event: minecraft:entity.husk.death
[14:50:53] [Client thread/WARN]: Missing sound for event: minecraft:entity.husk.hurt
[14:50:53] [Client thread/WARN]: Missing sound for event: minecraft:entity.husk.step
[14:50:53] [Client thread/WARN]: Missing sound for event: minecraft:entity.irongolem.attack
[14:50:53] [Client thread/WARN]: Missing sound for event: minecraft:entity.irongolem.death
[14:50:53] [Client thread/WARN]: Missing sound for event: minecraft:entity.irongolem.hurt
[14:50:53] [Client thread/WARN]: Missing sound for event: minecraft:entity.irongolem.step
[14:50:53] [Client thread/WARN]: Missing sound for event: minecraft:entity.item.break
[14:50:53] [Client thread/WARN]: Missing sound for event: minecraft:entity.item.pickup
[14:50:53] [Client thread/WARN]: Missing sound for event: minecraft:entity.itemframe.add_item
[14:50:53] [Client thread/WARN]: Missing sound for event: minecraft:entity.itemframe.break
[14:50:53] [Client thread/WARN]: Missing sound for event: minecraft:entity.itemframe.place
[14:50:53] [Client thread/WARN]: Missing sound for event: minecraft:entity.itemframe.remove_item
[14:50:53] [Client thread/WARN]: Missing sound for event: minecraft:entity.itemframe.rotate_item
[14:50:53] [Client thread/WARN]: Missing sound for event: minecraft:entity.leashknot.break
[14:50:53] [Client thread/WARN]: Missing sound for event: minecraft:entity.leashknot.place
[14:50:53] [Client thread/WARN]: Missing sound for event: minecraft:entity.lightning.impact
[14:50:53] [Client thread/WARN]: Missing sound for event: minecraft:entity.lightning.thunder
[14:50:53] [Client thread/WARN]: Missing sound for event: minecraft:entity.lingeringpotion.throw
[14:50:53] [Client thread/WARN]: Missing sound for event: minecraft:entity.llama.ambient
[14:50:53] [Client thread/WARN]: Missing sound for event: minecraft:entity.llama.angry
[14:50:53] [Client thread/WARN]: Missing sound for event: minecraft:entity.llama.chest
[14:50:53] [Client thread/WARN]: Missing sound for event: minecraft:entity.llama.death
[14:50:53] [Client thread/WARN]: Missing sound for event: minecraft:entity.llama.eat
[14:50:53] [Client thread/WARN]: Missing sound for event: minecraft:entity.llama.hurt
[14:50:53] [Client thread/WARN]: Missing sound for event: minecraft:entity.llama.spit
[14:50:53] [Client thread/WARN]: Missing sound for event: minecraft:entity.llama.step
[14:50:53] [Client thread/WARN]: Missing sound for event: minecraft:entity.llama.swag
[14:50:53] [Client thread/WARN]: Missing sound for event: minecraft:entity.magmacube.death
[14:50:53] [Client thread/WARN]: Missing sound for event: minecraft:entity.magmacube.hurt
[14:50:53] [Client thread/WARN]: Missing sound for event: minecraft:entity.magmacube.jump
[14:50:53] [Client thread/WARN]: Missing sound for event: minecraft:entity.magmacube.squish
[14:50:53] [Client thread/WARN]: Missing sound for event: minecraft:entity.minecart.inside
[14:50:53] [Client thread/WARN]: Missing sound for event: minecraft:entity.minecart.riding
[14:50:53] [Client thread/WARN]: Missing sound for event: minecraft:entity.mooshroom.shear
[14:50:53] [Client thread/WARN]: Missing sound for event: minecraft:entity.mule.ambient
[14:50:53] [Client thread/WARN]: Missing sound for event: minecraft:entity.mule.chest
[14:50:53] [Client thread/WARN]: Missing sound for event: minecraft:entity.mule.death
[14:50:53] [Client thread/WARN]: Missing sound for event: minecraft:entity.mule.hurt
[14:50:53] [Client thread/WARN]: Missing sound for event: minecraft:entity.painting.break
[14:50:53] [Client thread/WARN]: Missing sound for event: minecraft:entity.painting.place
[14:50:53] [Client thread/WARN]: Missing sound for event: minecraft:entity.pig.ambient
[14:50:53] [Client thread/WARN]: Missing sound for event: minecraft:entity.pig.death
[14:50:53] [Client thread/WARN]: Missing sound for event: minecraft:entity.pig.hurt
[14:50:53] [Client thread/WARN]: Missing sound for event: minecraft:entity.pig.saddle
[14:50:53] [Client thread/WARN]: Missing sound for event: minecraft:entity.pig.step
[14:50:53] [Client thread/WARN]: Missing sound for event: minecraft:entity.player.attack.crit
[14:50:53] [Client thread/WARN]: Missing sound for event: minecraft:entity.player.attack.knockback
[14:50:53] [Client thread/WARN]: Missing sound for event: minecraft:entity.player.attack.nodamage
[14:50:53] [Client thread/WARN]: Missing sound for event: minecraft:entity.player.attack.strong
[14:50:53] [Client thread/WARN]: Missing sound for event: minecraft:entity.player.attack.sweep
[14:50:53] [Client thread/WARN]: Missing sound for event: minecraft:entity.player.attack.weak
[14:50:53] [Client thread/WARN]: Missing sound for event: minecraft:entity.player.big_fall
[14:50:53] [Client thread/WARN]: Missing sound for event: minecraft:entity.player.breath
[14:50:53] [Client thread/WARN]: Missing sound for event: minecraft:entity.player.burp
[14:50:53] [Client thread/WARN]: Missing sound for event: minecraft:entity.player.death
[14:50:53] [Client thread/WARN]: Missing sound for event: minecraft:entity.player.hurt
[14:50:53] [Client thread/WARN]: Missing sound for event: minecraft:entity.player.levelup
[14:50:53] [Client thread/WARN]: Missing sound for event: minecraft:entity.player.small_fall
[14:50:53] [Client thread/WARN]: Missing sound for event: minecraft:entity.player.splash
[14:50:53] [Client thread/WARN]: Missing sound for event: minecraft:entity.player.swim
[14:50:53] [Client thread/WARN]: Missing sound for event: minecraft:entity.polar_bear.ambient
[14:50:53] [Client thread/WARN]: Missing sound for event: minecraft:entity.polar_bear.baby_ambient
[14:50:53] [Client thread/WARN]: Missing sound for event: minecraft:entity.polar_bear.death
[14:50:53] [Client thread/WARN]: Missing sound for event: minecraft:entity.polar_bear.hurt
[14:50:53] [Client thread/WARN]: Missing sound for event: minecraft:entity.polar_bear.step
[14:50:53] [Client thread/WARN]: Missing sound for event: minecraft:entity.polar_bear.warning
[14:50:53] [Client thread/WARN]: Missing sound for event: minecraft:entity.rabbit.ambient
[14:50:53] [Client thread/WARN]: Missing sound for event: minecraft:entity.rabbit.attack
[14:50:53] [Client thread/WARN]: Missing sound for event: minecraft:entity.rabbit.death
[14:50:53] [Client thread/WARN]: Missing sound for event: minecraft:entity.rabbit.hurt
[14:50:53] [Client thread/WARN]: Missing sound for event: minecraft:entity.rabbit.jump
[14:50:53] [Client thread/WARN]: Missing sound for event: minecraft:entity.sheep.ambient
[14:50:53] [Client thread/WARN]: Missing sound for event: minecraft:entity.sheep.death
[14:50:53] [Client thread/WARN]: Missing sound for event: minecraft:entity.sheep.hurt
[14:50:53] [Client thread/WARN]: Missing sound for event: minecraft:entity.sheep.shear
[14:50:53] [Client thread/WARN]: Missing sound for event: minecraft:entity.sheep.step
[14:50:53] [Client thread/WARN]: Missing sound for event: minecraft:entity.shulker.ambient
[14:50:53] [Client thread/WARN]: Missing sound for event: minecraft:entity.shulker.close
[14:50:53] [Client thread/WARN]: Missing sound for event: minecraft:entity.shulker.death
[14:50:53] [Client thread/WARN]: Missing sound for event: minecraft:entity.shulker.hurt
[14:50:53] [Client thread/WARN]: Missing sound for event: minecraft:entity.shulker.hurt_closed
[14:50:53] [Client thread/WARN]: Missing sound for event: minecraft:entity.shulker.open
[14:50:53] [Client thread/WARN]: Missing sound for event: minecraft:entity.shulker.shoot
[14:50:53] [Client thread/WARN]: Missing sound for event: minecraft:entity.shulker.teleport
[14:50:53] [Client thread/WARN]: Missing sound for event: minecraft:entity.shulker_bullet.hit
[14:50:53] [Client thread/WARN]: Missing sound for event: minecraft:entity.shulker_bullet.hurt
[14:50:53] [Client thread/WARN]: Missing sound for event: minecraft:entity.silverfish.ambient
[14:50:53] [Client thread/WARN]: Missing sound for event: minecraft:entity.silverfish.death
[14:50:53] [Client thread/WARN]: Missing sound for event: minecraft:entity.silverfish.hurt
[14:50:53] [Client thread/WARN]: Missing sound for event: minecraft:entity.silverfish.step
[14:50:53] [Client thread/WARN]: Missing sound for event: minecraft:entity.skeleton.ambient
[14:50:53] [Client thread/WARN]: Missing sound for event: minecraft:entity.skeleton.death
[14:50:53] [Client thread/WARN]: Missing sound for event: minecraft:entity.skeleton.hurt
[14:50:53] [Client thread/WARN]: Missing sound for event: minecraft:entity.skeleton.shoot
[14:50:53] [Client thread/WARN]: Missing sound for event: minecraft:entity.skeleton.step
[14:50:53] [Client thread/WARN]: Missing sound for event: minecraft:entity.skeleton_horse.ambient
[14:50:53] [Client thread/WARN]: Missing sound for event: minecraft:entity.skeleton_horse.death
[14:50:53] [Client thread/WARN]: Missing sound for event: minecraft:entity.skeleton_horse.hurt
[14:50:53] [Client thread/WARN]: Missing sound for event: minecraft:entity.slime.attack
[14:50:53] [Client thread/WARN]: Missing sound for event: minecraft:entity.slime.death
[14:50:53] [Client thread/WARN]: Missing sound for event: minecraft:entity.slime.hurt
[14:50:53] [Client thread/WARN]: Missing sound for event: minecraft:entity.slime.jump
[14:50:53] [Client thread/WARN]: Missing sound for event: minecraft:entity.slime.squish
[14:50:53] [Client thread/WARN]: Missing sound for event: minecraft:entity.small_magmacube.death
[14:50:53] [Client thread/WARN]: Missing sound for event: minecraft:entity.small_magmacube.hurt
[14:50:53] [Client thread/WARN]: Missing sound for event: minecraft:entity.small_magmacube.squish
[14:50:53] [Client thread/WARN]: Missing sound for event: minecraft:entity.small_slime.death
[14:50:53] [Client thread/WARN]: Missing sound for event: minecraft:entity.small_slime.hurt
[14:50:53] [Client thread/WARN]: Missing sound for event: minecraft:entity.small_slime.jump
[14:50:53] [Client thread/WARN]: Missing sound for event: minecraft:entity.small_slime.squish
[14:50:53] [Client thread/WARN]: Missing sound for event: minecraft:entity.snowball.throw
[14:50:53] [Client thread/WARN]: Missing sound for event: minecraft:entity.snowman.ambient
[14:50:53] [Client thread/WARN]: Missing sound for event: minecraft:entity.snowman.death
[14:50:53] [Client thread/WARN]: Missing sound for event: minecraft:entity.snowman.hurt
[14:50:53] [Client thread/WARN]: Missing sound for event: minecraft:entity.snowman.shoot
[14:50:53] [Client thread/WARN]: Missing sound for event: minecraft:entity.spider.ambient
[14:50:53] [Client thread/WARN]: Missing sound for event: minecraft:entity.spider.death
[14:50:53] [Client thread/WARN]: Missing sound for event: minecraft:entity.spider.hurt
[14:50:53] [Client thread/WARN]: Missing sound for event: minecraft:entity.spider.step
[14:50:53] [Client thread/WARN]: Missing sound for event: minecraft:entity.splash_potion.break
[14:50:53] [Client thread/WARN]: Missing sound for event: minecraft:entity.splash_potion.throw
[14:50:53] [Client thread/WARN]: Missing sound for event: minecraft:entity.squid.ambient
[14:50:53] [Client thread/WARN]: Missing sound for event: minecraft:entity.squid.death
[14:50:53] [Client thread/WARN]: Missing sound for event: minecraft:entity.squid.hurt
[14:50:53] [Client thread/WARN]: Missing sound for event: minecraft:entity.stray.ambient
[14:50:53] [Client thread/WARN]: Missing sound for event: minecraft:entity.stray.death
[14:50:53] [Client thread/WARN]: Missing sound for event: minecraft:entity.stray.hurt
[14:50:53] [Client thread/WARN]: Missing sound for event: minecraft:entity.stray.step
[14:50:53] [Client thread/WARN]: Missing sound for event: minecraft:entity.tnt.primed
[14:50:53] [Client thread/WARN]: Missing sound for event: minecraft:entity.vex.ambient
[14:50:53] [Client thread/WARN]: Missing sound for event: minecraft:entity.vex.charge
[14:50:53] [Client thread/WARN]: Missing sound for event: minecraft:entity.vex.death
[14:50:53] [Client thread/WARN]: Missing sound for event: minecraft:entity.vex.hurt
[14:50:53] [Client thread/WARN]: Missing sound for event: minecraft:entity.villager.ambient
[14:50:53] [Client thread/WARN]: Missing sound for event: minecraft:entity.villager.death
[14:50:53] [Client thread/WARN]: Missing sound for event: minecraft:entity.villager.hurt
[14:50:53] [Client thread/WARN]: Missing sound for event: minecraft:entity.villager.no
[14:50:53] [Client thread/WARN]: Missing sound for event: minecraft:entity.villager.trading
[14:50:53] [Client thread/WARN]: Missing sound for event: minecraft:entity.villager.yes
[14:50:53] [Client thread/WARN]: Missing sound for event: minecraft:entity.vindication_illager.ambient
[14:50:53] [Client thread/WARN]: Missing sound for event: minecraft:entity.vindication_illager.death
[14:50:53] [Client thread/WARN]: Missing sound for event: minecraft:entity.vindication_illager.hurt
[14:50:53] [Client thread/WARN]: Missing sound for event: minecraft:entity.witch.ambient
[14:50:53] [Client thread/WARN]: Missing sound for event: minecraft:entity.witch.death
[14:50:53] [Client thread/WARN]: Missing sound for event: minecraft:entity.witch.drink
[14:50:53] [Client thread/WARN]: Missing sound for event: minecraft:entity.witch.hurt
[14:50:53] [Client thread/WARN]: Missing sound for event: minecraft:entity.witch.throw
[14:50:53] [Client thread/WARN]: Missing sound for event: minecraft:entity.wither.ambient
[14:50:53] [Client thread/WARN]: Missing sound for event: minecraft:entity.wither.break_block
[14:50:53] [Client thread/WARN]: Missing sound for event: minecraft:entity.wither.death
[14:50:53] [Client thread/WARN]: Missing sound for event: minecraft:entity.wither.hurt
[14:50:53] [Client thread/WARN]: Missing sound for event: minecraft:entity.wither.shoot
[14:50:53] [Client thread/WARN]: Missing sound for event: minecraft:entity.wither.spawn
[14:50:53] [Client thread/WARN]: Missing sound for event: minecraft:entity.wither_skeleton.ambient
[14:50:53] [Client thread/WARN]: Missing sound for event: minecraft:entity.wither_skeleton.death
[14:50:53] [Client thread/WARN]: Missing sound for event: minecraft:entity.wither_skeleton.hurt
[14:50:53] [Client thread/WARN]: Missing sound for event: minecraft:entity.wither_skeleton.step
[14:50:53] [Client thread/WARN]: Missing sound for event: minecraft:entity.wolf.ambient
[14:50:53] [Client thread/WARN]: Missing sound for event: minecraft:entity.wolf.death
[14:50:53] [Client thread/WARN]: Missing sound for event: minecraft:entity.wolf.growl
[14:50:53] [Client thread/WARN]: Missing sound for event: minecraft:entity.wolf.howl
[14:50:53] [Client thread/WARN]: Missing sound for event: minecraft:entity.wolf.hurt
[14:50:53] [Client thread/WARN]: Missing sound for event: minecraft:entity.wolf.pant
[14:50:53] [Client thread/WARN]: Missing sound for event: minecraft:entity.wolf.shake
[14:50:53] [Client thread/WARN]: Missing sound for event: minecraft:entity.wolf.step
[14:50:53] [Client thread/WARN]: Missing sound for event: minecraft:entity.wolf.whine
[14:50:53] [Client thread/WARN]: Missing sound for event: minecraft:entity.zombie.ambient
[14:50:53] [Client thread/WARN]: Missing sound for event: minecraft:entity.zombie.attack_door_wood
[14:50:53] [Client thread/WARN]: Missing sound for event: minecraft:entity.zombie.attack_iron_door
[14:50:53] [Client thread/WARN]: Missing sound for event: minecraft:entity.zombie.break_door_wood
[14:50:53] [Client thread/WARN]: Missing sound for event: minecraft:entity.zombie.death
[14:50:53] [Client thread/WARN]: Missing sound for event: minecraft:entity.zombie.hurt
[14:50:53] [Client thread/WARN]: Missing sound for event: minecraft:entity.zombie.infect
[14:50:53] [Client thread/WARN]: Missing sound for event: minecraft:entity.zombie.step
[14:50:53] [Client thread/WARN]: Missing sound for event: minecraft:entity.zombie_horse.ambient
[14:50:53] [Client thread/WARN]: Missing sound for event: minecraft:entity.zombie_horse.death
[14:50:53] [Client thread/WARN]: Missing sound for event: minecraft:entity.zombie_horse.hurt
[14:50:53] [Client thread/WARN]: Missing sound for event: minecraft:entity.zombie_pig.ambient
[14:50:53] [Client thread/WARN]: Missing sound for event: minecraft:entity.zombie_pig.angry
[14:50:53] [Client thread/WARN]: Missing sound for event: minecraft:entity.zombie_pig.death
[14:50:53] [Client thread/WARN]: Missing sound for event: minecraft:entity.zombie_pig.hurt
[14:50:53] [Client thread/WARN]: Missing sound for event: minecraft:entity.zombie_villager.ambient
[14:50:53] [Client thread/WARN]: Missing sound for event: minecraft:entity.zombie_villager.converted
[14:50:53] [Client thread/WARN]: Missing sound for event: minecraft:entity.zombie_villager.cure
[14:50:53] [Client thread/WARN]: Missing sound for event: minecraft:entity.zombie_villager.death
[14:50:53] [Client thread/WARN]: Missing sound for event: minecraft:entity.zombie_villager.hurt
[14:50:53] [Client thread/WARN]: Missing sound for event: minecraft:entity.zombie_villager.step
[14:50:53] [Client thread/WARN]: Missing sound for event: minecraft:item.armor.equip_chain
[14:50:53] [Client thread/WARN]: Missing sound for event: minecraft:item.armor.equip_diamond
[14:50:53] [Client thread/WARN]: Missing sound for event: minecraft:item.armor.equip_elytra
[14:50:53] [Client thread/WARN]: Missing sound for event: minecraft:item.armor.equip_generic
[14:50:53] [Client thread/WARN]: Missing sound for event: minecraft:item.armor.equip_gold
[14:50:53] [Client thread/WARN]: Missing sound for event: minecraft:item.armor.equip_iron
[14:50:53] [Client thread/WARN]: Missing sound for event: minecraft:item.armor.equip_leather
[14:50:53] [Client thread/WARN]: Missing sound for event: minecraft:item.bottle.empty
[14:50:53] [Client thread/WARN]: Missing sound for event: minecraft:item.bottle.fill
[14:50:53] [Client thread/WARN]: Missing sound for event: minecraft:item.bottle.fill_dragonbreath
[14:50:53] [Client thread/WARN]: Missing sound for event: minecraft:item.bucket.empty
[14:50:53] [Client thread/WARN]: Missing sound for event: minecraft:item.bucket.empty_lava
[14:50:53] [Client thread/WARN]: Missing sound for event: minecraft:item.bucket.fill
[14:50:53] [Client thread/WARN]: Missing sound for event: minecraft:item.bucket.fill_lava
[14:50:53] [Client thread/WARN]: Missing sound for event: minecraft:item.chorus_fruit.teleport
[14:50:53] [Client thread/WARN]: Missing sound for event: minecraft:item.elytra.flying
[14:50:53] [Client thread/WARN]: Missing sound for event: minecraft:item.firecharge.use
[14:50:53] [Client thread/WARN]: Missing sound for event: minecraft:item.flintandsteel.use
[14:50:53] [Client thread/WARN]: Missing sound for event: minecraft:item.hoe.till
[14:50:53] [Client thread/WARN]: Missing sound for event: minecraft:item.shield.block
[14:50:53] [Client thread/WARN]: Missing sound for event: minecraft:item.shield.break
[14:50:53] [Client thread/WARN]: Missing sound for event: minecraft:item.shovel.flatten
[14:50:53] [Client thread/WARN]: Missing sound for event: minecraft:item.totem.use
[14:50:53] [Client thread/WARN]: Missing sound for event: minecraft:music.creative
[14:50:53] [Client thread/WARN]: Missing sound for event: minecraft:music.credits
[14:50:53] [Client thread/WARN]: Missing sound for event: minecraft:music.dragon
[14:50:53] [Client thread/WARN]: Missing sound for event: minecraft:music.end
[14:50:53] [Client thread/WARN]: Missing sound for event: minecraft:music.game
[14:50:53] [Client thread/WARN]: Missing sound for event: minecraft:music.menu
[14:50:53] [Client thread/WARN]: Missing sound for event: minecraft:music.nether
[14:50:53] [Client thread/WARN]: Missing sound for event: minecraft:record.11
[14:50:53] [Client thread/WARN]: Missing sound for event: minecraft:record.13
[14:50:53] [Client thread/WARN]: Missing sound for event: minecraft:record.blocks
[14:50:53] [Client thread/WARN]: Missing sound for event: minecraft:record.cat
[14:50:53] [Client thread/WARN]: Missing sound for event: minecraft:record.chirp
[14:50:53] [Client thread/WARN]: Missing sound for event: minecraft:record.far
[14:50:53] [Client thread/WARN]: Missing sound for event: minecraft:record.mall
[14:50:53] [Client thread/WARN]: Missing sound for event: minecraft:record.mellohi
[14:50:53] [Client thread/WARN]: Missing sound for event: minecraft:record.stal
[14:50:53] [Client thread/WARN]: Missing sound for event: minecraft:record.strad
[14:50:53] [Client thread/WARN]: Missing sound for event: minecraft:record.wait
[14:50:53] [Client thread/WARN]: Missing sound for event: minecraft:record.ward
[14:50:53] [Client thread/WARN]: Missing sound for event: minecraft:ui.button.click
[14:50:53] [Client thread/WARN]: Missing sound for event: minecraft:weather.rain
[14:50:53] [Client thread/WARN]: Missing sound for event: minecraft:weather.rain.above
[14:50:53] [Sound Library Loader/INFO]: Starting up SoundSystem...
[14:50:53] [Thread-8/INFO]: Initializing LWJGL OpenAL
[14:50:53] [Thread-8/INFO]: (The LWJGL binding of OpenAL.  For more information, see http://www.lwjgl.org)
[14:50:53] [Thread-8/INFO]: OpenAL initialized.
[14:50:54] [Sound Library Loader/INFO]: Sound engine started
[14:50:59] [Client thread/INFO]: Created: 16x16 textures-atlas
[14:50:59] [Client thread/INFO]: [STDOUT]: CLIENT request state: WAITING_FOR_MOD_READY
[14:50:59] [Client thread/INFO]: Reloading ResourceManager: Default, FMLFileResourcePack:Forge Mod Loader, FMLFileResourcePack:Minecraft Forge, FMLFileResourcePack:Microsoft Malmo Mod
[14:50:59] [Client thread/WARN]: ResourcePack: ignored non-lowercase namespace: MalmoMod in C:\Users\Hones\OneDrive\Documents\CS175\175-final-project\Minecraft\build\libs\MalmoMod-0.37.0.jar
[14:50:59] [Client thread/WARN]: ResourcePack: ignored non-lowercase namespace: MalmoMod in C:\Users\Hones\OneDrive\Documents\CS175\175-final-project\Minecraft\build\libs\MalmoMod-0.37.0.jar
[14:50:59] [Client thread/WARN]: ResourcePack: ignored non-lowercase namespace: MalmoMod in C:\Users\Hones\OneDrive\Documents\CS175\175-final-project\Minecraft\build\libs\MalmoMod-0.37.0.jar
[14:50:59] [Client thread/WARN]: Missing sound for event: minecraft:ambient.cave
[14:50:59] [Client thread/WARN]: Missing sound for event: minecraft:block.anvil.break
[14:50:59] [Client thread/WARN]: Missing sound for event: minecraft:block.anvil.destroy
[14:50:59] [Client thread/WARN]: Missing sound for event: minecraft:block.anvil.fall
[14:50:59] [Client thread/WARN]: Missing sound for event: minecraft:block.anvil.hit
[14:50:59] [Client thread/WARN]: Missing sound for event: minecraft:block.anvil.land
[14:50:59] [Client thread/WARN]: Missing sound for event: minecraft:block.anvil.place
[14:50:59] [Client thread/WARN]: Missing sound for event: minecraft:block.anvil.step
[14:50:59] [Client thread/WARN]: Missing sound for event: minecraft:block.anvil.use
[14:50:59] [Client thread/WARN]: Missing sound for event: minecraft:block.brewing_stand.brew
[14:50:59] [Client thread/WARN]: Missing sound for event: minecraft:block.chest.close
[14:50:59] [Client thread/WARN]: Missing sound for event: minecraft:block.chest.locked
[14:50:59] [Client thread/WARN]: Missing sound for event: minecraft:block.chest.open
[14:50:59] [Client thread/WARN]: Missing sound for event: minecraft:block.chorus_flower.death
[14:50:59] [Client thread/WARN]: Missing sound for event: minecraft:block.chorus_flower.grow
[14:50:59] [Client thread/WARN]: Missing sound for event: minecraft:block.cloth.break
[14:50:59] [Client thread/WARN]: Missing sound for event: minecraft:block.cloth.fall
[14:50:59] [Client thread/WARN]: Missing sound for event: minecraft:block.cloth.hit
[14:50:59] [Client thread/WARN]: Missing sound for event: minecraft:block.cloth.place
[14:50:59] [Client thread/WARN]: Missing sound for event: minecraft:block.cloth.step
[14:50:59] [Client thread/WARN]: Missing sound for event: minecraft:block.comparator.click
[14:50:59] [Client thread/WARN]: Missing sound for event: minecraft:block.dispenser.dispense
[14:50:59] [Client thread/WARN]: Missing sound for event: minecraft:block.dispenser.fail
[14:50:59] [Client thread/WARN]: Missing sound for event: minecraft:block.dispenser.launch
[14:50:59] [Client thread/WARN]: Missing sound for event: minecraft:block.enchantment_table.use
[14:50:59] [Client thread/WARN]: Missing sound for event: minecraft:block.end_gateway.spawn
[14:50:59] [Client thread/WARN]: Missing sound for event: minecraft:block.enderchest.close
[14:50:59] [Client thread/WARN]: Missing sound for event: minecraft:block.enderchest.open
[14:50:59] [Client thread/WARN]: Missing sound for event: minecraft:block.fence_gate.close
[14:50:59] [Client thread/WARN]: Missing sound for event: minecraft:block.fence_gate.open
[14:50:59] [Client thread/WARN]: Missing sound for event: minecraft:block.fire.ambient
[14:50:59] [Client thread/WARN]: Missing sound for event: minecraft:block.fire.extinguish
[14:50:59] [Client thread/WARN]: Missing sound for event: minecraft:block.furnace.fire_crackle
[14:50:59] [Client thread/WARN]: Missing sound for event: minecraft:block.glass.break
[14:50:59] [Client thread/WARN]: Missing sound for event: minecraft:block.glass.fall
[14:50:59] [Client thread/WARN]: Missing sound for event: minecraft:block.glass.hit
[14:50:59] [Client thread/WARN]: Missing sound for event: minecraft:block.glass.place
[14:50:59] [Client thread/WARN]: Missing sound for event: minecraft:block.glass.step
[14:50:59] [Client thread/WARN]: Missing sound for event: minecraft:block.grass.break
[14:50:59] [Client thread/WARN]: Missing sound for event: minecraft:block.grass.fall
[14:50:59] [Client thread/WARN]: Missing sound for event: minecraft:block.grass.hit
[14:50:59] [Client thread/WARN]: Missing sound for event: minecraft:block.grass.place
[14:50:59] [Client thread/WARN]: Missing sound for event: minecraft:block.grass.step
[14:50:59] [Client thread/WARN]: Missing sound for event: minecraft:block.gravel.break
[14:50:59] [Client thread/WARN]: Missing sound for event: minecraft:block.gravel.fall
[14:50:59] [Client thread/WARN]: Missing sound for event: minecraft:block.gravel.hit
[14:50:59] [Client thread/WARN]: Missing sound for event: minecraft:block.gravel.place
[14:50:59] [Client thread/WARN]: Missing sound for event: minecraft:block.gravel.step
[14:50:59] [Client thread/WARN]: Missing sound for event: minecraft:block.iron_door.close
[14:50:59] [Client thread/WARN]: Missing sound for event: minecraft:block.iron_door.open
[14:50:59] [Client thread/WARN]: Missing sound for event: minecraft:block.iron_trapdoor.close
[14:50:59] [Client thread/WARN]: Missing sound for event: minecraft:block.iron_trapdoor.open
[14:50:59] [Client thread/WARN]: Missing sound for event: minecraft:block.ladder.break
[14:50:59] [Client thread/WARN]: Missing sound for event: minecraft:block.ladder.fall
[14:50:59] [Client thread/WARN]: Missing sound for event: minecraft:block.ladder.hit
[14:50:59] [Client thread/WARN]: Missing sound for event: minecraft:block.ladder.place
[14:50:59] [Client thread/WARN]: Missing sound for event: minecraft:block.ladder.step
[14:50:59] [Client thread/WARN]: Missing sound for event: minecraft:block.lava.ambient
[14:50:59] [Client thread/WARN]: Missing sound for event: minecraft:block.lava.extinguish
[14:50:59] [Client thread/WARN]: Missing sound for event: minecraft:block.lava.pop
[14:50:59] [Client thread/WARN]: Missing sound for event: minecraft:block.lever.click
[14:50:59] [Client thread/WARN]: Missing sound for event: minecraft:block.metal.break
[14:50:59] [Client thread/WARN]: Missing sound for event: minecraft:block.metal.fall
[14:50:59] [Client thread/WARN]: Missing sound for event: minecraft:block.metal.hit
[14:50:59] [Client thread/WARN]: Missing sound for event: minecraft:block.metal.place
[14:50:59] [Client thread/WARN]: Missing sound for event: minecraft:block.metal.step
[14:50:59] [Client thread/WARN]: Missing sound for event: minecraft:block.metal_pressureplate.click_off
[14:50:59] [Client thread/WARN]: Missing sound for event: minecraft:block.metal_pressureplate.click_on
[14:50:59] [Client thread/WARN]: Missing sound for event: minecraft:block.note.basedrum
[14:50:59] [Client thread/WARN]: Missing sound for event: minecraft:block.note.bass
[14:50:59] [Client thread/WARN]: Missing sound for event: minecraft:block.note.harp
[14:50:59] [Client thread/WARN]: Missing sound for event: minecraft:block.note.hat
[14:50:59] [Client thread/WARN]: Missing sound for event: minecraft:block.note.pling
[14:50:59] [Client thread/WARN]: Missing sound for event: minecraft:block.note.snare
[14:50:59] [Client thread/WARN]: Missing sound for event: minecraft:block.piston.contract
[14:50:59] [Client thread/WARN]: Missing sound for event: minecraft:block.piston.extend
[14:50:59] [Client thread/WARN]: Missing sound for event: minecraft:block.portal.ambient
[14:50:59] [Client thread/WARN]: Missing sound for event: minecraft:block.portal.travel
[14:50:59] [Client thread/WARN]: Missing sound for event: minecraft:block.portal.trigger
[14:50:59] [Client thread/WARN]: Missing sound for event: minecraft:block.redstone_torch.burnout
[14:50:59] [Client thread/WARN]: Missing sound for event: minecraft:block.sand.break
[14:50:59] [Client thread/WARN]: Missing sound for event: minecraft:block.sand.fall
[14:50:59] [Client thread/WARN]: Missing sound for event: minecraft:block.sand.hit
[14:50:59] [Client thread/WARN]: Missing sound for event: minecraft:block.sand.place
[14:50:59] [Client thread/WARN]: Missing sound for event: minecraft:block.sand.step
[14:50:59] [Client thread/WARN]: Missing sound for event: minecraft:block.shulker_box.close
[14:50:59] [Client thread/WARN]: Missing sound for event: minecraft:block.shulker_box.open
[14:50:59] [Client thread/WARN]: Missing sound for event: minecraft:block.slime.break
[14:50:59] [Client thread/WARN]: Missing sound for event: minecraft:block.slime.fall
[14:50:59] [Client thread/WARN]: Missing sound for event: minecraft:block.slime.hit
[14:50:59] [Client thread/WARN]: Missing sound for event: minecraft:block.slime.place
[14:50:59] [Client thread/WARN]: Missing sound for event: minecraft:block.slime.step
[14:50:59] [Client thread/WARN]: Missing sound for event: minecraft:block.snow.break
[14:50:59] [Client thread/WARN]: Missing sound for event: minecraft:block.snow.fall
[14:50:59] [Client thread/WARN]: Missing sound for event: minecraft:block.snow.hit
[14:50:59] [Client thread/WARN]: Missing sound for event: minecraft:block.snow.place
[14:50:59] [Client thread/WARN]: Missing sound for event: minecraft:block.snow.step
[14:50:59] [Client thread/WARN]: Missing sound for event: minecraft:block.stone.break
[14:50:59] [Client thread/WARN]: Missing sound for event: minecraft:block.stone.fall
[14:50:59] [Client thread/WARN]: Missing sound for event: minecraft:block.stone.hit
[14:50:59] [Client thread/WARN]: Missing sound for event: minecraft:block.stone.place
[14:50:59] [Client thread/WARN]: Missing sound for event: minecraft:block.stone.step
[14:50:59] [Client thread/WARN]: Missing sound for event: minecraft:block.stone_button.click_off
[14:50:59] [Client thread/WARN]: Missing sound for event: minecraft:block.stone_button.click_on
[14:50:59] [Client thread/WARN]: Missing sound for event: minecraft:block.stone_pressureplate.click_off
[14:50:59] [Client thread/WARN]: Missing sound for event: minecraft:block.stone_pressureplate.click_on
[14:50:59] [Client thread/WARN]: Missing sound for event: minecraft:block.tripwire.attach
[14:50:59] [Client thread/WARN]: Missing sound for event: minecraft:block.tripwire.click_off
[14:50:59] [Client thread/WARN]: Missing sound for event: minecraft:block.tripwire.click_on
[14:50:59] [Client thread/WARN]: Missing sound for event: minecraft:block.tripwire.detach
[14:50:59] [Client thread/WARN]: Missing sound for event: minecraft:block.water.ambient
[14:50:59] [Client thread/WARN]: Missing sound for event: minecraft:block.waterlily.place
[14:50:59] [Client thread/WARN]: Missing sound for event: minecraft:block.wood.break
[14:50:59] [Client thread/WARN]: Missing sound for event: minecraft:block.wood.fall
[14:50:59] [Client thread/WARN]: Missing sound for event: minecraft:block.wood.hit
[14:50:59] [Client thread/WARN]: Missing sound for event: minecraft:block.wood.place
[14:50:59] [Client thread/WARN]: Missing sound for event: minecraft:block.wood.step
[14:50:59] [Client thread/WARN]: Missing sound for event: minecraft:block.wood_button.click_off
[14:50:59] [Client thread/WARN]: Missing sound for event: minecraft:block.wood_button.click_on
[14:50:59] [Client thread/WARN]: Missing sound for event: minecraft:block.wood_pressureplate.click_off
[14:50:59] [Client thread/WARN]: Missing sound for event: minecraft:block.wood_pressureplate.click_on
[14:50:59] [Client thread/WARN]: Missing sound for event: minecraft:block.wooden_door.close
[14:50:59] [Client thread/WARN]: Missing sound for event: minecraft:block.wooden_door.open
[14:50:59] [Client thread/WARN]: Missing sound for event: minecraft:block.wooden_trapdoor.close
[14:50:59] [Client thread/WARN]: Missing sound for event: minecraft:block.wooden_trapdoor.open
[14:50:59] [Client thread/WARN]: Missing sound for event: minecraft:enchant.thorns.hit
[14:50:59] [Client thread/WARN]: Missing sound for event: minecraft:entity.armorstand.break
[14:50:59] [Client thread/WARN]: Missing sound for event: minecraft:entity.armorstand.fall
[14:50:59] [Client thread/WARN]: Missing sound for event: minecraft:entity.armorstand.hit
[14:50:59] [Client thread/WARN]: Missing sound for event: minecraft:entity.armorstand.place
[14:50:59] [Client thread/WARN]: Missing sound for event: minecraft:entity.arrow.hit
[14:50:59] [Client thread/WARN]: Missing sound for event: minecraft:entity.arrow.hit_player
[14:50:59] [Client thread/WARN]: Missing sound for event: minecraft:entity.arrow.shoot
[14:50:59] [Client thread/WARN]: Missing sound for event: minecraft:entity.bat.ambient
[14:50:59] [Client thread/WARN]: Missing sound for event: minecraft:entity.bat.death
[14:50:59] [Client thread/WARN]: Missing sound for event: minecraft:entity.bat.hurt
[14:50:59] [Client thread/WARN]: Missing sound for event: minecraft:entity.bat.loop
[14:50:59] [Client thread/WARN]: Missing sound for event: minecraft:entity.bat.takeoff
[14:50:59] [Client thread/WARN]: Missing sound for event: minecraft:entity.blaze.ambient
[14:50:59] [Client thread/WARN]: Missing sound for event: minecraft:entity.blaze.burn
[14:50:59] [Client thread/WARN]: Missing sound for event: minecraft:entity.blaze.death
[14:50:59] [Client thread/WARN]: Missing sound for event: minecraft:entity.blaze.hurt
[14:50:59] [Client thread/WARN]: Missing sound for event: minecraft:entity.blaze.shoot
[14:50:59] [Client thread/WARN]: Missing sound for event: minecraft:entity.bobber.splash
[14:50:59] [Client thread/WARN]: Missing sound for event: minecraft:entity.bobber.throw
[14:50:59] [Client thread/WARN]: Missing sound for event: minecraft:entity.cat.ambient
[14:50:59] [Client thread/WARN]: Missing sound for event: minecraft:entity.cat.death
[14:50:59] [Client thread/WARN]: Missing sound for event: minecraft:entity.cat.hiss
[14:50:59] [Client thread/WARN]: Missing sound for event: minecraft:entity.cat.hurt
[14:50:59] [Client thread/WARN]: Missing sound for event: minecraft:entity.cat.purr
[14:50:59] [Client thread/WARN]: Missing sound for event: minecraft:entity.cat.purreow
[14:50:59] [Client thread/WARN]: Missing sound for event: minecraft:entity.chicken.ambient
[14:50:59] [Client thread/WARN]: Missing sound for event: minecraft:entity.chicken.death
[14:50:59] [Client thread/WARN]: Missing sound for event: minecraft:entity.chicken.egg
[14:50:59] [Client thread/WARN]: Missing sound for event: minecraft:entity.chicken.hurt
[14:50:59] [Client thread/WARN]: Missing sound for event: minecraft:entity.chicken.step
[14:50:59] [Client thread/WARN]: Missing sound for event: minecraft:entity.cow.ambient
[14:50:59] [Client thread/WARN]: Missing sound for event: minecraft:entity.cow.death
[14:50:59] [Client thread/WARN]: Missing sound for event: minecraft:entity.cow.hurt
[14:50:59] [Client thread/WARN]: Missing sound for event: minecraft:entity.cow.milk
[14:50:59] [Client thread/WARN]: Missing sound for event: minecraft:entity.cow.step
[14:50:59] [Client thread/WARN]: Missing sound for event: minecraft:entity.creeper.death
[14:50:59] [Client thread/WARN]: Missing sound for event: minecraft:entity.creeper.hurt
[14:50:59] [Client thread/WARN]: Missing sound for event: minecraft:entity.creeper.primed
[14:50:59] [Client thread/WARN]: Missing sound for event: minecraft:entity.donkey.ambient
[14:50:59] [Client thread/WARN]: Missing sound for event: minecraft:entity.donkey.angry
[14:50:59] [Client thread/WARN]: Missing sound for event: minecraft:entity.donkey.chest
[14:50:59] [Client thread/WARN]: Missing sound for event: minecraft:entity.donkey.death
[14:50:59] [Client thread/WARN]: Missing sound for event: minecraft:entity.donkey.hurt
[14:50:59] [Client thread/WARN]: Missing sound for event: minecraft:entity.egg.throw
[14:50:59] [Client thread/WARN]: Missing sound for event: minecraft:entity.elder_guardian.ambient
[14:50:59] [Client thread/WARN]: Missing sound for event: minecraft:entity.elder_guardian.ambient_land
[14:50:59] [Client thread/WARN]: Missing sound for event: minecraft:entity.elder_guardian.curse
[14:50:59] [Client thread/WARN]: Missing sound for event: minecraft:entity.elder_guardian.death
[14:50:59] [Client thread/WARN]: Missing sound for event: minecraft:entity.elder_guardian.death_land
[14:50:59] [Client thread/WARN]: Missing sound for event: minecraft:entity.elder_guardian.hurt
[14:50:59] [Client thread/WARN]: Missing sound for event: minecraft:entity.elder_guardian.flop
[14:50:59] [Client thread/WARN]: Missing sound for event: minecraft:entity.elder_guardian.hurt_land
[14:50:59] [Client thread/WARN]: Missing sound for event: minecraft:entity.enderdragon.ambient
[14:50:59] [Client thread/WARN]: Missing sound for event: minecraft:entity.enderdragon.death
[14:50:59] [Client thread/WARN]: Missing sound for event: minecraft:entity.enderdragon.flap
[14:50:59] [Client thread/WARN]: Missing sound for event: minecraft:entity.enderdragon.growl
[14:50:59] [Client thread/WARN]: Missing sound for event: minecraft:entity.enderdragon.hurt
[14:50:59] [Client thread/WARN]: Missing sound for event: minecraft:entity.enderdragon.shoot
[14:50:59] [Client thread/WARN]: Missing sound for event: minecraft:entity.enderdragon_fireball.explode
[14:50:59] [Client thread/WARN]: Missing sound for event: minecraft:entity.endereye.launch
[14:50:59] [Client thread/WARN]: Missing sound for event: minecraft:entity.endermen.ambient
[14:50:59] [Client thread/WARN]: Missing sound for event: minecraft:entity.endermen.death
[14:50:59] [Client thread/WARN]: Missing sound for event: minecraft:entity.endermen.hurt
[14:50:59] [Client thread/WARN]: Missing sound for event: minecraft:entity.endermen.scream
[14:50:59] [Client thread/WARN]: Missing sound for event: minecraft:entity.endermen.stare
[14:50:59] [Client thread/WARN]: Missing sound for event: minecraft:entity.endermen.teleport
[14:50:59] [Client thread/WARN]: Missing sound for event: minecraft:entity.endermite.ambient
[14:50:59] [Client thread/WARN]: Missing sound for event: minecraft:entity.endermite.death
[14:50:59] [Client thread/WARN]: Missing sound for event: minecraft:entity.endermite.hurt
[14:50:59] [Client thread/WARN]: Missing sound for event: minecraft:entity.endermite.step
[14:50:59] [Client thread/WARN]: Missing sound for event: minecraft:entity.enderpearl.throw
[14:50:59] [Client thread/WARN]: Missing sound for event: minecraft:entity.evocation_fangs.attack
[14:50:59] [Client thread/WARN]: Missing sound for event: minecraft:entity.evocation_illager.ambient
[14:50:59] [Client thread/WARN]: Missing sound for event: minecraft:entity.evocation_illager.cast_spell
[14:50:59] [Client thread/WARN]: Missing sound for event: minecraft:entity.evocation_illager.death
[14:50:59] [Client thread/WARN]: Missing sound for event: minecraft:entity.evocation_illager.hurt
[14:50:59] [Client thread/WARN]: Missing sound for event: minecraft:entity.evocation_illager.prepare_attack
[14:50:59] [Client thread/WARN]: Missing sound for event: minecraft:entity.evocation_illager.prepare_summon
[14:50:59] [Client thread/WARN]: Missing sound for event: minecraft:entity.evocation_illager.prepare_wololo
[14:50:59] [Client thread/WARN]: Missing sound for event: minecraft:entity.experience_bottle.throw
[14:50:59] [Client thread/WARN]: Missing sound for event: minecraft:entity.experience_orb.pickup
[14:50:59] [Client thread/WARN]: Missing sound for event: minecraft:entity.firework.blast
[14:50:59] [Client thread/WARN]: Missing sound for event: minecraft:entity.firework.blast_far
[14:50:59] [Client thread/WARN]: Missing sound for event: minecraft:entity.firework.large_blast
[14:50:59] [Client thread/WARN]: Missing sound for event: minecraft:entity.firework.large_blast_far
[14:50:59] [Client thread/WARN]: Missing sound for event: minecraft:entity.firework.launch
[14:50:59] [Client thread/WARN]: Missing sound for event: minecraft:entity.firework.shoot
[14:50:59] [Client thread/WARN]: Missing sound for event: minecraft:entity.firework.twinkle
[14:50:59] [Client thread/WARN]: Missing sound for event: minecraft:entity.firework.twinkle_far
[14:50:59] [Client thread/WARN]: Missing sound for event: minecraft:entity.generic.big_fall
[14:50:59] [Client thread/WARN]: Missing sound for event: minecraft:entity.generic.burn
[14:50:59] [Client thread/WARN]: Missing sound for event: minecraft:entity.generic.death
[14:50:59] [Client thread/WARN]: Missing sound for event: minecraft:entity.generic.drink
[14:50:59] [Client thread/WARN]: Missing sound for event: minecraft:entity.generic.eat
[14:50:59] [Client thread/WARN]: Missing sound for event: minecraft:entity.generic.explode
[14:50:59] [Client thread/WARN]: Missing sound for event: minecraft:entity.generic.extinguish_fire
[14:50:59] [Client thread/WARN]: Missing sound for event: minecraft:entity.generic.hurt
[14:50:59] [Client thread/WARN]: Missing sound for event: minecraft:entity.generic.small_fall
[14:50:59] [Client thread/WARN]: Missing sound for event: minecraft:entity.generic.splash
[14:50:59] [Client thread/WARN]: Missing sound for event: minecraft:entity.generic.swim
[14:50:59] [Client thread/WARN]: Missing sound for event: minecraft:entity.ghast.ambient
[14:50:59] [Client thread/WARN]: Missing sound for event: minecraft:entity.ghast.death
[14:50:59] [Client thread/WARN]: Missing sound for event: minecraft:entity.ghast.hurt
[14:50:59] [Client thread/WARN]: Missing sound for event: minecraft:entity.ghast.scream
[14:50:59] [Client thread/WARN]: Missing sound for event: minecraft:entity.ghast.shoot
[14:50:59] [Client thread/WARN]: Missing sound for event: minecraft:entity.ghast.warn
[14:50:59] [Client thread/WARN]: Missing sound for event: minecraft:entity.guardian.ambient
[14:50:59] [Client thread/WARN]: Missing sound for event: minecraft:entity.guardian.ambient_land
[14:50:59] [Client thread/WARN]: Missing sound for event: minecraft:entity.guardian.attack
[14:50:59] [Client thread/WARN]: Missing sound for event: minecraft:entity.guardian.death
[14:50:59] [Client thread/WARN]: Missing sound for event: minecraft:entity.guardian.death_land
[14:50:59] [Client thread/WARN]: Missing sound for event: minecraft:entity.guardian.flop
[14:50:59] [Client thread/WARN]: Missing sound for event: minecraft:entity.guardian.hurt
[14:50:59] [Client thread/WARN]: Missing sound for event: minecraft:entity.guardian.hurt_land
[14:50:59] [Client thread/WARN]: Missing sound for event: minecraft:entity.horse.ambient
[14:50:59] [Client thread/WARN]: Missing sound for event: minecraft:entity.horse.angry
[14:50:59] [Client thread/WARN]: Missing sound for event: minecraft:entity.horse.armor
[14:50:59] [Client thread/WARN]: Missing sound for event: minecraft:entity.horse.breathe
[14:50:59] [Client thread/WARN]: Missing sound for event: minecraft:entity.horse.death
[14:50:59] [Client thread/WARN]: Missing sound for event: minecraft:entity.horse.eat
[14:50:59] [Client thread/WARN]: Missing sound for event: minecraft:entity.horse.gallop
[14:50:59] [Client thread/WARN]: Missing sound for event: minecraft:entity.horse.hurt
[14:50:59] [Client thread/WARN]: Missing sound for event: minecraft:entity.horse.jump
[14:50:59] [Client thread/WARN]: Missing sound for event: minecraft:entity.horse.land
[14:50:59] [Client thread/WARN]: Missing sound for event: minecraft:entity.horse.saddle
[14:50:59] [Client thread/WARN]: Missing sound for event: minecraft:entity.horse.step
[14:50:59] [Client thread/WARN]: Missing sound for event: minecraft:entity.horse.step_wood
[14:50:59] [Client thread/WARN]: Missing sound for event: minecraft:entity.hostile.big_fall
[14:50:59] [Client thread/WARN]: Missing sound for event: minecraft:entity.hostile.death
[14:50:59] [Client thread/WARN]: Missing sound for event: minecraft:entity.hostile.hurt
[14:50:59] [Client thread/WARN]: Missing sound for event: minecraft:entity.hostile.small_fall
[14:50:59] [Client thread/WARN]: Missing sound for event: minecraft:entity.hostile.splash
[14:50:59] [Client thread/WARN]: Missing sound for event: minecraft:entity.hostile.swim
[14:50:59] [Client thread/WARN]: Missing sound for event: minecraft:entity.husk.ambient
[14:50:59] [Client thread/WARN]: Missing sound for event: minecraft:entity.husk.death
[14:50:59] [Client thread/WARN]: Missing sound for event: minecraft:entity.husk.hurt
[14:50:59] [Client thread/WARN]: Missing sound for event: minecraft:entity.husk.step
[14:50:59] [Client thread/WARN]: Missing sound for event: minecraft:entity.irongolem.attack
[14:50:59] [Client thread/WARN]: Missing sound for event: minecraft:entity.irongolem.death
[14:50:59] [Client thread/WARN]: Missing sound for event: minecraft:entity.irongolem.hurt
[14:50:59] [Client thread/WARN]: Missing sound for event: minecraft:entity.irongolem.step
[14:50:59] [Client thread/WARN]: Missing sound for event: minecraft:entity.item.break
[14:50:59] [Client thread/WARN]: Missing sound for event: minecraft:entity.item.pickup
[14:50:59] [Client thread/WARN]: Missing sound for event: minecraft:entity.itemframe.add_item
[14:50:59] [Client thread/WARN]: Missing sound for event: minecraft:entity.itemframe.break
[14:50:59] [Client thread/WARN]: Missing sound for event: minecraft:entity.itemframe.place
[14:50:59] [Client thread/WARN]: Missing sound for event: minecraft:entity.itemframe.remove_item
[14:50:59] [Client thread/WARN]: Missing sound for event: minecraft:entity.itemframe.rotate_item
[14:50:59] [Client thread/WARN]: Missing sound for event: minecraft:entity.leashknot.break
[14:50:59] [Client thread/WARN]: Missing sound for event: minecraft:entity.leashknot.place
[14:50:59] [Client thread/WARN]: Missing sound for event: minecraft:entity.lightning.impact
[14:50:59] [Client thread/WARN]: Missing sound for event: minecraft:entity.lightning.thunder
[14:50:59] [Client thread/WARN]: Missing sound for event: minecraft:entity.lingeringpotion.throw
[14:50:59] [Client thread/WARN]: Missing sound for event: minecraft:entity.llama.ambient
[14:50:59] [Client thread/WARN]: Missing sound for event: minecraft:entity.llama.angry
[14:50:59] [Client thread/WARN]: Missing sound for event: minecraft:entity.llama.chest
[14:50:59] [Client thread/WARN]: Missing sound for event: minecraft:entity.llama.death
[14:50:59] [Client thread/WARN]: Missing sound for event: minecraft:entity.llama.eat
[14:50:59] [Client thread/WARN]: Missing sound for event: minecraft:entity.llama.hurt
[14:50:59] [Client thread/WARN]: Missing sound for event: minecraft:entity.llama.spit
[14:50:59] [Client thread/WARN]: Missing sound for event: minecraft:entity.llama.step
[14:50:59] [Client thread/WARN]: Missing sound for event: minecraft:entity.llama.swag
[14:50:59] [Client thread/WARN]: Missing sound for event: minecraft:entity.magmacube.death
[14:50:59] [Client thread/WARN]: Missing sound for event: minecraft:entity.magmacube.hurt
[14:50:59] [Client thread/WARN]: Missing sound for event: minecraft:entity.magmacube.jump
[14:50:59] [Client thread/WARN]: Missing sound for event: minecraft:entity.magmacube.squish
[14:50:59] [Client thread/WARN]: Missing sound for event: minecraft:entity.minecart.inside
[14:50:59] [Client thread/WARN]: Missing sound for event: minecraft:entity.minecart.riding
[14:50:59] [Client thread/WARN]: Missing sound for event: minecraft:entity.mooshroom.shear
[14:50:59] [Client thread/WARN]: Missing sound for event: minecraft:entity.mule.ambient
[14:50:59] [Client thread/WARN]: Missing sound for event: minecraft:entity.mule.chest
[14:50:59] [Client thread/WARN]: Missing sound for event: minecraft:entity.mule.death
[14:50:59] [Client thread/WARN]: Missing sound for event: minecraft:entity.mule.hurt
[14:50:59] [Client thread/WARN]: Missing sound for event: minecraft:entity.painting.break
[14:50:59] [Client thread/WARN]: Missing sound for event: minecraft:entity.painting.place
[14:50:59] [Client thread/WARN]: Missing sound for event: minecraft:entity.pig.ambient
[14:50:59] [Client thread/WARN]: Missing sound for event: minecraft:entity.pig.death
[14:50:59] [Client thread/WARN]: Missing sound for event: minecraft:entity.pig.hurt
[14:50:59] [Client thread/WARN]: Missing sound for event: minecraft:entity.pig.saddle
[14:50:59] [Client thread/WARN]: Missing sound for event: minecraft:entity.pig.step
[14:50:59] [Client thread/WARN]: Missing sound for event: minecraft:entity.player.attack.crit
[14:50:59] [Client thread/WARN]: Missing sound for event: minecraft:entity.player.attack.knockback
[14:50:59] [Client thread/WARN]: Missing sound for event: minecraft:entity.player.attack.nodamage
[14:50:59] [Client thread/WARN]: Missing sound for event: minecraft:entity.player.attack.strong
[14:50:59] [Client thread/WARN]: Missing sound for event: minecraft:entity.player.attack.sweep
[14:50:59] [Client thread/WARN]: Missing sound for event: minecraft:entity.player.attack.weak
[14:50:59] [Client thread/WARN]: Missing sound for event: minecraft:entity.player.big_fall
[14:50:59] [Client thread/WARN]: Missing sound for event: minecraft:entity.player.breath
[14:50:59] [Client thread/WARN]: Missing sound for event: minecraft:entity.player.burp
[14:50:59] [Client thread/WARN]: Missing sound for event: minecraft:entity.player.death
[14:50:59] [Client thread/WARN]: Missing sound for event: minecraft:entity.player.hurt
[14:50:59] [Client thread/WARN]: Missing sound for event: minecraft:entity.player.levelup
[14:50:59] [Client thread/WARN]: Missing sound for event: minecraft:entity.player.small_fall
[14:50:59] [Client thread/WARN]: Missing sound for event: minecraft:entity.player.splash
[14:50:59] [Client thread/WARN]: Missing sound for event: minecraft:entity.player.swim
[14:50:59] [Client thread/WARN]: Missing sound for event: minecraft:entity.polar_bear.ambient
[14:50:59] [Client thread/WARN]: Missing sound for event: minecraft:entity.polar_bear.baby_ambient
[14:50:59] [Client thread/WARN]: Missing sound for event: minecraft:entity.polar_bear.death
[14:50:59] [Client thread/WARN]: Missing sound for event: minecraft:entity.polar_bear.hurt
[14:50:59] [Client thread/WARN]: Missing sound for event: minecraft:entity.polar_bear.step
[14:50:59] [Client thread/WARN]: Missing sound for event: minecraft:entity.polar_bear.warning
[14:50:59] [Client thread/WARN]: Missing sound for event: minecraft:entity.rabbit.ambient
[14:50:59] [Client thread/WARN]: Missing sound for event: minecraft:entity.rabbit.attack
[14:50:59] [Client thread/WARN]: Missing sound for event: minecraft:entity.rabbit.death
[14:50:59] [Client thread/WARN]: Missing sound for event: minecraft:entity.rabbit.hurt
[14:50:59] [Client thread/WARN]: Missing sound for event: minecraft:entity.rabbit.jump
[14:50:59] [Client thread/WARN]: Missing sound for event: minecraft:entity.sheep.ambient
[14:50:59] [Client thread/WARN]: Missing sound for event: minecraft:entity.sheep.death
[14:50:59] [Client thread/WARN]: Missing sound for event: minecraft:entity.sheep.hurt
[14:50:59] [Client thread/WARN]: Missing sound for event: minecraft:entity.sheep.shear
[14:50:59] [Client thread/WARN]: Missing sound for event: minecraft:entity.sheep.step
[14:50:59] [Client thread/WARN]: Missing sound for event: minecraft:entity.shulker.ambient
[14:50:59] [Client thread/WARN]: Missing sound for event: minecraft:entity.shulker.close
[14:50:59] [Client thread/WARN]: Missing sound for event: minecraft:entity.shulker.death
[14:50:59] [Client thread/WARN]: Missing sound for event: minecraft:entity.shulker.hurt
[14:50:59] [Client thread/WARN]: Missing sound for event: minecraft:entity.shulker.hurt_closed
[14:50:59] [Client thread/WARN]: Missing sound for event: minecraft:entity.shulker.open
[14:50:59] [Client thread/WARN]: Missing sound for event: minecraft:entity.shulker.shoot
[14:50:59] [Client thread/WARN]: Missing sound for event: minecraft:entity.shulker.teleport
[14:50:59] [Client thread/WARN]: Missing sound for event: minecraft:entity.shulker_bullet.hit
[14:50:59] [Client thread/WARN]: Missing sound for event: minecraft:entity.shulker_bullet.hurt
[14:50:59] [Client thread/WARN]: Missing sound for event: minecraft:entity.silverfish.ambient
[14:50:59] [Client thread/WARN]: Missing sound for event: minecraft:entity.silverfish.death
[14:50:59] [Client thread/WARN]: Missing sound for event: minecraft:entity.silverfish.hurt
[14:50:59] [Client thread/WARN]: Missing sound for event: minecraft:entity.silverfish.step
[14:50:59] [Client thread/WARN]: Missing sound for event: minecraft:entity.skeleton.ambient
[14:50:59] [Client thread/WARN]: Missing sound for event: minecraft:entity.skeleton.death
[14:50:59] [Client thread/WARN]: Missing sound for event: minecraft:entity.skeleton.hurt
[14:50:59] [Client thread/WARN]: Missing sound for event: minecraft:entity.skeleton.shoot
[14:50:59] [Client thread/WARN]: Missing sound for event: minecraft:entity.skeleton.step
[14:50:59] [Client thread/WARN]: Missing sound for event: minecraft:entity.skeleton_horse.ambient
[14:50:59] [Client thread/WARN]: Missing sound for event: minecraft:entity.skeleton_horse.death
[14:50:59] [Client thread/WARN]: Missing sound for event: minecraft:entity.skeleton_horse.hurt
[14:50:59] [Client thread/WARN]: Missing sound for event: minecraft:entity.slime.attack
[14:50:59] [Client thread/WARN]: Missing sound for event: minecraft:entity.slime.death
[14:50:59] [Client thread/WARN]: Missing sound for event: minecraft:entity.slime.hurt
[14:50:59] [Client thread/WARN]: Missing sound for event: minecraft:entity.slime.jump
[14:50:59] [Client thread/WARN]: Missing sound for event: minecraft:entity.slime.squish
[14:50:59] [Client thread/WARN]: Missing sound for event: minecraft:entity.small_magmacube.death
[14:50:59] [Client thread/WARN]: Missing sound for event: minecraft:entity.small_magmacube.hurt
[14:50:59] [Client thread/WARN]: Missing sound for event: minecraft:entity.small_magmacube.squish
[14:50:59] [Client thread/WARN]: Missing sound for event: minecraft:entity.small_slime.death
[14:50:59] [Client thread/WARN]: Missing sound for event: minecraft:entity.small_slime.hurt
[14:50:59] [Client thread/WARN]: Missing sound for event: minecraft:entity.small_slime.jump
[14:50:59] [Client thread/WARN]: Missing sound for event: minecraft:entity.small_slime.squish
[14:50:59] [Client thread/WARN]: Missing sound for event: minecraft:entity.snowball.throw
[14:50:59] [Client thread/WARN]: Missing sound for event: minecraft:entity.snowman.ambient
[14:50:59] [Client thread/WARN]: Missing sound for event: minecraft:entity.snowman.death
[14:50:59] [Client thread/WARN]: Missing sound for event: minecraft:entity.snowman.hurt
[14:50:59] [Client thread/WARN]: Missing sound for event: minecraft:entity.snowman.shoot
[14:50:59] [Client thread/WARN]: Missing sound for event: minecraft:entity.spider.ambient
[14:50:59] [Client thread/WARN]: Missing sound for event: minecraft:entity.spider.death
[14:50:59] [Client thread/WARN]: Missing sound for event: minecraft:entity.spider.hurt
[14:50:59] [Client thread/WARN]: Missing sound for event: minecraft:entity.spider.step
[14:50:59] [Client thread/WARN]: Missing sound for event: minecraft:entity.splash_potion.break
[14:50:59] [Client thread/WARN]: Missing sound for event: minecraft:entity.splash_potion.throw
[14:50:59] [Client thread/WARN]: Missing sound for event: minecraft:entity.squid.ambient
[14:50:59] [Client thread/WARN]: Missing sound for event: minecraft:entity.squid.death
[14:50:59] [Client thread/WARN]: Missing sound for event: minecraft:entity.squid.hurt
[14:50:59] [Client thread/WARN]: Missing sound for event: minecraft:entity.stray.ambient
[14:50:59] [Client thread/WARN]: Missing sound for event: minecraft:entity.stray.death
[14:50:59] [Client thread/WARN]: Missing sound for event: minecraft:entity.stray.hurt
[14:50:59] [Client thread/WARN]: Missing sound for event: minecraft:entity.stray.step
[14:50:59] [Client thread/WARN]: Missing sound for event: minecraft:entity.tnt.primed
[14:50:59] [Client thread/WARN]: Missing sound for event: minecraft:entity.vex.ambient
[14:50:59] [Client thread/WARN]: Missing sound for event: minecraft:entity.vex.charge
[14:50:59] [Client thread/WARN]: Missing sound for event: minecraft:entity.vex.death
[14:50:59] [Client thread/WARN]: Missing sound for event: minecraft:entity.vex.hurt
[14:50:59] [Client thread/WARN]: Missing sound for event: minecraft:entity.villager.ambient
[14:50:59] [Client thread/WARN]: Missing sound for event: minecraft:entity.villager.death
[14:50:59] [Client thread/WARN]: Missing sound for event: minecraft:entity.villager.hurt
[14:50:59] [Client thread/WARN]: Missing sound for event: minecraft:entity.villager.no
[14:50:59] [Client thread/WARN]: Missing sound for event: minecraft:entity.villager.trading
[14:50:59] [Client thread/WARN]: Missing sound for event: minecraft:entity.villager.yes
[14:50:59] [Client thread/WARN]: Missing sound for event: minecraft:entity.vindication_illager.ambient
[14:50:59] [Client thread/WARN]: Missing sound for event: minecraft:entity.vindication_illager.death
[14:50:59] [Client thread/WARN]: Missing sound for event: minecraft:entity.vindication_illager.hurt
[14:50:59] [Client thread/WARN]: Missing sound for event: minecraft:entity.witch.ambient
[14:50:59] [Client thread/WARN]: Missing sound for event: minecraft:entity.witch.death
[14:50:59] [Client thread/WARN]: Missing sound for event: minecraft:entity.witch.drink
[14:50:59] [Client thread/WARN]: Missing sound for event: minecraft:entity.witch.hurt
[14:50:59] [Client thread/WARN]: Missing sound for event: minecraft:entity.witch.throw
[14:50:59] [Client thread/WARN]: Missing sound for event: minecraft:entity.wither.ambient
[14:50:59] [Client thread/WARN]: Missing sound for event: minecraft:entity.wither.break_block
[14:50:59] [Client thread/WARN]: Missing sound for event: minecraft:entity.wither.death
[14:50:59] [Client thread/WARN]: Missing sound for event: minecraft:entity.wither.hurt
[14:50:59] [Client thread/WARN]: Missing sound for event: minecraft:entity.wither.shoot
[14:50:59] [Client thread/WARN]: Missing sound for event: minecraft:entity.wither.spawn
[14:50:59] [Client thread/WARN]: Missing sound for event: minecraft:entity.wither_skeleton.ambient
[14:50:59] [Client thread/WARN]: Missing sound for event: minecraft:entity.wither_skeleton.death
[14:50:59] [Client thread/WARN]: Missing sound for event: minecraft:entity.wither_skeleton.hurt
[14:50:59] [Client thread/WARN]: Missing sound for event: minecraft:entity.wither_skeleton.step
[14:50:59] [Client thread/WARN]: Missing sound for event: minecraft:entity.wolf.ambient
[14:50:59] [Client thread/WARN]: Missing sound for event: minecraft:entity.wolf.death
[14:50:59] [Client thread/WARN]: Missing sound for event: minecraft:entity.wolf.growl
[14:50:59] [Client thread/WARN]: Missing sound for event: minecraft:entity.wolf.howl
[14:50:59] [Client thread/WARN]: Missing sound for event: minecraft:entity.wolf.hurt
[14:50:59] [Client thread/WARN]: Missing sound for event: minecraft:entity.wolf.pant
[14:50:59] [Client thread/WARN]: Missing sound for event: minecraft:entity.wolf.shake
[14:50:59] [Client thread/WARN]: Missing sound for event: minecraft:entity.wolf.step
[14:50:59] [Client thread/WARN]: Missing sound for event: minecraft:entity.wolf.whine
[14:50:59] [Client thread/WARN]: Missing sound for event: minecraft:entity.zombie.ambient
[14:50:59] [Client thread/WARN]: Missing sound for event: minecraft:entity.zombie.attack_door_wood
[14:50:59] [Client thread/WARN]: Missing sound for event: minecraft:entity.zombie.attack_iron_door
[14:50:59] [Client thread/WARN]: Missing sound for event: minecraft:entity.zombie.break_door_wood
[14:50:59] [Client thread/WARN]: Missing sound for event: minecraft:entity.zombie.death
[14:50:59] [Client thread/WARN]: Missing sound for event: minecraft:entity.zombie.hurt
[14:50:59] [Client thread/WARN]: Missing sound for event: minecraft:entity.zombie.infect
[14:50:59] [Client thread/WARN]: Missing sound for event: minecraft:entity.zombie.step
[14:50:59] [Client thread/WARN]: Missing sound for event: minecraft:entity.zombie_horse.ambient
[14:50:59] [Client thread/WARN]: Missing sound for event: minecraft:entity.zombie_horse.death
[14:50:59] [Client thread/WARN]: Missing sound for event: minecraft:entity.zombie_horse.hurt
[14:50:59] [Client thread/WARN]: Missing sound for event: minecraft:entity.zombie_pig.ambient
[14:50:59] [Client thread/WARN]: Missing sound for event: minecraft:entity.zombie_pig.angry
[14:50:59] [Client thread/WARN]: Missing sound for event: minecraft:entity.zombie_pig.death
[14:50:59] [Client thread/WARN]: Missing sound for event: minecraft:entity.zombie_pig.hurt
[14:50:59] [Client thread/WARN]: Missing sound for event: minecraft:entity.zombie_villager.ambient
[14:50:59] [Client thread/WARN]: Missing sound for event: minecraft:entity.zombie_villager.converted
[14:50:59] [Client thread/WARN]: Missing sound for event: minecraft:entity.zombie_villager.cure
[14:50:59] [Client thread/WARN]: Missing sound for event: minecraft:entity.zombie_villager.death
[14:50:59] [Client thread/WARN]: Missing sound for event: minecraft:entity.zombie_villager.hurt
[14:50:59] [Client thread/WARN]: Missing sound for event: minecraft:entity.zombie_villager.step
[14:50:59] [Client thread/WARN]: Missing sound for event: minecraft:item.armor.equip_chain
[14:50:59] [Client thread/WARN]: Missing sound for event: minecraft:item.armor.equip_diamond
[14:50:59] [Client thread/WARN]: Missing sound for event: minecraft:item.armor.equip_elytra
[14:50:59] [Client thread/WARN]: Missing sound for event: minecraft:item.armor.equip_generic
[14:50:59] [Client thread/WARN]: Missing sound for event: minecraft:item.armor.equip_gold
[14:50:59] [Client thread/WARN]: Missing sound for event: minecraft:item.armor.equip_iron
[14:50:59] [Client thread/WARN]: Missing sound for event: minecraft:item.armor.equip_leather
[14:50:59] [Client thread/WARN]: Missing sound for event: minecraft:item.bottle.empty
[14:50:59] [Client thread/WARN]: Missing sound for event: minecraft:item.bottle.fill
[14:50:59] [Client thread/WARN]: Missing sound for event: minecraft:item.bottle.fill_dragonbreath
[14:50:59] [Client thread/WARN]: Missing sound for event: minecraft:item.bucket.empty
[14:50:59] [Client thread/WARN]: Missing sound for event: minecraft:item.bucket.empty_lava
[14:50:59] [Client thread/WARN]: Missing sound for event: minecraft:item.bucket.fill
[14:50:59] [Client thread/WARN]: Missing sound for event: minecraft:item.bucket.fill_lava
[14:50:59] [Client thread/WARN]: Missing sound for event: minecraft:item.chorus_fruit.teleport
[14:50:59] [Client thread/WARN]: Missing sound for event: minecraft:item.elytra.flying
[14:50:59] [Client thread/WARN]: Missing sound for event: minecraft:item.firecharge.use
[14:50:59] [Client thread/WARN]: Missing sound for event: minecraft:item.flintandsteel.use
[14:50:59] [Client thread/WARN]: Missing sound for event: minecraft:item.hoe.till
[14:50:59] [Client thread/WARN]: Missing sound for event: minecraft:item.shield.block
[14:50:59] [Client thread/WARN]: Missing sound for event: minecraft:item.shield.break
[14:50:59] [Client thread/WARN]: Missing sound for event: minecraft:item.shovel.flatten
[14:50:59] [Client thread/WARN]: Missing sound for event: minecraft:item.totem.use
[14:50:59] [Client thread/WARN]: Missing sound for event: minecraft:music.creative
[14:50:59] [Client thread/WARN]: Missing sound for event: minecraft:music.credits
[14:50:59] [Client thread/WARN]: Missing sound for event: minecraft:music.dragon
[14:50:59] [Client thread/WARN]: Missing sound for event: minecraft:music.end
[14:50:59] [Client thread/WARN]: Missing sound for event: minecraft:music.game
[14:50:59] [Client thread/WARN]: Missing sound for event: minecraft:music.menu
[14:50:59] [Client thread/WARN]: Missing sound for event: minecraft:music.nether
[14:50:59] [Client thread/WARN]: Missing sound for event: minecraft:record.11
[14:50:59] [Client thread/WARN]: Missing sound for event: minecraft:record.13
[14:50:59] [Client thread/WARN]: Missing sound for event: minecraft:record.blocks
[14:50:59] [Client thread/WARN]: Missing sound for event: minecraft:record.cat
[14:50:59] [Client thread/WARN]: Missing sound for event: minecraft:record.chirp
[14:50:59] [Client thread/WARN]: Missing sound for event: minecraft:record.far
[14:50:59] [Client thread/WARN]: Missing sound for event: minecraft:record.mall
[14:50:59] [Client thread/WARN]: Missing sound for event: minecraft:record.mellohi
[14:50:59] [Client thread/WARN]: Missing sound for event: minecraft:record.stal
[14:50:59] [Client thread/WARN]: Missing sound for event: minecraft:record.strad
[14:50:59] [Client thread/WARN]: Missing sound for event: minecraft:record.wait
[14:50:59] [Client thread/WARN]: Missing sound for event: minecraft:record.ward
[14:50:59] [Client thread/WARN]: Missing sound for event: minecraft:ui.button.click
[14:50:59] [Client thread/WARN]: Missing sound for event: minecraft:weather.rain
[14:50:59] [Client thread/WARN]: Missing sound for event: minecraft:weather.rain.above
[14:50:59] [Client thread/INFO]: SoundSystem shutting down...
[14:51:00] [Client thread/WARN]: Author: Paul Lamb, www.paulscode.com
[14:51:00] [Sound Library Loader/INFO]: Starting up SoundSystem...
[14:51:00] [Thread-10/INFO]: Initializing LWJGL OpenAL
[14:51:00] [Thread-10/INFO]: (The LWJGL binding of OpenAL.  For more information, see http://www.lwjgl.org)
[14:51:00] [Thread-10/INFO]: OpenAL initialized.
[14:51:00] [Sound Library Loader/INFO]: Sound engine started
[14:51:03] [Client thread/INFO]: Created: 512x512 textures-atlas
[14:51:04] [Client thread/WARN]: Skipping bad option: lastServer:
[14:51:04] [Client thread/INFO]: [STDOUT]: CLIENT enter state: WAITING_FOR_MOD_READY
[14:51:04] [Thread-12/INFO]: [STDOUT]: INFO: ->mcp(0) Listening for messages on port 10000
[14:51:04] [Client thread/INFO]: [STDOUT]: CLIENT request state: DORMANT
[14:51:04] [Client thread/INFO]: [STDOUT]: CLIENT enter state: DORMANT
[14:51:05] [Realms Notification Availability checker #1/INFO]: Could not authorize you against Realms server: Invalid session id
[14:51:06] [Thread-14/INFO]: [STDOUT]: Received from kubernetes.docker.internal:MALMO_REQUEST_CLIENT:0.37.0:20000:morgan
[14:51:06] [Thread-14/INFO]: [STDOUT]: ==== RES:  - -1748123466885
[14:51:06] [Thread-14/INFO]: [STDOUT]: REPLYING WITH: MALMOOK
[14:51:06] [Thread-16/INFO]: [STDOUT]: Received from kubernetes.docker.internal:<?xml version="1.0" encoding="utf-8"?><MissionInit xmlns="http://ProjectMalmo.microsoft.com" xmlns:xsi="http://www.w3.org/2001/XMLSchema-instance" SchemaVersion="" PlatformVersion="0.37.0"><Mission>                                    <About>                    <Summary>Food Search #0</Summary></About><ModSettings>                    <MsPerTick>100</MsPerTick></ModSettings><ServerSection>                                <ServerInitialConditions>                                                            <Time>                                                        <StartTime>6000</StartTime><AllowPassageOfTime>false</AllowPassageOfTime></Time><Weather>clear</Weather><AllowSpawning>false</AllowSpawning></ServerInitialConditions><ServerHandlers>                                                            <FlatWorldGenerator generatorString="3;7,220*1,5*3,2;3;,biome_1"/><DrawingDecorator>                                                                                                                                 
[14:51:07] [Thread-16/INFO]: [STDOUT]: REPLYING WITH: MALMOOK
[14:51:07] [Client thread/INFO]: [STDOUT]: Mission received: Food Search #0
[14:51:07] [Client thread/INFO]: [STDOUT]: CLIENT request state: CREATING_HANDLERS
[14:51:07] [Client thread/INFO]: [STDOUT]: CLIENT enter state: CREATING_HANDLERS
[14:51:07] [Thread-17/INFO]: [STDOUT]: INFO: ->com(0) Listening for messages on port 10832
[14:51:07] [Client thread/INFO]: [STDOUT]: CLIENT request state: EVALUATING_WORLD_REQUIREMENTS
[14:51:07] [Client thread/INFO]: [STDOUT]: CLIENT enter state: EVALUATING_WORLD_REQUIREMENTS
[14:51:07] [Client thread/INFO]: [STDOUT]: CLIENT request state: CREATING_NEW_WORLD
[14:51:08] [Client thread/INFO]: [STDOUT]: CLIENT enter state: CREATING_NEW_WORLD
[14:51:08] [Server thread/INFO]: Starting integrated minecraft server version 1.11.2
[14:51:08] [Server thread/INFO]: Generating keypair
[14:51:09] [Server thread/WARN]: Unable to find spawn biome
[14:51:10] [Server thread/INFO]: Preparing start region for level 0
[14:51:11] [Server thread/INFO]: Preparing spawn area: 62%
[14:51:12] [Server thread/INFO]: Changing view distance to 6, from 10
[14:51:12] [Client thread/INFO]: Deleting level TEMP_10000_9902da75-51fb-4a3f-830f-c738325e9c88
[14:51:12] [Client thread/INFO]: Attempt 1...
[14:51:12] [Netty Local Client IO #0/INFO]: [STDOUT]: Transformed Name: net.minecraft.client.entity.EntityOtherPlayerMP
[14:51:12] [Netty Local Client IO #0/INFO]: [STDOUT]: MALMO: Attempting to transform MinecraftServer
[14:51:12] [Netty Local Client IO #0/INFO]: [STDOUT]: MALMO: Found EntityOtherPlayerMP, attempting to transform it
[14:51:12] [Server thread/INFO]: [STDOUT]: SERVER request state: WAITING_FOR_MOD_READY
[14:51:12] [Server thread/INFO]: [STDOUT]: CLIENT request state: WAITING_FOR_SERVER_READY
[14:51:12] [Client thread/INFO]: [STDOUT]: CLIENT enter state: WAITING_FOR_SERVER_READY
[14:51:12] [Server thread/INFO]: [STDOUT]: SERVER enter state: WAITING_FOR_MOD_READY
[14:51:12] [Server thread/INFO]: morgan[local:E:b24abe41] logged in with entity id 0 at (-934.5, 227.0, -547.5)
[14:51:12] [Server thread/INFO]: morgan joined the game
[14:51:12] [Server thread/INFO]: [STDOUT]: SERVER request state: DORMANT
[14:51:12] [Server thread/INFO]: [STDOUT]: SERVER enter state: DORMANT
[14:51:12] [Server thread/INFO]: [STDOUT]: INCOMING MISSION: Received MissionInit directly through ServerStateMachine constructor.
[14:51:12] [Server thread/INFO]: [STDOUT]: Mission received: Food Search #0
[14:51:12] [Server thread/INFO]: Received mission: §9Food Search #0
[14:51:12] [Server thread/INFO]: Source: §akubernetes.docker.internal
[14:51:12] [Server thread/INFO]: [STDOUT]: SERVER request state: BUILDING_WORLD
[14:51:12] [Server thread/INFO]: [STDOUT]: SERVER enter state: BUILDING_WORLD
[14:51:13] [Client thread/INFO]: [STDOUT]: ***Telling server we are ready - morgan
[14:51:13] [Client thread/INFO]: [CHAT] Received mission: §9Food Search #0
[14:51:13] [Client thread/INFO]: [CHAT] Source: §akubernetes.docker.internal
[14:51:13] [Client thread/INFO]: [STDOUT]: ***Telling server we are ready - morgan
[14:51:13] [Client thread/INFO]: [STDOUT]: ***Telling server we are ready - morgan
[14:51:13] [Server thread/INFO]: [STDOUT]: SERVER request state: WAITING_FOR_AGENTS_TO_ASSEMBLE
[14:51:13] [Server thread/INFO]: [STDOUT]: SERVER enter state: WAITING_FOR_AGENTS_TO_ASSEMBLE
[14:51:13] [Server thread/INFO]: [STDOUT]: Experiment requires: 
[14:51:13] [Server thread/INFO]: [STDOUT]: >>>> morgan
[14:51:13] [Client thread/INFO]: [STDOUT]: ***Telling server we are ready - morgan
[14:51:14] [Client thread/INFO]: [STDOUT]: CLIENT request state: RUNNING
[14:51:14] [Client thread/INFO]: [STDOUT]: CLIENT enter state: RUNNING
[14:51:14] [Server thread/INFO]: [STDOUT]: SERVER request state: RUNNING
[14:51:14] [Server thread/INFO]: [STDOUT]: SERVER enter state: RUNNING
[14:51:14] [Client thread/INFO]: [STDOUT]: Resized the window
[14:51:29] [Server thread/INFO]: <morgan> Quitting mission
[14:51:29] [Client thread/INFO]: [CHAT] <morgan> Quitting mission
[14:51:29] [Client thread/INFO]: [STDOUT]: CLIENT request state: IDLING
[14:51:29] [Client thread/INFO]: [STDOUT]: CLIENT enter state: IDLING
[14:51:29] [Server thread/INFO]: [STDOUT]: SERVER request state: WAITING_FOR_AGENTS_TO_QUIT
[14:51:29] [Server thread/INFO]: [STDOUT]: SERVER enter state: WAITING_FOR_AGENTS_TO_QUIT
[14:51:29] [Client thread/INFO]: [STDOUT]: CLIENT request state: MISSION_ENDED
[14:51:29] [Client thread/INFO]: [STDOUT]: CLIENT enter state: MISSION_ENDED
[14:51:29] [Client thread/INFO]: [STDOUT]: Sending mission ended message to kubernetes.docker.internal:10936.
[14:51:29] [Client thread/INFO]: [STDOUT]: CLIENT request state: WAITING_FOR_SERVER_MISSION_END
[14:51:29] [Client thread/INFO]: [STDOUT]: CLIENT enter state: WAITING_FOR_SERVER_MISSION_END
[14:51:29] [Server thread/INFO]: [STDOUT]: SERVER request state: CLEAN_UP
[14:51:29] [Server thread/INFO]: [STDOUT]: SERVER enter state: CLEAN_UP
[14:51:29] [Server thread/INFO]: [STDOUT]: SERVER request state: DORMANT
[14:51:29] [Client thread/INFO]: [STDOUT]: CLIENT request state: DORMANT
[14:51:29] [Client thread/INFO]: [STDOUT]: CLIENT enter state: DORMANT
[14:51:29] [Client thread/INFO]: [STDOUT]: JETTISONING 0 COMMANDS
[14:51:30] [Server thread/INFO]: [STDOUT]: SERVER enter state: DORMANT
[14:51:30] [Thread-22/INFO]: [STDOUT]: Received from kubernetes.docker.internal:MALMO_REQUEST_CLIENT:0.37.0:20000:morgan
[14:51:30] [Thread-22/INFO]: [STDOUT]: ==== RES:  - -3593
[14:51:30] [Thread-22/INFO]: [STDOUT]: REPLYING WITH: MALMOOK
[14:51:30] [Thread-24/INFO]: [STDOUT]: Received from kubernetes.docker.internal:<?xml version="1.0" encoding="utf-8"?><MissionInit xmlns="http://ProjectMalmo.microsoft.com" xmlns:xsi="http://www.w3.org/2001/XMLSchema-instance" SchemaVersion="" PlatformVersion="0.37.0"><Mission>                                    <About>                    <Summary>Food Search #1</Summary></About><ModSettings>                    <MsPerTick>100</MsPerTick></ModSettings><ServerSection>                                <ServerInitialConditions>                                                            <Time>                                                        <StartTime>6000</StartTime><AllowPassageOfTime>false</AllowPassageOfTime></Time><Weather>clear</Weather><AllowSpawning>false</AllowSpawning></ServerInitialConditions><ServerHandlers>                                                            <FlatWorldGenerator generatorString="3;7,220*1,5*3,2;3;,biome_1"/><DrawingDecorator>                                                                                                                                 
[14:51:30] [Thread-24/INFO]: [STDOUT]: REPLYING WITH: MALMOOK
[14:51:30] [Client thread/INFO]: [STDOUT]: Mission received: Food Search #1
[14:51:30] [Client thread/INFO]: [STDOUT]: CLIENT request state: CREATING_HANDLERS
[14:51:30] [Client thread/INFO]: [STDOUT]: CLIENT enter state: CREATING_HANDLERS
[14:51:30] [Client thread/INFO]: [STDOUT]: CLIENT request state: EVALUATING_WORLD_REQUIREMENTS
[14:51:30] [Client thread/INFO]: [STDOUT]: CLIENT enter state: EVALUATING_WORLD_REQUIREMENTS
[14:51:30] [Client thread/INFO]: [STDOUT]: CLIENT request state: WAITING_FOR_SERVER_READY
[14:51:30] [Server thread/INFO]: [STDOUT]: INCOMING MISSION: Received MissionInit directly through queue.
[14:51:30] [Server thread/INFO]: [STDOUT]: Mission received: Food Search #1
[14:51:30] [Server thread/INFO]: Received mission: §9Food Search #1
[14:51:30] [Server thread/INFO]: Source: §akubernetes.docker.internal
[14:51:30] [Server thread/INFO]: [STDOUT]: SERVER request state: BUILDING_WORLD
[14:51:30] [Server thread/INFO]: [STDOUT]: SERVER enter state: BUILDING_WORLD
[14:51:30] [Client thread/INFO]: [CHAT] Received mission: §9Food Search #1
[14:51:30] [Client thread/INFO]: [CHAT] Source: §akubernetes.docker.internal
[14:51:30] [Client thread/INFO]: [STDOUT]: CLIENT enter state: WAITING_FOR_SERVER_READY
[14:51:30] [Client thread/INFO]: [STDOUT]: ***Telling server we are ready - morgan
[14:51:30] [Server thread/INFO]: [STDOUT]: SERVER request state: WAITING_FOR_AGENTS_TO_ASSEMBLE
[14:51:30] [Server thread/INFO]: [STDOUT]: SERVER enter state: WAITING_FOR_AGENTS_TO_ASSEMBLE
[14:51:30] [Server thread/INFO]: [STDOUT]: Experiment requires: 
[14:51:30] [Server thread/INFO]: [STDOUT]: >>>> morgan
[14:51:30] [Client thread/INFO]: [STDOUT]: ***Telling server we are ready - morgan
[14:51:30] [Client thread/INFO]: [STDOUT]: CLIENT request state: RUNNING
[14:51:30] [Client thread/INFO]: [STDOUT]: CLIENT enter state: RUNNING
[14:51:30] [Server thread/INFO]: [STDOUT]: SERVER request state: RUNNING
[14:51:30] [Server thread/INFO]: [STDOUT]: SERVER enter state: RUNNING
[14:51:31] [Server thread/INFO]: <morgan> Quitting mission
[14:51:31] [Client thread/INFO]: [CHAT] <morgan> Quitting mission
[14:51:32] [Client thread/INFO]: [STDOUT]: CLIENT request state: IDLING
[14:51:32] [Client thread/INFO]: [STDOUT]: CLIENT enter state: IDLING
[14:51:32] [Server thread/INFO]: [STDOUT]: SERVER request state: WAITING_FOR_AGENTS_TO_QUIT
[14:51:32] [Server thread/INFO]: [STDOUT]: SERVER enter state: WAITING_FOR_AGENTS_TO_QUIT
[14:51:32] [Client thread/INFO]: [STDOUT]: CLIENT request state: MISSION_ENDED
[14:51:32] [Client thread/INFO]: [STDOUT]: CLIENT enter state: MISSION_ENDED
[14:51:32] [Client thread/INFO]: [STDOUT]: Sending mission ended message to kubernetes.docker.internal:10111.
[14:51:32] [Client thread/INFO]: [STDOUT]: CLIENT request state: WAITING_FOR_SERVER_MISSION_END
[14:51:32] [Client thread/INFO]: [STDOUT]: CLIENT enter state: WAITING_FOR_SERVER_MISSION_END
[14:51:32] [Server thread/INFO]: [STDOUT]: SERVER request state: CLEAN_UP
[14:51:32] [Client thread/INFO]: [STDOUT]: CLIENT request state: DORMANT
[14:51:32] [Server thread/INFO]: [STDOUT]: SERVER enter state: CLEAN_UP
[14:51:32] [Server thread/INFO]: [STDOUT]: SERVER request state: DORMANT
[14:51:32] [Client thread/INFO]: [STDOUT]: CLIENT enter state: DORMANT
[14:51:32] [Client thread/INFO]: [STDOUT]: JETTISONING 0 COMMANDS
[14:51:32] [Server thread/INFO]: [STDOUT]: SERVER enter state: DORMANT
[14:51:32] [Thread-28/INFO]: [STDOUT]: Received from kubernetes.docker.internal:MALMO_REQUEST_CLIENT:0.37.0:20000:morgan
[14:51:32] [Thread-28/INFO]: [STDOUT]: ==== RES:  - 17616
[14:51:32] [Thread-28/INFO]: [STDOUT]: REPLYING WITH: MALMOOK
[14:51:32] [Thread-30/INFO]: [STDOUT]: Received from kubernetes.docker.internal:<?xml version="1.0" encoding="utf-8"?><MissionInit xmlns="http://ProjectMalmo.microsoft.com" xmlns:xsi="http://www.w3.org/2001/XMLSchema-instance" SchemaVersion="" PlatformVersion="0.37.0"><Mission>                                    <About>                    <Summary>Food Search #2</Summary></About><ModSettings>                    <MsPerTick>100</MsPerTick></ModSettings><ServerSection>                                <ServerInitialConditions>                                                            <Time>                                                        <StartTime>6000</StartTime><AllowPassageOfTime>false</AllowPassageOfTime></Time><Weather>clear</Weather><AllowSpawning>false</AllowSpawning></ServerInitialConditions><ServerHandlers>                                                            <FlatWorldGenerator generatorString="3;7,220*1,5*3,2;3;,biome_1"/><DrawingDecorator>                                                                                                                                 
[14:51:32] [Thread-30/INFO]: [STDOUT]: REPLYING WITH: MALMOOK
[14:51:32] [Client thread/INFO]: [STDOUT]: Mission received: Food Search #2
[14:51:32] [Client thread/INFO]: [STDOUT]: CLIENT request state: CREATING_HANDLERS
[14:51:32] [Client thread/INFO]: [STDOUT]: CLIENT enter state: CREATING_HANDLERS
[14:51:32] [Client thread/INFO]: [STDOUT]: CLIENT request state: EVALUATING_WORLD_REQUIREMENTS
[14:51:32] [Client thread/INFO]: [STDOUT]: CLIENT enter state: EVALUATING_WORLD_REQUIREMENTS
[14:51:32] [Client thread/INFO]: [STDOUT]: CLIENT request state: WAITING_FOR_SERVER_READY
[14:51:32] [Client thread/INFO]: [STDOUT]: CLIENT enter state: WAITING_FOR_SERVER_READY
[14:51:32] [Client thread/INFO]: [STDOUT]: ***Telling server we are ready - morgan
[14:51:32] [Server thread/INFO]: [STDOUT]: INCOMING MISSION: Received MissionInit directly through queue.
[14:51:32] [Server thread/INFO]: [STDOUT]: Mission received: Food Search #2
[14:51:32] [Server thread/INFO]: Received mission: §9Food Search #2
[14:51:32] [Server thread/INFO]: Source: §akubernetes.docker.internal
[14:51:32] [Server thread/INFO]: [STDOUT]: SERVER request state: BUILDING_WORLD
[14:51:32] [Server thread/INFO]: [STDOUT]: SERVER enter state: BUILDING_WORLD
[14:51:32] [Client thread/INFO]: [CHAT] Received mission: §9Food Search #2
[14:51:32] [Client thread/INFO]: [CHAT] Source: §akubernetes.docker.internal
[14:51:33] [Server thread/INFO]: [STDOUT]: SERVER request state: WAITING_FOR_AGENTS_TO_ASSEMBLE
[14:51:33] [Server thread/INFO]: [STDOUT]: SERVER enter state: WAITING_FOR_AGENTS_TO_ASSEMBLE
[14:51:33] [Server thread/INFO]: [STDOUT]: Experiment requires: 
[14:51:33] [Server thread/INFO]: [STDOUT]: >>>> morgan
[14:51:33] [Client thread/INFO]: [STDOUT]: ***Telling server we are ready - morgan
[14:51:33] [Client thread/INFO]: [STDOUT]: CLIENT request state: RUNNING
[14:51:33] [Client thread/INFO]: [STDOUT]: CLIENT enter state: RUNNING
[14:51:33] [Server thread/INFO]: [STDOUT]: SERVER request state: RUNNING
[14:51:33] [Server thread/INFO]: [STDOUT]: SERVER enter state: RUNNING
[14:51:34] [Client thread/INFO]: [STDOUT]: SEVERE: <-vid(kubernetes.docker.internal:10015) Failed to send TCP bytes: java.util.concurrent.ExecutionException: java.io.IOException: An existing connection was forcibly closed by the remote host
[14:51:34] [Client thread/INFO]: [STDOUT]: SEVERE: <-obs(kubernetes.docker.internal:10122) Failed to send TCP bytes: java.util.concurrent.ExecutionException: java.io.IOException: An existing connection was forcibly closed by the remote host
[14:51:34] [Client thread/INFO]: [STDOUT]: SEVERE: <-mcp(kubernetes.docker.internal:10660) Failed to send TCP bytes -- retrying : java.util.concurrent.ExecutionException: java.io.IOException: An existing connection was forcibly closed by the remote host
[14:51:36] [Client thread/INFO]: [STDOUT]: SEVERE: <-mcp(kubernetes.docker.internal:10660) Failed to reconnect: java.util.concurrent.ExecutionException: java.io.IOException: The remote computer refused the network connection.

[14:51:36] [Client thread/INFO]: [STDOUT]: Error - agent is not responding to pings.
[14:51:36] [Client thread/INFO]: [STDOUT]: SEVERE: <-mcp(kubernetes.docker.internal:10660) Failed to send TCP bytes -- retrying : java.util.concurrent.ExecutionException: java.nio.channels.ClosedChannelException
[14:51:38] [Client thread/INFO]: [STDOUT]: SEVERE: <-mcp(kubernetes.docker.internal:10660) Failed to reconnect: java.util.concurrent.ExecutionException: java.io.IOException: The remote computer refused the network connection.

[14:51:38] [Client thread/INFO]: [STDOUT]: Error - agent is not responding to pings.
[14:51:38] [Client thread/INFO]: [STDOUT]: CLIENT request state: IDLING
[14:51:38] [Client thread/INFO]: [STDOUT]: CLIENT enter state: IDLING
[14:51:38] [Server thread/INFO]: [STDOUT]: SERVER request state: WAITING_FOR_AGENTS_TO_QUIT
[14:51:38] [Server thread/INFO]: [STDOUT]: SERVER enter state: WAITING_FOR_AGENTS_TO_QUIT
[14:51:38] [Client thread/INFO]: [STDOUT]: CLIENT request state: MISSION_ENDED
[14:51:38] [Client thread/INFO]: [STDOUT]: CLIENT enter state: MISSION_ENDED
[14:51:38] [Client thread/INFO]: [STDOUT]: Sending mission ended message to kubernetes.docker.internal:10660.
[14:51:38] [Client thread/INFO]: [STDOUT]: SEVERE: <-mcp(kubernetes.docker.internal:10660) Failed to send TCP bytes: java.util.concurrent.ExecutionException: java.nio.channels.ClosedChannelException
[14:51:38] [Client thread/INFO]: [STDOUT]: CLIENT request state: WAITING_FOR_SERVER_MISSION_END
[14:51:38] [Client thread/INFO]: [STDOUT]: CLIENT enter state: WAITING_FOR_SERVER_MISSION_END
[14:51:38] [Server thread/INFO]: [STDOUT]: SERVER request state: CLEAN_UP
[14:51:38] [Client thread/INFO]: [STDOUT]: CLIENT request state: DORMANT
[14:51:38] [Server thread/INFO]: [STDOUT]: SERVER enter state: CLEAN_UP
[14:51:38] [Server thread/INFO]: [STDOUT]: SERVER request state: DORMANT
[14:51:38] [Server thread/INFO]: [STDOUT]: SERVER enter state: DORMANT
[14:51:38] [Client thread/INFO]: [STDOUT]: CLIENT enter state: DORMANT
[14:51:38] [Client thread/INFO]: [STDOUT]: JETTISONING 0 COMMANDS
[14:51:52] [Thread-34/INFO]: [STDOUT]: Received from kubernetes.docker.internal:MALMO_REQUEST_CLIENT:0.37.0:20000:morgan
[14:51:52] [Thread-34/INFO]: [STDOUT]: ==== RES:  - 107
[14:51:52] [Thread-34/INFO]: [STDOUT]: REPLYING WITH: MALMOOK
[14:51:52] [Thread-36/INFO]: [STDOUT]: Received from kubernetes.docker.internal:<?xml version="1.0" encoding="utf-8"?><MissionInit xmlns="http://ProjectMalmo.microsoft.com" xmlns:xsi="http://www.w3.org/2001/XMLSchema-instance" SchemaVersion="" PlatformVersion="0.37.0"><Mission>                                    <About>                    <Summary>Food Search #0</Summary></About><ModSettings>                    <MsPerTick>100</MsPerTick></ModSettings><ServerSection>                                <ServerInitialConditions>                                                            <Time>                                                        <StartTime>6000</StartTime><AllowPassageOfTime>false</AllowPassageOfTime></Time><Weather>clear</Weather><AllowSpawning>false</AllowSpawning></ServerInitialConditions><ServerHandlers>                                                            <FlatWorldGenerator generatorString="3;7,220*1,5*3,2;3;,biome_1"/><DrawingDecorator>                                                                                                                                 
[14:51:52] [Thread-36/INFO]: [STDOUT]: REPLYING WITH: MALMOOK
[14:51:52] [Client thread/INFO]: [STDOUT]: Mission received: Food Search #0
[14:51:52] [Client thread/INFO]: [STDOUT]: CLIENT request state: CREATING_HANDLERS
[14:51:52] [Client thread/INFO]: [STDOUT]: CLIENT enter state: CREATING_HANDLERS
[14:51:52] [Client thread/INFO]: [STDOUT]: CLIENT request state: EVALUATING_WORLD_REQUIREMENTS
[14:51:52] [Client thread/INFO]: [STDOUT]: CLIENT enter state: EVALUATING_WORLD_REQUIREMENTS
[14:51:52] [Client thread/INFO]: [STDOUT]: CLIENT request state: WAITING_FOR_SERVER_READY
[14:51:52] [Client thread/INFO]: [STDOUT]: CLIENT enter state: WAITING_FOR_SERVER_READY
[14:51:52] [Client thread/INFO]: [STDOUT]: ***Telling server we are ready - morgan
[14:51:52] [Server thread/INFO]: [STDOUT]: INCOMING MISSION: Received MissionInit directly through queue.
[14:51:52] [Server thread/INFO]: [STDOUT]: Mission received: Food Search #0
[14:51:52] [Server thread/INFO]: Received mission: §9Food Search #0
[14:51:52] [Server thread/INFO]: Source: §akubernetes.docker.internal
[14:51:52] [Server thread/INFO]: [STDOUT]: SERVER request state: BUILDING_WORLD
[14:51:52] [Server thread/INFO]: [STDOUT]: SERVER enter state: BUILDING_WORLD
[14:51:52] [Client thread/INFO]: [CHAT] Received mission: §9Food Search #0
[14:51:52] [Client thread/INFO]: [CHAT] Source: §akubernetes.docker.internal
[14:51:52] [Server thread/INFO]: [STDOUT]: SERVER request state: WAITING_FOR_AGENTS_TO_ASSEMBLE
[14:51:52] [Server thread/INFO]: [STDOUT]: SERVER enter state: WAITING_FOR_AGENTS_TO_ASSEMBLE
[14:51:52] [Server thread/INFO]: [STDOUT]: Experiment requires: 
[14:51:52] [Server thread/INFO]: [STDOUT]: >>>> morgan
[14:51:53] [Client thread/INFO]: [STDOUT]: ***Telling server we are ready - morgan
[14:51:53] [Client thread/INFO]: [STDOUT]: CLIENT request state: RUNNING
[14:51:53] [Client thread/INFO]: [STDOUT]: CLIENT enter state: RUNNING
[14:51:53] [Server thread/INFO]: [STDOUT]: SERVER request state: RUNNING
[14:51:53] [Server thread/INFO]: [STDOUT]: SERVER enter state: RUNNING
[14:52:08] [Server thread/INFO]: <morgan> Quitting mission
[14:52:08] [Client thread/INFO]: [CHAT] <morgan> Quitting mission
[14:52:09] [Client thread/INFO]: [STDOUT]: CLIENT request state: IDLING
[14:52:09] [Client thread/INFO]: [STDOUT]: CLIENT enter state: IDLING
[14:52:09] [Server thread/INFO]: [STDOUT]: SERVER request state: WAITING_FOR_AGENTS_TO_QUIT
[14:52:09] [Server thread/INFO]: [STDOUT]: SERVER enter state: WAITING_FOR_AGENTS_TO_QUIT
[14:52:09] [Client thread/INFO]: [STDOUT]: CLIENT request state: MISSION_ENDED
[14:52:09] [Client thread/INFO]: [STDOUT]: CLIENT enter state: MISSION_ENDED
[14:52:09] [Client thread/INFO]: [STDOUT]: Sending mission ended message to kubernetes.docker.internal:10697.
[14:52:09] [Client thread/INFO]: [STDOUT]: CLIENT request state: WAITING_FOR_SERVER_MISSION_END
[14:52:09] [Client thread/INFO]: [STDOUT]: CLIENT enter state: WAITING_FOR_SERVER_MISSION_END
[14:52:09] [Server thread/INFO]: [STDOUT]: SERVER request state: CLEAN_UP
[14:52:09] [Server thread/INFO]: [STDOUT]: SERVER enter state: CLEAN_UP
[14:52:09] [Server thread/INFO]: [STDOUT]: SERVER request state: DORMANT
[14:52:09] [Client thread/INFO]: [STDOUT]: CLIENT request state: DORMANT
[14:52:09] [Client thread/INFO]: [STDOUT]: CLIENT enter state: DORMANT
[14:52:09] [Client thread/INFO]: [STDOUT]: JETTISONING 0 COMMANDS
[14:52:09] [Server thread/INFO]: [STDOUT]: SERVER enter state: DORMANT
[14:52:09] [Thread-40/INFO]: [STDOUT]: Received from kubernetes.docker.internal:MALMO_REQUEST_CLIENT:0.37.0:20000:morgan
[14:52:09] [Thread-40/INFO]: [STDOUT]: ==== RES:  - 2853
[14:52:09] [Thread-40/INFO]: [STDOUT]: REPLYING WITH: MALMOOK
[14:52:09] [Thread-42/INFO]: [STDOUT]: Received from kubernetes.docker.internal:<?xml version="1.0" encoding="utf-8"?><MissionInit xmlns="http://ProjectMalmo.microsoft.com" xmlns:xsi="http://www.w3.org/2001/XMLSchema-instance" SchemaVersion="" PlatformVersion="0.37.0"><Mission>                                    <About>                    <Summary>Food Search #1</Summary></About><ModSettings>                    <MsPerTick>100</MsPerTick></ModSettings><ServerSection>                                <ServerInitialConditions>                                                            <Time>                                                        <StartTime>6000</StartTime><AllowPassageOfTime>false</AllowPassageOfTime></Time><Weather>clear</Weather><AllowSpawning>false</AllowSpawning></ServerInitialConditions><ServerHandlers>                                                            <FlatWorldGenerator generatorString="3;7,220*1,5*3,2;3;,biome_1"/><DrawingDecorator>                                                                                                                                 
[14:52:09] [Thread-42/INFO]: [STDOUT]: REPLYING WITH: MALMOOK
[14:52:09] [Client thread/INFO]: [STDOUT]: Mission received: Food Search #1
[14:52:09] [Client thread/INFO]: [STDOUT]: CLIENT request state: CREATING_HANDLERS
[14:52:09] [Client thread/INFO]: [STDOUT]: CLIENT enter state: CREATING_HANDLERS
[14:52:09] [Client thread/INFO]: [STDOUT]: CLIENT request state: EVALUATING_WORLD_REQUIREMENTS
[14:52:09] [Client thread/INFO]: [STDOUT]: CLIENT enter state: EVALUATING_WORLD_REQUIREMENTS
[14:52:09] [Client thread/INFO]: [STDOUT]: CLIENT request state: WAITING_FOR_SERVER_READY
[14:52:09] [Server thread/INFO]: [STDOUT]: INCOMING MISSION: Received MissionInit directly through queue.
[14:52:09] [Server thread/INFO]: [STDOUT]: Mission received: Food Search #1
[14:52:09] [Server thread/INFO]: Received mission: §9Food Search #1
[14:52:09] [Server thread/INFO]: Source: §akubernetes.docker.internal
[14:52:09] [Server thread/INFO]: [STDOUT]: SERVER request state: BUILDING_WORLD
[14:52:09] [Server thread/INFO]: [STDOUT]: SERVER enter state: BUILDING_WORLD
[14:52:09] [Client thread/INFO]: [CHAT] Received mission: §9Food Search #1
[14:52:09] [Client thread/INFO]: [CHAT] Source: §akubernetes.docker.internal
[14:52:09] [Client thread/INFO]: [STDOUT]: CLIENT enter state: WAITING_FOR_SERVER_READY
[14:52:09] [Client thread/INFO]: [STDOUT]: ***Telling server we are ready - morgan
[14:52:10] [Server thread/INFO]: [STDOUT]: SERVER request state: WAITING_FOR_AGENTS_TO_ASSEMBLE
[14:52:10] [Server thread/INFO]: [STDOUT]: SERVER enter state: WAITING_FOR_AGENTS_TO_ASSEMBLE
[14:52:10] [Server thread/INFO]: [STDOUT]: Experiment requires: 
[14:52:10] [Server thread/INFO]: [STDOUT]: >>>> morgan
[14:52:10] [Client thread/INFO]: [STDOUT]: ***Telling server we are ready - morgan
[14:52:10] [Client thread/INFO]: [STDOUT]: CLIENT request state: RUNNING
[14:52:10] [Client thread/INFO]: [STDOUT]: CLIENT enter state: RUNNING
[14:52:10] [Server thread/INFO]: [STDOUT]: SERVER request state: RUNNING
[14:52:10] [Server thread/INFO]: [STDOUT]: SERVER enter state: RUNNING
[14:52:11] [Server thread/INFO]: <morgan> Quitting mission
[14:52:11] [Client thread/INFO]: [CHAT] <morgan> Quitting mission
[14:52:11] [Client thread/INFO]: [STDOUT]: CLIENT request state: IDLING
[14:52:11] [Client thread/INFO]: [STDOUT]: CLIENT enter state: IDLING
[14:52:11] [Server thread/INFO]: [STDOUT]: SERVER request state: WAITING_FOR_AGENTS_TO_QUIT
[14:52:11] [Server thread/INFO]: [STDOUT]: SERVER enter state: WAITING_FOR_AGENTS_TO_QUIT
[14:52:11] [Client thread/INFO]: [STDOUT]: CLIENT request state: MISSION_ENDED
[14:52:11] [Client thread/INFO]: [STDOUT]: CLIENT enter state: MISSION_ENDED
[14:52:11] [Client thread/INFO]: [STDOUT]: Sending mission ended message to kubernetes.docker.internal:10253.
[14:52:11] [Client thread/INFO]: [STDOUT]: CLIENT request state: WAITING_FOR_SERVER_MISSION_END
[14:52:11] [Client thread/INFO]: [STDOUT]: CLIENT enter state: WAITING_FOR_SERVER_MISSION_END
[14:52:11] [Server thread/INFO]: [STDOUT]: SERVER request state: CLEAN_UP
[14:52:11] [Server thread/INFO]: [STDOUT]: SERVER enter state: CLEAN_UP
[14:52:11] [Server thread/INFO]: [STDOUT]: SERVER request state: DORMANT
[14:52:11] [Client thread/INFO]: [STDOUT]: CLIENT request state: DORMANT
[14:52:11] [Client thread/INFO]: [STDOUT]: CLIENT enter state: DORMANT
[14:52:11] [Client thread/INFO]: [STDOUT]: JETTISONING 0 COMMANDS
[14:52:11] [Server thread/INFO]: [STDOUT]: SERVER enter state: DORMANT
[14:52:12] [Thread-46/INFO]: [STDOUT]: Received from kubernetes.docker.internal:MALMO_REQUEST_CLIENT:0.37.0:20000:morgan
[14:52:12] [Thread-46/INFO]: [STDOUT]: ==== RES:  - 17612
[14:52:12] [Thread-46/INFO]: [STDOUT]: REPLYING WITH: MALMOOK
[14:52:12] [Thread-48/INFO]: [STDOUT]: Received from kubernetes.docker.internal:<?xml version="1.0" encoding="utf-8"?><MissionInit xmlns="http://ProjectMalmo.microsoft.com" xmlns:xsi="http://www.w3.org/2001/XMLSchema-instance" SchemaVersion="" PlatformVersion="0.37.0"><Mission>                                    <About>                    <Summary>Food Search #2</Summary></About><ModSettings>                    <MsPerTick>100</MsPerTick></ModSettings><ServerSection>                                <ServerInitialConditions>                                                            <Time>                                                        <StartTime>6000</StartTime><AllowPassageOfTime>false</AllowPassageOfTime></Time><Weather>clear</Weather><AllowSpawning>false</AllowSpawning></ServerInitialConditions><ServerHandlers>                                                            <FlatWorldGenerator generatorString="3;7,220*1,5*3,2;3;,biome_1"/><DrawingDecorator>                                                                                                                                 
[14:52:12] [Thread-48/INFO]: [STDOUT]: REPLYING WITH: MALMOOK
[14:52:12] [Client thread/INFO]: [STDOUT]: Mission received: Food Search #2
[14:52:12] [Client thread/INFO]: [STDOUT]: CLIENT request state: CREATING_HANDLERS
[14:52:12] [Client thread/INFO]: [STDOUT]: CLIENT enter state: CREATING_HANDLERS
[14:52:12] [Client thread/INFO]: [STDOUT]: CLIENT request state: EVALUATING_WORLD_REQUIREMENTS
[14:52:12] [Client thread/INFO]: [STDOUT]: CLIENT enter state: EVALUATING_WORLD_REQUIREMENTS
[14:52:12] [Client thread/INFO]: [STDOUT]: CLIENT request state: WAITING_FOR_SERVER_READY
[14:52:12] [Server thread/INFO]: [STDOUT]: INCOMING MISSION: Received MissionInit directly through queue.
[14:52:12] [Server thread/INFO]: [STDOUT]: Mission received: Food Search #2
[14:52:12] [Server thread/INFO]: Received mission: §9Food Search #2
[14:52:12] [Server thread/INFO]: Source: §akubernetes.docker.internal
[14:52:12] [Client thread/INFO]: [CHAT] Received mission: §9Food Search #2
[14:52:12] [Server thread/INFO]: [STDOUT]: SERVER request state: BUILDING_WORLD
[14:52:12] [Server thread/INFO]: [STDOUT]: SERVER enter state: BUILDING_WORLD
[14:52:12] [Client thread/INFO]: [CHAT] Source: §akubernetes.docker.internal
[14:52:12] [Client thread/INFO]: [STDOUT]: CLIENT enter state: WAITING_FOR_SERVER_READY
[14:52:12] [Client thread/INFO]: [STDOUT]: ***Telling server we are ready - morgan
[14:52:12] [Server thread/INFO]: [STDOUT]: SERVER request state: WAITING_FOR_AGENTS_TO_ASSEMBLE
[14:52:12] [Server thread/INFO]: [STDOUT]: SERVER enter state: WAITING_FOR_AGENTS_TO_ASSEMBLE
[14:52:12] [Server thread/INFO]: [STDOUT]: Experiment requires: 
[14:52:12] [Server thread/INFO]: [STDOUT]: >>>> morgan
[14:52:12] [Client thread/INFO]: [STDOUT]: ***Telling server we are ready - morgan
[14:52:12] [Client thread/INFO]: [STDOUT]: CLIENT request state: RUNNING
[14:52:12] [Client thread/INFO]: [STDOUT]: CLIENT enter state: RUNNING
[14:52:12] [Server thread/INFO]: [STDOUT]: SERVER request state: RUNNING
[14:52:12] [Server thread/INFO]: [STDOUT]: SERVER enter state: RUNNING
[14:52:13] [Server thread/INFO]: <morgan> Quitting mission
[14:52:13] [Client thread/INFO]: [CHAT] <morgan> Quitting mission
[14:52:13] [Client thread/INFO]: [STDOUT]: CLIENT request state: IDLING
[14:52:13] [Client thread/INFO]: [STDOUT]: CLIENT enter state: IDLING
[14:52:13] [Server thread/INFO]: [STDOUT]: SERVER request state: WAITING_FOR_AGENTS_TO_QUIT
[14:52:13] [Server thread/INFO]: [STDOUT]: SERVER enter state: WAITING_FOR_AGENTS_TO_QUIT
[14:52:13] [Client thread/INFO]: [STDOUT]: CLIENT request state: MISSION_ENDED
[14:52:13] [Client thread/INFO]: [STDOUT]: CLIENT enter state: MISSION_ENDED
[14:52:13] [Client thread/INFO]: [STDOUT]: Sending mission ended message to kubernetes.docker.internal:10902.
[14:52:13] [Client thread/INFO]: [STDOUT]: CLIENT request state: WAITING_FOR_SERVER_MISSION_END
[14:52:13] [Client thread/INFO]: [STDOUT]: CLIENT enter state: WAITING_FOR_SERVER_MISSION_END
[14:52:13] [Server thread/INFO]: [STDOUT]: SERVER request state: CLEAN_UP
[14:52:13] [Server thread/INFO]: [STDOUT]: SERVER enter state: CLEAN_UP
[14:52:13] [Client thread/INFO]: [STDOUT]: CLIENT request state: DORMANT
[14:52:13] [Client thread/INFO]: [STDOUT]: CLIENT enter state: DORMANT
[14:52:13] [Server thread/INFO]: [STDOUT]: SERVER request state: DORMANT
[14:52:13] [Client thread/INFO]: [STDOUT]: JETTISONING 0 COMMANDS
[14:52:14] [Server thread/INFO]: [STDOUT]: SERVER enter state: DORMANT
[14:52:14] [Thread-52/INFO]: [STDOUT]: Received from kubernetes.docker.internal:MALMO_REQUEST_CLIENT:0.37.0:20000:morgan
[14:52:14] [Thread-52/INFO]: [STDOUT]: ==== RES:  - 17618
[14:52:14] [Thread-52/INFO]: [STDOUT]: REPLYING WITH: MALMOOK
[14:52:14] [Thread-54/INFO]: [STDOUT]: Received from kubernetes.docker.internal:<?xml version="1.0" encoding="utf-8"?><MissionInit xmlns="http://ProjectMalmo.microsoft.com" xmlns:xsi="http://www.w3.org/2001/XMLSchema-instance" SchemaVersion="" PlatformVersion="0.37.0"><Mission>                                    <About>                    <Summary>Food Search #3</Summary></About><ModSettings>                    <MsPerTick>100</MsPerTick></ModSettings><ServerSection>                                <ServerInitialConditions>                                                            <Time>                                                        <StartTime>6000</StartTime><AllowPassageOfTime>false</AllowPassageOfTime></Time><Weather>clear</Weather><AllowSpawning>false</AllowSpawning></ServerInitialConditions><ServerHandlers>                                                            <FlatWorldGenerator generatorString="3;7,220*1,5*3,2;3;,biome_1"/><DrawingDecorator>                                                                                                                                 
[14:52:14] [Thread-54/INFO]: [STDOUT]: REPLYING WITH: MALMOOK
[14:52:14] [Client thread/INFO]: [STDOUT]: Mission received: Food Search #3
[14:52:14] [Client thread/INFO]: [STDOUT]: CLIENT request state: CREATING_HANDLERS
[14:52:14] [Client thread/INFO]: [STDOUT]: CLIENT enter state: CREATING_HANDLERS
[14:52:14] [Client thread/INFO]: [STDOUT]: CLIENT request state: EVALUATING_WORLD_REQUIREMENTS
[14:52:14] [Client thread/INFO]: [STDOUT]: CLIENT enter state: EVALUATING_WORLD_REQUIREMENTS
[14:52:14] [Client thread/INFO]: [STDOUT]: CLIENT request state: WAITING_FOR_SERVER_READY
[14:52:14] [Client thread/INFO]: [STDOUT]: CLIENT enter state: WAITING_FOR_SERVER_READY
[14:52:14] [Server thread/INFO]: [STDOUT]: INCOMING MISSION: Received MissionInit directly through queue.
[14:52:14] [Server thread/INFO]: [STDOUT]: Mission received: Food Search #3
[14:52:14] [Server thread/INFO]: Received mission: §9Food Search #3
[14:52:14] [Client thread/INFO]: [STDOUT]: ***Telling server we are ready - morgan
[14:52:14] [Server thread/INFO]: Source: §akubernetes.docker.internal
[14:52:14] [Server thread/INFO]: [STDOUT]: SERVER request state: BUILDING_WORLD
[14:52:14] [Server thread/INFO]: [STDOUT]: SERVER enter state: BUILDING_WORLD
[14:52:14] [Client thread/INFO]: [CHAT] Received mission: §9Food Search #3
[14:52:14] [Client thread/INFO]: [CHAT] Source: §akubernetes.docker.internal
[14:52:14] [Server thread/INFO]: [STDOUT]: SERVER request state: WAITING_FOR_AGENTS_TO_ASSEMBLE
[14:52:14] [Server thread/INFO]: [STDOUT]: SERVER enter state: WAITING_FOR_AGENTS_TO_ASSEMBLE
[14:52:14] [Server thread/INFO]: [STDOUT]: Experiment requires: 
[14:52:14] [Server thread/INFO]: [STDOUT]: >>>> morgan
[14:52:15] [Client thread/INFO]: [STDOUT]: ***Telling server we are ready - morgan
[14:52:15] [Client thread/INFO]: [STDOUT]: CLIENT request state: RUNNING
[14:52:15] [Client thread/INFO]: [STDOUT]: CLIENT enter state: RUNNING
[14:52:15] [Server thread/INFO]: [STDOUT]: SERVER request state: RUNNING
[14:52:15] [Server thread/INFO]: [STDOUT]: SERVER enter state: RUNNING
[14:52:16] [Server thread/INFO]: <morgan> Quitting mission
[14:52:16] [Client thread/INFO]: [CHAT] <morgan> Quitting mission
[14:52:16] [Client thread/INFO]: [STDOUT]: CLIENT request state: IDLING
[14:52:16] [Client thread/INFO]: [STDOUT]: CLIENT enter state: IDLING
[14:52:16] [Server thread/INFO]: [STDOUT]: SERVER request state: WAITING_FOR_AGENTS_TO_QUIT
[14:52:16] [Server thread/INFO]: [STDOUT]: SERVER enter state: WAITING_FOR_AGENTS_TO_QUIT
[14:52:16] [Client thread/INFO]: [STDOUT]: CLIENT request state: MISSION_ENDED
[14:52:16] [Client thread/INFO]: [STDOUT]: CLIENT enter state: MISSION_ENDED
[14:52:16] [Client thread/INFO]: [STDOUT]: Sending mission ended message to kubernetes.docker.internal:10584.
[14:52:16] [Client thread/INFO]: [STDOUT]: CLIENT request state: WAITING_FOR_SERVER_MISSION_END
[14:52:16] [Client thread/INFO]: [STDOUT]: CLIENT enter state: WAITING_FOR_SERVER_MISSION_END
[14:52:16] [Server thread/INFO]: [STDOUT]: SERVER request state: CLEAN_UP
[14:52:16] [Server thread/INFO]: [STDOUT]: SERVER enter state: CLEAN_UP
[14:52:16] [Server thread/INFO]: [STDOUT]: SERVER request state: DORMANT
[14:52:16] [Client thread/INFO]: [STDOUT]: CLIENT request state: DORMANT
[14:52:16] [Client thread/INFO]: [STDOUT]: CLIENT enter state: DORMANT
[14:52:16] [Client thread/INFO]: [STDOUT]: JETTISONING 0 COMMANDS
[14:52:16] [Server thread/INFO]: [STDOUT]: SERVER enter state: DORMANT
[14:52:17] [Thread-58/INFO]: [STDOUT]: Received from kubernetes.docker.internal:MALMO_REQUEST_CLIENT:0.37.0:20000:morgan
[14:52:17] [Thread-58/INFO]: [STDOUT]: ==== RES:  - 17582
[14:52:17] [Thread-58/INFO]: [STDOUT]: REPLYING WITH: MALMOOK
[14:52:17] [Thread-60/INFO]: [STDOUT]: Received from kubernetes.docker.internal:<?xml version="1.0" encoding="utf-8"?><MissionInit xmlns="http://ProjectMalmo.microsoft.com" xmlns:xsi="http://www.w3.org/2001/XMLSchema-instance" SchemaVersion="" PlatformVersion="0.37.0"><Mission>                                    <About>                    <Summary>Food Search #4</Summary></About><ModSettings>                    <MsPerTick>100</MsPerTick></ModSettings><ServerSection>                                <ServerInitialConditions>                                                            <Time>                                                        <StartTime>6000</StartTime><AllowPassageOfTime>false</AllowPassageOfTime></Time><Weather>clear</Weather><AllowSpawning>false</AllowSpawning></ServerInitialConditions><ServerHandlers>                                                            <FlatWorldGenerator generatorString="3;7,220*1,5*3,2;3;,biome_1"/><DrawingDecorator>                                                                                                                                 
[14:52:17] [Thread-60/INFO]: [STDOUT]: REPLYING WITH: MALMOOK
[14:52:17] [Client thread/INFO]: [STDOUT]: Mission received: Food Search #4
[14:52:17] [Client thread/INFO]: [STDOUT]: CLIENT request state: CREATING_HANDLERS
[14:52:17] [Client thread/INFO]: [STDOUT]: CLIENT enter state: CREATING_HANDLERS
[14:52:17] [Client thread/INFO]: [STDOUT]: CLIENT request state: EVALUATING_WORLD_REQUIREMENTS
[14:52:17] [Client thread/INFO]: [STDOUT]: CLIENT enter state: EVALUATING_WORLD_REQUIREMENTS
[14:52:17] [Client thread/INFO]: [STDOUT]: CLIENT request state: WAITING_FOR_SERVER_READY
[14:52:17] [Server thread/INFO]: [STDOUT]: INCOMING MISSION: Received MissionInit directly through queue.
[14:52:17] [Server thread/INFO]: [STDOUT]: Mission received: Food Search #4
[14:52:17] [Server thread/INFO]: Received mission: §9Food Search #4
[14:52:17] [Server thread/INFO]: Source: §akubernetes.docker.internal
[14:52:17] [Server thread/INFO]: [STDOUT]: SERVER request state: BUILDING_WORLD
[14:52:17] [Server thread/INFO]: [STDOUT]: SERVER enter state: BUILDING_WORLD
[14:52:17] [Client thread/INFO]: [CHAT] Received mission: §9Food Search #4
[14:52:17] [Client thread/INFO]: [CHAT] Source: §akubernetes.docker.internal
[14:52:17] [Client thread/INFO]: [STDOUT]: CLIENT enter state: WAITING_FOR_SERVER_READY
[14:52:17] [Client thread/INFO]: [STDOUT]: ***Telling server we are ready - morgan
[14:52:17] [Server thread/INFO]: [STDOUT]: SERVER request state: WAITING_FOR_AGENTS_TO_ASSEMBLE
[14:52:17] [Server thread/INFO]: [STDOUT]: SERVER enter state: WAITING_FOR_AGENTS_TO_ASSEMBLE
[14:52:17] [Server thread/INFO]: [STDOUT]: Experiment requires: 
[14:52:17] [Server thread/INFO]: [STDOUT]: >>>> morgan
[14:52:17] [Client thread/INFO]: [STDOUT]: ***Telling server we are ready - morgan
[14:52:17] [Client thread/INFO]: [STDOUT]: CLIENT request state: RUNNING
[14:52:17] [Client thread/INFO]: [STDOUT]: CLIENT enter state: RUNNING
[14:52:17] [Server thread/INFO]: [STDOUT]: SERVER request state: RUNNING
[14:52:17] [Server thread/INFO]: [STDOUT]: SERVER enter state: RUNNING
[14:52:18] [Server thread/INFO]: [STDOUT]: Warning: managed 2/10 ticks this second.
[14:52:19] [Server thread/INFO]: <morgan> Quitting mission
[14:52:19] [Client thread/INFO]: [CHAT] <morgan> Quitting mission
[14:52:19] [Client thread/INFO]: [STDOUT]: CLIENT request state: IDLING
[14:52:19] [Client thread/INFO]: [STDOUT]: CLIENT enter state: IDLING
[14:52:19] [Server thread/INFO]: [STDOUT]: SERVER request state: WAITING_FOR_AGENTS_TO_QUIT
[14:52:19] [Server thread/INFO]: [STDOUT]: SERVER enter state: WAITING_FOR_AGENTS_TO_QUIT
[14:52:19] [Client thread/INFO]: [STDOUT]: CLIENT request state: MISSION_ENDED
[14:52:19] [Client thread/INFO]: [STDOUT]: CLIENT enter state: MISSION_ENDED
[14:52:19] [Client thread/INFO]: [STDOUT]: Sending mission ended message to kubernetes.docker.internal:10225.
[14:52:19] [Client thread/INFO]: [STDOUT]: CLIENT request state: WAITING_FOR_SERVER_MISSION_END
[14:52:19] [Client thread/INFO]: [STDOUT]: CLIENT enter state: WAITING_FOR_SERVER_MISSION_END
[14:52:19] [Server thread/INFO]: [STDOUT]: SERVER request state: CLEAN_UP
[14:52:19] [Server thread/INFO]: [STDOUT]: SERVER enter state: CLEAN_UP
[14:52:19] [Server thread/INFO]: [STDOUT]: SERVER request state: DORMANT
[14:52:19] [Client thread/INFO]: [STDOUT]: CLIENT request state: DORMANT
[14:52:19] [Client thread/INFO]: [STDOUT]: CLIENT enter state: DORMANT
[14:52:19] [Client thread/INFO]: [STDOUT]: JETTISONING 0 COMMANDS
[14:52:20] [Server thread/INFO]: [STDOUT]: SERVER enter state: DORMANT
[14:52:20] [Thread-64/INFO]: [STDOUT]: Received from kubernetes.docker.internal:MALMO_REQUEST_CLIENT:0.37.0:20000:morgan
[14:52:20] [Thread-64/INFO]: [STDOUT]: ==== RES:  - 16724
[14:52:20] [Thread-64/INFO]: [STDOUT]: REPLYING WITH: MALMOOK
[14:52:20] [Thread-66/INFO]: [STDOUT]: Received from kubernetes.docker.internal:<?xml version="1.0" encoding="utf-8"?><MissionInit xmlns="http://ProjectMalmo.microsoft.com" xmlns:xsi="http://www.w3.org/2001/XMLSchema-instance" SchemaVersion="" PlatformVersion="0.37.0"><Mission>                                    <About>                    <Summary>Food Search #5</Summary></About><ModSettings>                    <MsPerTick>100</MsPerTick></ModSettings><ServerSection>                                <ServerInitialConditions>                                                            <Time>                                                        <StartTime>6000</StartTime><AllowPassageOfTime>false</AllowPassageOfTime></Time><Weather>clear</Weather><AllowSpawning>false</AllowSpawning></ServerInitialConditions><ServerHandlers>                                                            <FlatWorldGenerator generatorString="3;7,220*1,5*3,2;3;,biome_1"/><DrawingDecorator>                                                                                                                                 
[14:52:20] [Thread-66/INFO]: [STDOUT]: REPLYING WITH: MALMOOK
[14:52:20] [Client thread/INFO]: [STDOUT]: Mission received: Food Search #5
[14:52:20] [Client thread/INFO]: [STDOUT]: CLIENT request state: CREATING_HANDLERS
[14:52:20] [Client thread/INFO]: [STDOUT]: CLIENT enter state: CREATING_HANDLERS
[14:52:20] [Client thread/INFO]: [STDOUT]: CLIENT request state: EVALUATING_WORLD_REQUIREMENTS
[14:52:20] [Client thread/INFO]: [STDOUT]: CLIENT enter state: EVALUATING_WORLD_REQUIREMENTS
[14:52:20] [Client thread/INFO]: [STDOUT]: CLIENT request state: WAITING_FOR_SERVER_READY
[14:52:20] [Server thread/INFO]: [STDOUT]: INCOMING MISSION: Received MissionInit directly through queue.
[14:52:20] [Server thread/INFO]: [STDOUT]: Mission received: Food Search #5
[14:52:20] [Server thread/INFO]: Received mission: §9Food Search #5
[14:52:20] [Server thread/INFO]: Source: §akubernetes.docker.internal
[14:52:20] [Server thread/INFO]: [STDOUT]: SERVER request state: BUILDING_WORLD
[14:52:20] [Server thread/INFO]: [STDOUT]: SERVER enter state: BUILDING_WORLD
[14:52:20] [Client thread/INFO]: [CHAT] Received mission: §9Food Search #5
[14:52:20] [Client thread/INFO]: [CHAT] Source: §akubernetes.docker.internal
[14:52:20] [Client thread/INFO]: [STDOUT]: CLIENT enter state: WAITING_FOR_SERVER_READY
[14:52:20] [Client thread/INFO]: [STDOUT]: ***Telling server we are ready - morgan
[14:52:20] [Server thread/INFO]: [STDOUT]: SERVER request state: WAITING_FOR_AGENTS_TO_ASSEMBLE
[14:52:20] [Server thread/INFO]: [STDOUT]: SERVER enter state: WAITING_FOR_AGENTS_TO_ASSEMBLE
[14:52:20] [Server thread/INFO]: [STDOUT]: Experiment requires: 
[14:52:20] [Server thread/INFO]: [STDOUT]: >>>> morgan
[14:52:20] [Client thread/INFO]: [STDOUT]: ***Telling server we are ready - morgan
[14:52:20] [Client thread/INFO]: [STDOUT]: CLIENT request state: RUNNING
[14:52:20] [Client thread/INFO]: [STDOUT]: CLIENT enter state: RUNNING
[14:52:20] [Server thread/INFO]: [STDOUT]: SERVER request state: RUNNING
[14:52:20] [Server thread/INFO]: [STDOUT]: SERVER enter state: RUNNING
[14:52:21] [Server thread/INFO]: <morgan> Quitting mission
[14:52:21] [Client thread/INFO]: [STDOUT]: CLIENT request state: IDLING
[14:52:21] [Client thread/INFO]: [STDOUT]: CLIENT enter state: IDLING
[14:52:21] [Client thread/INFO]: [CHAT] <morgan> Quitting mission
[14:52:22] [Server thread/INFO]: [STDOUT]: SERVER request state: WAITING_FOR_AGENTS_TO_QUIT
[14:52:22] [Server thread/INFO]: [STDOUT]: SERVER enter state: WAITING_FOR_AGENTS_TO_QUIT
[14:52:22] [Client thread/INFO]: [STDOUT]: CLIENT request state: MISSION_ENDED
[14:52:22] [Client thread/INFO]: [STDOUT]: CLIENT enter state: MISSION_ENDED
[14:52:22] [Client thread/INFO]: [STDOUT]: Sending mission ended message to kubernetes.docker.internal:10074.
[14:52:22] [Client thread/INFO]: [STDOUT]: CLIENT request state: WAITING_FOR_SERVER_MISSION_END
[14:52:22] [Client thread/INFO]: [STDOUT]: CLIENT enter state: WAITING_FOR_SERVER_MISSION_END
[14:52:22] [Server thread/INFO]: [STDOUT]: SERVER request state: CLEAN_UP
[14:52:22] [Server thread/INFO]: [STDOUT]: SERVER enter state: CLEAN_UP
[14:52:22] [Server thread/INFO]: [STDOUT]: SERVER request state: DORMANT
[14:52:22] [Client thread/INFO]: [STDOUT]: CLIENT request state: DORMANT
[14:52:22] [Client thread/INFO]: [STDOUT]: CLIENT enter state: DORMANT
[14:52:22] [Client thread/INFO]: [STDOUT]: JETTISONING 0 COMMANDS
[14:52:22] [Server thread/INFO]: [STDOUT]: SERVER enter state: DORMANT
[14:52:22] [Thread-70/INFO]: [STDOUT]: Received from kubernetes.docker.internal:MALMO_REQUEST_CLIENT:0.37.0:20000:morgan
[14:52:22] [Thread-70/INFO]: [STDOUT]: ==== RES:  - 17591
[14:52:22] [Thread-70/INFO]: [STDOUT]: REPLYING WITH: MALMOOK
[14:52:22] [Thread-72/INFO]: [STDOUT]: Received from kubernetes.docker.internal:<?xml version="1.0" encoding="utf-8"?><MissionInit xmlns="http://ProjectMalmo.microsoft.com" xmlns:xsi="http://www.w3.org/2001/XMLSchema-instance" SchemaVersion="" PlatformVersion="0.37.0"><Mission>                                    <About>                    <Summary>Food Search #6</Summary></About><ModSettings>                    <MsPerTick>100</MsPerTick></ModSettings><ServerSection>                                <ServerInitialConditions>                                                            <Time>                                                        <StartTime>6000</StartTime><AllowPassageOfTime>false</AllowPassageOfTime></Time><Weather>clear</Weather><AllowSpawning>false</AllowSpawning></ServerInitialConditions><ServerHandlers>                                                            <FlatWorldGenerator generatorString="3;7,220*1,5*3,2;3;,biome_1"/><DrawingDecorator>                                                                                                                                 
[14:52:22] [Thread-72/INFO]: [STDOUT]: REPLYING WITH: MALMOOK
[14:52:22] [Client thread/INFO]: [STDOUT]: Mission received: Food Search #6
[14:52:22] [Client thread/INFO]: [STDOUT]: CLIENT request state: CREATING_HANDLERS
[14:52:22] [Client thread/INFO]: [STDOUT]: CLIENT enter state: CREATING_HANDLERS
[14:52:22] [Client thread/INFO]: [STDOUT]: CLIENT request state: EVALUATING_WORLD_REQUIREMENTS
[14:52:22] [Client thread/INFO]: [STDOUT]: CLIENT enter state: EVALUATING_WORLD_REQUIREMENTS
[14:52:22] [Client thread/INFO]: [STDOUT]: CLIENT request state: WAITING_FOR_SERVER_READY
[14:52:22] [Server thread/INFO]: [STDOUT]: INCOMING MISSION: Received MissionInit directly through queue.
[14:52:22] [Server thread/INFO]: [STDOUT]: Mission received: Food Search #6
[14:52:22] [Server thread/INFO]: Received mission: §9Food Search #6
[14:52:22] [Server thread/INFO]: Source: §akubernetes.docker.internal
[14:52:22] [Server thread/INFO]: [STDOUT]: SERVER request state: BUILDING_WORLD
[14:52:22] [Server thread/INFO]: [STDOUT]: SERVER enter state: BUILDING_WORLD
[14:52:22] [Client thread/INFO]: [CHAT] Received mission: §9Food Search #6
[14:52:22] [Client thread/INFO]: [CHAT] Source: §akubernetes.docker.internal
[14:52:22] [Client thread/INFO]: [STDOUT]: CLIENT enter state: WAITING_FOR_SERVER_READY
[14:52:22] [Client thread/INFO]: [STDOUT]: ***Telling server we are ready - morgan
[14:52:22] [Server thread/INFO]: [STDOUT]: SERVER request state: WAITING_FOR_AGENTS_TO_ASSEMBLE
[14:52:22] [Server thread/INFO]: [STDOUT]: SERVER enter state: WAITING_FOR_AGENTS_TO_ASSEMBLE
[14:52:22] [Server thread/INFO]: [STDOUT]: Experiment requires: 
[14:52:22] [Server thread/INFO]: [STDOUT]: >>>> morgan
[14:52:23] [Client thread/INFO]: [STDOUT]: ***Telling server we are ready - morgan
[14:52:23] [Client thread/INFO]: [STDOUT]: CLIENT request state: RUNNING
[14:52:23] [Client thread/INFO]: [STDOUT]: CLIENT enter state: RUNNING
[14:52:23] [Server thread/INFO]: [STDOUT]: SERVER request state: RUNNING
[14:52:23] [Server thread/INFO]: [STDOUT]: SERVER enter state: RUNNING
[14:52:24] [Server thread/INFO]: <morgan> Quitting mission
[14:52:24] [Client thread/INFO]: [CHAT] <morgan> Quitting mission
[14:52:24] [Client thread/INFO]: [STDOUT]: CLIENT request state: IDLING
[14:52:24] [Client thread/INFO]: [STDOUT]: CLIENT enter state: IDLING
[14:52:24] [Server thread/INFO]: [STDOUT]: SERVER request state: WAITING_FOR_AGENTS_TO_QUIT
[14:52:24] [Server thread/INFO]: [STDOUT]: SERVER enter state: WAITING_FOR_AGENTS_TO_QUIT
[14:52:24] [Client thread/INFO]: [STDOUT]: CLIENT request state: MISSION_ENDED
[14:52:24] [Client thread/INFO]: [STDOUT]: CLIENT enter state: MISSION_ENDED
[14:52:24] [Client thread/INFO]: [STDOUT]: Sending mission ended message to kubernetes.docker.internal:10056.
[14:52:24] [Client thread/INFO]: [STDOUT]: CLIENT request state: WAITING_FOR_SERVER_MISSION_END
[14:52:24] [Client thread/INFO]: [STDOUT]: CLIENT enter state: WAITING_FOR_SERVER_MISSION_END
[14:52:24] [Server thread/INFO]: [STDOUT]: SERVER request state: CLEAN_UP
[14:52:24] [Server thread/INFO]: [STDOUT]: SERVER enter state: CLEAN_UP
[14:52:24] [Client thread/INFO]: [STDOUT]: CLIENT request state: DORMANT
[14:52:24] [Server thread/INFO]: [STDOUT]: SERVER request state: DORMANT
[14:52:24] [Client thread/INFO]: [STDOUT]: CLIENT enter state: DORMANT
[14:52:24] [Client thread/INFO]: [STDOUT]: JETTISONING 0 COMMANDS
[14:52:24] [Server thread/INFO]: [STDOUT]: SERVER enter state: DORMANT
[14:52:25] [Thread-76/INFO]: [STDOUT]: Received from kubernetes.docker.internal:MALMO_REQUEST_CLIENT:0.37.0:20000:morgan
[14:52:25] [Thread-76/INFO]: [STDOUT]: ==== RES:  - 17639
[14:52:25] [Thread-76/INFO]: [STDOUT]: REPLYING WITH: MALMOOK
[14:52:25] [Thread-78/INFO]: [STDOUT]: Received from kubernetes.docker.internal:<?xml version="1.0" encoding="utf-8"?><MissionInit xmlns="http://ProjectMalmo.microsoft.com" xmlns:xsi="http://www.w3.org/2001/XMLSchema-instance" SchemaVersion="" PlatformVersion="0.37.0"><Mission>                                    <About>                    <Summary>Food Search #7</Summary></About><ModSettings>                    <MsPerTick>100</MsPerTick></ModSettings><ServerSection>                                <ServerInitialConditions>                                                            <Time>                                                        <StartTime>6000</StartTime><AllowPassageOfTime>false</AllowPassageOfTime></Time><Weather>clear</Weather><AllowSpawning>false</AllowSpawning></ServerInitialConditions><ServerHandlers>                                                            <FlatWorldGenerator generatorString="3;7,220*1,5*3,2;3;,biome_1"/><DrawingDecorator>                                                                                                                                 
[14:52:25] [Thread-78/INFO]: [STDOUT]: REPLYING WITH: MALMOOK
[14:52:25] [Client thread/INFO]: [STDOUT]: Mission received: Food Search #7
[14:52:25] [Client thread/INFO]: [STDOUT]: CLIENT request state: CREATING_HANDLERS
[14:52:25] [Client thread/INFO]: [STDOUT]: CLIENT enter state: CREATING_HANDLERS
[14:52:25] [Client thread/INFO]: [STDOUT]: CLIENT request state: EVALUATING_WORLD_REQUIREMENTS
[14:52:25] [Client thread/INFO]: [STDOUT]: CLIENT enter state: EVALUATING_WORLD_REQUIREMENTS
[14:52:25] [Client thread/INFO]: [STDOUT]: CLIENT request state: WAITING_FOR_SERVER_READY
[14:52:25] [Server thread/INFO]: [STDOUT]: INCOMING MISSION: Received MissionInit directly through queue.
[14:52:25] [Server thread/INFO]: [STDOUT]: Mission received: Food Search #7
[14:52:25] [Server thread/INFO]: Received mission: §9Food Search #7
[14:52:25] [Server thread/INFO]: Source: §akubernetes.docker.internal
[14:52:25] [Server thread/INFO]: [STDOUT]: SERVER request state: BUILDING_WORLD
[14:52:25] [Server thread/INFO]: [STDOUT]: SERVER enter state: BUILDING_WORLD
[14:52:25] [Client thread/INFO]: [CHAT] Received mission: §9Food Search #7
[14:52:25] [Client thread/INFO]: [CHAT] Source: §akubernetes.docker.internal
[14:52:25] [Client thread/INFO]: [STDOUT]: CLIENT enter state: WAITING_FOR_SERVER_READY
[14:52:25] [Client thread/INFO]: [STDOUT]: ***Telling server we are ready - morgan
[14:52:25] [Server thread/INFO]: [STDOUT]: SERVER request state: WAITING_FOR_AGENTS_TO_ASSEMBLE
[14:52:25] [Server thread/INFO]: [STDOUT]: SERVER enter state: WAITING_FOR_AGENTS_TO_ASSEMBLE
[14:52:25] [Server thread/INFO]: [STDOUT]: Experiment requires: 
[14:52:25] [Server thread/INFO]: [STDOUT]: >>>> morgan
[14:52:25] [Client thread/INFO]: [STDOUT]: ***Telling server we are ready - morgan
[14:52:25] [Client thread/INFO]: [STDOUT]: CLIENT request state: RUNNING
[14:52:25] [Client thread/INFO]: [STDOUT]: CLIENT enter state: RUNNING
[14:52:25] [Server thread/INFO]: [STDOUT]: SERVER request state: RUNNING
[14:52:25] [Server thread/INFO]: [STDOUT]: SERVER enter state: RUNNING
[14:52:26] [Server thread/INFO]: <morgan> Quitting mission
[14:52:26] [Client thread/INFO]: [CHAT] <morgan> Quitting mission
[14:52:26] [Client thread/INFO]: [STDOUT]: CLIENT request state: IDLING
[14:52:26] [Client thread/INFO]: [STDOUT]: CLIENT enter state: IDLING
[14:52:26] [Server thread/INFO]: [STDOUT]: SERVER request state: WAITING_FOR_AGENTS_TO_QUIT
[14:52:26] [Server thread/INFO]: [STDOUT]: SERVER enter state: WAITING_FOR_AGENTS_TO_QUIT
[14:52:26] [Client thread/INFO]: [STDOUT]: CLIENT request state: MISSION_ENDED
[14:52:26] [Client thread/INFO]: [STDOUT]: CLIENT enter state: MISSION_ENDED
[14:52:26] [Client thread/INFO]: [STDOUT]: Sending mission ended message to kubernetes.docker.internal:10026.
[14:52:26] [Client thread/INFO]: [STDOUT]: CLIENT request state: WAITING_FOR_SERVER_MISSION_END
[14:52:26] [Client thread/INFO]: [STDOUT]: CLIENT enter state: WAITING_FOR_SERVER_MISSION_END
[14:52:26] [Server thread/INFO]: [STDOUT]: SERVER request state: CLEAN_UP
[14:52:26] [Server thread/INFO]: [STDOUT]: SERVER enter state: CLEAN_UP
[14:52:26] [Server thread/INFO]: [STDOUT]: SERVER request state: DORMANT
[14:52:26] [Client thread/INFO]: [STDOUT]: CLIENT request state: DORMANT
[14:52:26] [Client thread/INFO]: [STDOUT]: CLIENT enter state: DORMANT
[14:52:26] [Client thread/INFO]: [STDOUT]: JETTISONING 0 COMMANDS
[14:52:26] [Server thread/INFO]: [STDOUT]: SERVER enter state: DORMANT
[14:52:27] [Thread-82/INFO]: [STDOUT]: Received from kubernetes.docker.internal:MALMO_REQUEST_CLIENT:0.37.0:20000:morgan
[14:52:27] [Thread-82/INFO]: [STDOUT]: ==== RES:  - 17635
[14:52:27] [Thread-82/INFO]: [STDOUT]: REPLYING WITH: MALMOOK
[14:52:27] [Thread-84/INFO]: [STDOUT]: Received from kubernetes.docker.internal:<?xml version="1.0" encoding="utf-8"?><MissionInit xmlns="http://ProjectMalmo.microsoft.com" xmlns:xsi="http://www.w3.org/2001/XMLSchema-instance" SchemaVersion="" PlatformVersion="0.37.0"><Mission>                                    <About>                    <Summary>Food Search #8</Summary></About><ModSettings>                    <MsPerTick>100</MsPerTick></ModSettings><ServerSection>                                <ServerInitialConditions>                                                            <Time>                                                        <StartTime>6000</StartTime><AllowPassageOfTime>false</AllowPassageOfTime></Time><Weather>clear</Weather><AllowSpawning>false</AllowSpawning></ServerInitialConditions><ServerHandlers>                                                            <FlatWorldGenerator generatorString="3;7,220*1,5*3,2;3;,biome_1"/><DrawingDecorator>                                                                                                                                 
[14:52:27] [Thread-84/INFO]: [STDOUT]: REPLYING WITH: MALMOOK
[14:52:27] [Client thread/INFO]: [STDOUT]: Mission received: Food Search #8
[14:52:27] [Client thread/INFO]: [STDOUT]: CLIENT request state: CREATING_HANDLERS
[14:52:27] [Client thread/INFO]: [STDOUT]: CLIENT enter state: CREATING_HANDLERS
[14:52:27] [Client thread/INFO]: [STDOUT]: CLIENT request state: EVALUATING_WORLD_REQUIREMENTS
[14:52:27] [Client thread/INFO]: [STDOUT]: CLIENT enter state: EVALUATING_WORLD_REQUIREMENTS
[14:52:27] [Client thread/INFO]: [STDOUT]: CLIENT request state: WAITING_FOR_SERVER_READY
[14:52:27] [Server thread/INFO]: [STDOUT]: INCOMING MISSION: Received MissionInit directly through queue.
[14:52:27] [Server thread/INFO]: [STDOUT]: Mission received: Food Search #8
[14:52:27] [Server thread/INFO]: Received mission: §9Food Search #8
[14:52:27] [Server thread/INFO]: Source: §akubernetes.docker.internal
[14:52:27] [Server thread/INFO]: [STDOUT]: SERVER request state: BUILDING_WORLD
[14:52:27] [Server thread/INFO]: [STDOUT]: SERVER enter state: BUILDING_WORLD
[14:52:27] [Client thread/INFO]: [CHAT] Received mission: §9Food Search #8
[14:52:27] [Client thread/INFO]: [CHAT] Source: §akubernetes.docker.internal
[14:52:27] [Client thread/INFO]: [STDOUT]: CLIENT enter state: WAITING_FOR_SERVER_READY
[14:52:27] [Client thread/INFO]: [STDOUT]: ***Telling server we are ready - morgan
[14:52:27] [Server thread/INFO]: [STDOUT]: SERVER request state: WAITING_FOR_AGENTS_TO_ASSEMBLE
[14:52:27] [Server thread/INFO]: [STDOUT]: SERVER enter state: WAITING_FOR_AGENTS_TO_ASSEMBLE
[14:52:27] [Server thread/INFO]: [STDOUT]: Experiment requires: 
[14:52:27] [Server thread/INFO]: [STDOUT]: >>>> morgan
[14:52:27] [Client thread/INFO]: [STDOUT]: ***Telling server we are ready - morgan
[14:52:27] [Client thread/INFO]: [STDOUT]: CLIENT request state: RUNNING
[14:52:27] [Client thread/INFO]: [STDOUT]: CLIENT enter state: RUNNING
[14:52:27] [Server thread/INFO]: [STDOUT]: SERVER request state: RUNNING
[14:52:27] [Server thread/INFO]: [STDOUT]: SERVER enter state: RUNNING
[14:52:29] [Server thread/INFO]: <morgan> Quitting mission
[14:52:29] [Client thread/INFO]: [STDOUT]: CLIENT request state: IDLING
[14:52:29] [Client thread/INFO]: [STDOUT]: CLIENT enter state: IDLING
[14:52:29] [Client thread/INFO]: [CHAT] <morgan> Quitting mission
[14:52:29] [Server thread/INFO]: [STDOUT]: SERVER request state: WAITING_FOR_AGENTS_TO_QUIT
[14:52:29] [Server thread/INFO]: [STDOUT]: SERVER enter state: WAITING_FOR_AGENTS_TO_QUIT
[14:52:29] [Client thread/INFO]: [STDOUT]: CLIENT request state: MISSION_ENDED
[14:52:29] [Client thread/INFO]: [STDOUT]: CLIENT enter state: MISSION_ENDED
[14:52:29] [Client thread/INFO]: [STDOUT]: Sending mission ended message to kubernetes.docker.internal:10895.
[14:52:29] [Client thread/INFO]: [STDOUT]: CLIENT request state: WAITING_FOR_SERVER_MISSION_END
[14:52:29] [Client thread/INFO]: [STDOUT]: CLIENT enter state: WAITING_FOR_SERVER_MISSION_END
[14:52:29] [Server thread/INFO]: [STDOUT]: SERVER request state: CLEAN_UP
[14:52:29] [Server thread/INFO]: [STDOUT]: SERVER enter state: CLEAN_UP
[14:52:29] [Client thread/INFO]: [STDOUT]: CLIENT request state: DORMANT
[14:52:29] [Server thread/INFO]: [STDOUT]: SERVER request state: DORMANT
[14:52:29] [Client thread/INFO]: [STDOUT]: CLIENT enter state: DORMANT
[14:52:29] [Client thread/INFO]: [STDOUT]: JETTISONING 0 COMMANDS
[14:52:29] [Server thread/INFO]: [STDOUT]: SERVER enter state: DORMANT
[14:52:29] [Thread-88/INFO]: [STDOUT]: Received from kubernetes.docker.internal:MALMO_REQUEST_CLIENT:0.37.0:20000:morgan
[14:52:29] [Thread-88/INFO]: [STDOUT]: ==== RES:  - 17600
[14:52:29] [Thread-88/INFO]: [STDOUT]: REPLYING WITH: MALMOOK
[14:52:29] [Thread-90/INFO]: [STDOUT]: Received from kubernetes.docker.internal:<?xml version="1.0" encoding="utf-8"?><MissionInit xmlns="http://ProjectMalmo.microsoft.com" xmlns:xsi="http://www.w3.org/2001/XMLSchema-instance" SchemaVersion="" PlatformVersion="0.37.0"><Mission>                                    <About>                    <Summary>Food Search #9</Summary></About><ModSettings>                    <MsPerTick>100</MsPerTick></ModSettings><ServerSection>                                <ServerInitialConditions>                                                            <Time>                                                        <StartTime>6000</StartTime><AllowPassageOfTime>false</AllowPassageOfTime></Time><Weather>clear</Weather><AllowSpawning>false</AllowSpawning></ServerInitialConditions><ServerHandlers>                                                            <FlatWorldGenerator generatorString="3;7,220*1,5*3,2;3;,biome_1"/><DrawingDecorator>                                                                                                                                 
[14:52:29] [Thread-90/INFO]: [STDOUT]: REPLYING WITH: MALMOOK
[14:52:29] [Client thread/INFO]: [STDOUT]: Mission received: Food Search #9
[14:52:29] [Client thread/INFO]: [STDOUT]: CLIENT request state: CREATING_HANDLERS
[14:52:29] [Client thread/INFO]: [STDOUT]: CLIENT enter state: CREATING_HANDLERS
[14:52:29] [Client thread/INFO]: [STDOUT]: CLIENT request state: EVALUATING_WORLD_REQUIREMENTS
[14:52:29] [Client thread/INFO]: [STDOUT]: CLIENT enter state: EVALUATING_WORLD_REQUIREMENTS
[14:52:29] [Client thread/INFO]: [STDOUT]: CLIENT request state: WAITING_FOR_SERVER_READY
[14:52:29] [Client thread/INFO]: [STDOUT]: CLIENT enter state: WAITING_FOR_SERVER_READY
[14:52:29] [Server thread/INFO]: [STDOUT]: INCOMING MISSION: Received MissionInit directly through queue.
[14:52:29] [Server thread/INFO]: [STDOUT]: Mission received: Food Search #9
[14:52:29] [Server thread/INFO]: Received mission: §9Food Search #9
[14:52:29] [Server thread/INFO]: Source: §akubernetes.docker.internal
[14:52:29] [Server thread/INFO]: [STDOUT]: SERVER request state: BUILDING_WORLD
[14:52:29] [Server thread/INFO]: [STDOUT]: SERVER enter state: BUILDING_WORLD
[14:52:29] [Client thread/INFO]: [STDOUT]: ***Telling server we are ready - morgan
[14:52:29] [Client thread/INFO]: [CHAT] Received mission: §9Food Search #9
[14:52:29] [Client thread/INFO]: [CHAT] Source: §akubernetes.docker.internal
[14:52:30] [Server thread/INFO]: [STDOUT]: SERVER request state: WAITING_FOR_AGENTS_TO_ASSEMBLE
[14:52:30] [Server thread/INFO]: [STDOUT]: SERVER enter state: WAITING_FOR_AGENTS_TO_ASSEMBLE
[14:52:30] [Server thread/INFO]: [STDOUT]: Experiment requires: 
[14:52:30] [Server thread/INFO]: [STDOUT]: >>>> morgan
[14:52:30] [Client thread/INFO]: [STDOUT]: ***Telling server we are ready - morgan
[14:52:30] [Client thread/INFO]: [STDOUT]: CLIENT request state: RUNNING
[14:52:30] [Client thread/INFO]: [STDOUT]: CLIENT enter state: RUNNING
[14:52:30] [Server thread/INFO]: [STDOUT]: SERVER request state: RUNNING
[14:52:30] [Server thread/INFO]: [STDOUT]: SERVER enter state: RUNNING
[14:52:31] [Server thread/INFO]: <morgan> Quitting mission
[14:52:31] [Client thread/INFO]: [CHAT] <morgan> Quitting mission
[14:52:31] [Client thread/INFO]: [STDOUT]: CLIENT request state: IDLING
[14:52:31] [Client thread/INFO]: [STDOUT]: CLIENT enter state: IDLING
[14:52:31] [Server thread/INFO]: [STDOUT]: SERVER request state: WAITING_FOR_AGENTS_TO_QUIT
[14:52:31] [Server thread/INFO]: [STDOUT]: SERVER enter state: WAITING_FOR_AGENTS_TO_QUIT
[14:52:31] [Client thread/INFO]: [STDOUT]: CLIENT request state: MISSION_ENDED
[14:52:31] [Client thread/INFO]: [STDOUT]: CLIENT enter state: MISSION_ENDED
[14:52:31] [Client thread/INFO]: [STDOUT]: Sending mission ended message to kubernetes.docker.internal:10222.
[14:52:31] [Client thread/INFO]: [STDOUT]: CLIENT request state: WAITING_FOR_SERVER_MISSION_END
[14:52:31] [Client thread/INFO]: [STDOUT]: CLIENT enter state: WAITING_FOR_SERVER_MISSION_END
[14:52:31] [Server thread/INFO]: [STDOUT]: SERVER request state: CLEAN_UP
[14:52:31] [Server thread/INFO]: [STDOUT]: SERVER enter state: CLEAN_UP
[14:52:31] [Server thread/INFO]: [STDOUT]: SERVER request state: DORMANT
[14:52:31] [Client thread/INFO]: [STDOUT]: CLIENT request state: DORMANT
[14:52:31] [Client thread/INFO]: [STDOUT]: CLIENT enter state: DORMANT
[14:52:31] [Client thread/INFO]: [STDOUT]: JETTISONING 0 COMMANDS
[14:52:31] [Server thread/INFO]: [STDOUT]: SERVER enter state: DORMANT
[14:52:32] [Thread-94/INFO]: [STDOUT]: Received from kubernetes.docker.internal:MALMO_REQUEST_CLIENT:0.37.0:20000:morgan
[14:52:32] [Thread-94/INFO]: [STDOUT]: ==== RES:  - 17725
[14:52:32] [Thread-94/INFO]: [STDOUT]: REPLYING WITH: MALMOOK
[14:52:32] [Thread-96/INFO]: [STDOUT]: Received from kubernetes.docker.internal:<?xml version="1.0" encoding="utf-8"?><MissionInit xmlns="http://ProjectMalmo.microsoft.com" xmlns:xsi="http://www.w3.org/2001/XMLSchema-instance" SchemaVersion="" PlatformVersion="0.37.0"><Mission>                                    <About>                    <Summary>Food Search #10</Summary></About><ModSettings>                    <MsPerTick>100</MsPerTick></ModSettings><ServerSection>                                <ServerInitialConditions>                                                            <Time>                                                        <StartTime>6000</StartTime><AllowPassageOfTime>false</AllowPassageOfTime></Time><Weather>clear</Weather><AllowSpawning>false</AllowSpawning></ServerInitialConditions><ServerHandlers>                                                            <FlatWorldGenerator generatorString="3;7,220*1,5*3,2;3;,biome_1"/><DrawingDecorator>                                                                                                                                
[14:52:32] [Thread-96/INFO]: [STDOUT]: REPLYING WITH: MALMOOK
[14:52:32] [Client thread/INFO]: [STDOUT]: Mission received: Food Search #10
[14:52:32] [Client thread/INFO]: [STDOUT]: CLIENT request state: CREATING_HANDLERS
[14:52:32] [Client thread/INFO]: [STDOUT]: CLIENT enter state: CREATING_HANDLERS
[14:52:32] [Client thread/INFO]: [STDOUT]: CLIENT request state: EVALUATING_WORLD_REQUIREMENTS
[14:52:32] [Client thread/INFO]: [STDOUT]: CLIENT enter state: EVALUATING_WORLD_REQUIREMENTS
[14:52:32] [Client thread/INFO]: [STDOUT]: CLIENT request state: WAITING_FOR_SERVER_READY
[14:52:32] [Client thread/INFO]: [STDOUT]: CLIENT enter state: WAITING_FOR_SERVER_READY
[14:52:32] [Client thread/INFO]: [STDOUT]: ***Telling server we are ready - morgan
[14:52:32] [Server thread/INFO]: [STDOUT]: INCOMING MISSION: Received MissionInit directly through queue.
[14:52:32] [Server thread/INFO]: [STDOUT]: Mission received: Food Search #10
[14:52:32] [Server thread/INFO]: Received mission: §9Food Search #10
[14:52:32] [Server thread/INFO]: Source: §akubernetes.docker.internal
[14:52:32] [Server thread/INFO]: [STDOUT]: SERVER request state: BUILDING_WORLD
[14:52:32] [Server thread/INFO]: [STDOUT]: SERVER enter state: BUILDING_WORLD
[14:52:32] [Client thread/INFO]: [CHAT] Received mission: §9Food Search #10
[14:52:32] [Client thread/INFO]: [CHAT] Source: §akubernetes.docker.internal
[14:52:32] [Server thread/INFO]: [STDOUT]: SERVER request state: WAITING_FOR_AGENTS_TO_ASSEMBLE
[14:52:32] [Server thread/INFO]: [STDOUT]: SERVER enter state: WAITING_FOR_AGENTS_TO_ASSEMBLE
[14:52:32] [Server thread/INFO]: [STDOUT]: Experiment requires: 
[14:52:32] [Server thread/INFO]: [STDOUT]: >>>> morgan
[14:52:32] [Client thread/INFO]: [STDOUT]: ***Telling server we are ready - morgan
[14:52:32] [Client thread/INFO]: [STDOUT]: CLIENT request state: RUNNING
[14:52:32] [Client thread/INFO]: [STDOUT]: CLIENT enter state: RUNNING
[14:52:32] [Server thread/INFO]: [STDOUT]: SERVER request state: RUNNING
[14:52:32] [Server thread/INFO]: [STDOUT]: SERVER enter state: RUNNING
[14:52:33] [Server thread/INFO]: <morgan> Quitting mission
[14:52:33] [Client thread/INFO]: [CHAT] <morgan> Quitting mission
[14:52:33] [Client thread/INFO]: [STDOUT]: CLIENT request state: IDLING
[14:52:33] [Client thread/INFO]: [STDOUT]: CLIENT enter state: IDLING
[14:52:33] [Server thread/INFO]: [STDOUT]: SERVER request state: WAITING_FOR_AGENTS_TO_QUIT
[14:52:33] [Server thread/INFO]: [STDOUT]: SERVER enter state: WAITING_FOR_AGENTS_TO_QUIT
[14:52:33] [Client thread/INFO]: [STDOUT]: CLIENT request state: MISSION_ENDED
[14:52:33] [Client thread/INFO]: [STDOUT]: CLIENT enter state: MISSION_ENDED
[14:52:33] [Client thread/INFO]: [STDOUT]: Sending mission ended message to kubernetes.docker.internal:10823.
[14:52:33] [Client thread/INFO]: [STDOUT]: CLIENT request state: WAITING_FOR_SERVER_MISSION_END
[14:52:33] [Client thread/INFO]: [STDOUT]: CLIENT enter state: WAITING_FOR_SERVER_MISSION_END
[14:52:33] [Server thread/INFO]: [STDOUT]: SERVER request state: CLEAN_UP
[14:52:33] [Server thread/INFO]: [STDOUT]: SERVER enter state: CLEAN_UP
[14:52:33] [Server thread/INFO]: [STDOUT]: SERVER request state: DORMANT
[14:52:33] [Client thread/INFO]: [STDOUT]: CLIENT request state: DORMANT
[14:52:33] [Client thread/INFO]: [STDOUT]: CLIENT enter state: DORMANT
[14:52:33] [Client thread/INFO]: [STDOUT]: JETTISONING 0 COMMANDS
[14:52:34] [Server thread/INFO]: [STDOUT]: SERVER enter state: DORMANT
[14:52:34] [Thread-100/INFO]: [STDOUT]: Received from kubernetes.docker.internal:MALMO_REQUEST_CLIENT:0.37.0:20000:morgan
[14:52:34] [Thread-100/INFO]: [STDOUT]: ==== RES:  - 17614
[14:52:34] [Thread-100/INFO]: [STDOUT]: REPLYING WITH: MALMOOK
[14:52:34] [Thread-102/INFO]: [STDOUT]: Received from kubernetes.docker.internal:<?xml version="1.0" encoding="utf-8"?><MissionInit xmlns="http://ProjectMalmo.microsoft.com" xmlns:xsi="http://www.w3.org/2001/XMLSchema-instance" SchemaVersion="" PlatformVersion="0.37.0"><Mission>                                    <About>                    <Summary>Food Search #11</Summary></About><ModSettings>                    <MsPerTick>100</MsPerTick></ModSettings><ServerSection>                                <ServerInitialConditions>                                                            <Time>                                                        <StartTime>6000</StartTime><AllowPassageOfTime>false</AllowPassageOfTime></Time><Weather>clear</Weather><AllowSpawning>false</AllowSpawning></ServerInitialConditions><ServerHandlers>                                                            <FlatWorldGenerator generatorString="3;7,220*1,5*3,2;3;,biome_1"/><DrawingDecorator>                                                                                                                                
[14:52:34] [Thread-102/INFO]: [STDOUT]: REPLYING WITH: MALMOOK
[14:52:34] [Client thread/INFO]: [STDOUT]: Mission received: Food Search #11
[14:52:34] [Client thread/INFO]: [STDOUT]: CLIENT request state: CREATING_HANDLERS
[14:52:34] [Client thread/INFO]: [STDOUT]: CLIENT enter state: CREATING_HANDLERS
[14:52:34] [Client thread/INFO]: [STDOUT]: CLIENT request state: EVALUATING_WORLD_REQUIREMENTS
[14:52:34] [Client thread/INFO]: [STDOUT]: CLIENT enter state: EVALUATING_WORLD_REQUIREMENTS
[14:52:34] [Client thread/INFO]: [STDOUT]: CLIENT request state: WAITING_FOR_SERVER_READY
[14:52:34] [Server thread/INFO]: [STDOUT]: INCOMING MISSION: Received MissionInit directly through queue.
[14:52:34] [Server thread/INFO]: [STDOUT]: Mission received: Food Search #11
[14:52:34] [Server thread/INFO]: Received mission: §9Food Search #11
[14:52:34] [Server thread/INFO]: Source: §akubernetes.docker.internal
[14:52:34] [Server thread/INFO]: [STDOUT]: SERVER request state: BUILDING_WORLD
[14:52:34] [Server thread/INFO]: [STDOUT]: SERVER enter state: BUILDING_WORLD
[14:52:34] [Client thread/INFO]: [CHAT] Received mission: §9Food Search #11
[14:52:34] [Client thread/INFO]: [CHAT] Source: §akubernetes.docker.internal
[14:52:34] [Server thread/INFO]: [STDOUT]: SERVER request state: WAITING_FOR_AGENTS_TO_ASSEMBLE
[14:52:34] [Client thread/INFO]: [STDOUT]: CLIENT enter state: WAITING_FOR_SERVER_READY
[14:52:34] [Client thread/INFO]: [STDOUT]: ***Telling server we are ready - morgan
[14:52:34] [Server thread/INFO]: [STDOUT]: SERVER enter state: WAITING_FOR_AGENTS_TO_ASSEMBLE
[14:52:34] [Server thread/INFO]: [STDOUT]: Experiment requires: 
[14:52:34] [Server thread/INFO]: [STDOUT]: >>>> morgan
[14:52:34] [Client thread/INFO]: [STDOUT]: ***Telling server we are ready - morgan
[14:52:35] [Client thread/INFO]: [STDOUT]: CLIENT request state: RUNNING
[14:52:35] [Client thread/INFO]: [STDOUT]: CLIENT enter state: RUNNING
[14:52:35] [Server thread/INFO]: [STDOUT]: SERVER request state: RUNNING
[14:52:35] [Server thread/INFO]: [STDOUT]: SERVER enter state: RUNNING
[14:52:36] [Server thread/INFO]: <morgan> Quitting mission
[14:52:36] [Client thread/INFO]: [CHAT] <morgan> Quitting mission
[14:52:36] [Client thread/INFO]: [STDOUT]: CLIENT request state: IDLING
[14:52:36] [Client thread/INFO]: [STDOUT]: CLIENT enter state: IDLING
[14:52:36] [Server thread/INFO]: [STDOUT]: SERVER request state: WAITING_FOR_AGENTS_TO_QUIT
[14:52:36] [Server thread/INFO]: [STDOUT]: SERVER enter state: WAITING_FOR_AGENTS_TO_QUIT
[14:52:36] [Client thread/INFO]: [STDOUT]: CLIENT request state: MISSION_ENDED
[14:52:36] [Client thread/INFO]: [STDOUT]: CLIENT enter state: MISSION_ENDED
[14:52:36] [Client thread/INFO]: [STDOUT]: Sending mission ended message to kubernetes.docker.internal:10590.
[14:52:36] [Client thread/INFO]: [STDOUT]: CLIENT request state: WAITING_FOR_SERVER_MISSION_END
[14:52:36] [Client thread/INFO]: [STDOUT]: CLIENT enter state: WAITING_FOR_SERVER_MISSION_END
[14:52:36] [Server thread/INFO]: [STDOUT]: SERVER request state: CLEAN_UP
[14:52:36] [Server thread/INFO]: [STDOUT]: SERVER enter state: CLEAN_UP
[14:52:36] [Server thread/INFO]: [STDOUT]: SERVER request state: DORMANT
[14:52:36] [Client thread/INFO]: [STDOUT]: CLIENT request state: DORMANT
[14:52:36] [Client thread/INFO]: [STDOUT]: CLIENT enter state: DORMANT
[14:52:36] [Client thread/INFO]: [STDOUT]: JETTISONING 0 COMMANDS
[14:52:36] [Server thread/INFO]: [STDOUT]: SERVER enter state: DORMANT
[14:52:37] [Thread-106/INFO]: [STDOUT]: Received from kubernetes.docker.internal:MALMO_REQUEST_CLIENT:0.37.0:20000:morgan
[14:52:37] [Thread-106/INFO]: [STDOUT]: ==== RES:  - 17547
[14:52:37] [Thread-106/INFO]: [STDOUT]: REPLYING WITH: MALMOOK
[14:52:37] [Thread-108/INFO]: [STDOUT]: Received from kubernetes.docker.internal:<?xml version="1.0" encoding="utf-8"?><MissionInit xmlns="http://ProjectMalmo.microsoft.com" xmlns:xsi="http://www.w3.org/2001/XMLSchema-instance" SchemaVersion="" PlatformVersion="0.37.0"><Mission>                                    <About>                    <Summary>Food Search #12</Summary></About><ModSettings>                    <MsPerTick>100</MsPerTick></ModSettings><ServerSection>                                <ServerInitialConditions>                                                            <Time>                                                        <StartTime>6000</StartTime><AllowPassageOfTime>false</AllowPassageOfTime></Time><Weather>clear</Weather><AllowSpawning>false</AllowSpawning></ServerInitialConditions><ServerHandlers>                                                            <FlatWorldGenerator generatorString="3;7,220*1,5*3,2;3;,biome_1"/><DrawingDecorator>                                                                                                                                
[14:52:37] [Thread-108/INFO]: [STDOUT]: REPLYING WITH: MALMOOK
[14:52:37] [Client thread/INFO]: [STDOUT]: Mission received: Food Search #12
[14:52:37] [Client thread/INFO]: [STDOUT]: CLIENT request state: CREATING_HANDLERS
[14:52:37] [Client thread/INFO]: [STDOUT]: CLIENT enter state: CREATING_HANDLERS
[14:52:37] [Client thread/INFO]: [STDOUT]: CLIENT request state: EVALUATING_WORLD_REQUIREMENTS
[14:52:37] [Client thread/INFO]: [STDOUT]: CLIENT enter state: EVALUATING_WORLD_REQUIREMENTS
[14:52:37] [Client thread/INFO]: [STDOUT]: CLIENT request state: WAITING_FOR_SERVER_READY
[14:52:37] [Server thread/INFO]: [STDOUT]: INCOMING MISSION: Received MissionInit directly through queue.
[14:52:37] [Server thread/INFO]: [STDOUT]: Mission received: Food Search #12
[14:52:37] [Server thread/INFO]: Received mission: §9Food Search #12
[14:52:37] [Server thread/INFO]: Source: §akubernetes.docker.internal
[14:52:37] [Server thread/INFO]: [STDOUT]: SERVER request state: BUILDING_WORLD
[14:52:37] [Server thread/INFO]: [STDOUT]: SERVER enter state: BUILDING_WORLD
[14:52:37] [Client thread/INFO]: [CHAT] Received mission: §9Food Search #12
[14:52:37] [Client thread/INFO]: [CHAT] Source: §akubernetes.docker.internal
[14:52:37] [Client thread/INFO]: [STDOUT]: CLIENT enter state: WAITING_FOR_SERVER_READY
[14:52:37] [Client thread/INFO]: [STDOUT]: ***Telling server we are ready - morgan
[14:52:37] [Server thread/INFO]: [STDOUT]: SERVER request state: WAITING_FOR_AGENTS_TO_ASSEMBLE
[14:52:37] [Server thread/INFO]: [STDOUT]: SERVER enter state: WAITING_FOR_AGENTS_TO_ASSEMBLE
[14:52:37] [Server thread/INFO]: [STDOUT]: Experiment requires: 
[14:52:37] [Server thread/INFO]: [STDOUT]: >>>> morgan
[14:52:37] [Client thread/INFO]: [STDOUT]: ***Telling server we are ready - morgan
[14:52:37] [Client thread/INFO]: [STDOUT]: CLIENT request state: RUNNING
[14:52:37] [Client thread/INFO]: [STDOUT]: CLIENT enter state: RUNNING
[14:52:37] [Server thread/INFO]: [STDOUT]: SERVER request state: RUNNING
[14:52:37] [Server thread/INFO]: [STDOUT]: SERVER enter state: RUNNING
[14:52:38] [Server thread/INFO]: <morgan> Quitting mission
[14:52:38] [Client thread/INFO]: [CHAT] <morgan> Quitting mission
[14:52:38] [Client thread/INFO]: [STDOUT]: CLIENT request state: IDLING
[14:52:38] [Client thread/INFO]: [STDOUT]: CLIENT enter state: IDLING
[14:52:38] [Server thread/INFO]: [STDOUT]: SERVER request state: WAITING_FOR_AGENTS_TO_QUIT
[14:52:38] [Server thread/INFO]: [STDOUT]: SERVER enter state: WAITING_FOR_AGENTS_TO_QUIT
[14:52:38] [Client thread/INFO]: [STDOUT]: CLIENT request state: MISSION_ENDED
[14:52:38] [Client thread/INFO]: [STDOUT]: CLIENT enter state: MISSION_ENDED
[14:52:38] [Client thread/INFO]: [STDOUT]: Sending mission ended message to kubernetes.docker.internal:10784.
[14:52:38] [Client thread/INFO]: [STDOUT]: CLIENT request state: WAITING_FOR_SERVER_MISSION_END
[14:52:38] [Client thread/INFO]: [STDOUT]: CLIENT enter state: WAITING_FOR_SERVER_MISSION_END
[14:52:38] [Server thread/INFO]: [STDOUT]: SERVER request state: CLEAN_UP
[14:52:38] [Server thread/INFO]: [STDOUT]: SERVER enter state: CLEAN_UP
[14:52:38] [Server thread/INFO]: [STDOUT]: SERVER request state: DORMANT
[14:52:38] [Client thread/INFO]: [STDOUT]: CLIENT request state: DORMANT
[14:52:38] [Client thread/INFO]: [STDOUT]: CLIENT enter state: DORMANT
[14:52:38] [Client thread/INFO]: [STDOUT]: JETTISONING 0 COMMANDS
[14:52:38] [Server thread/INFO]: [STDOUT]: SERVER enter state: DORMANT
[14:52:39] [Thread-112/INFO]: [STDOUT]: Received from kubernetes.docker.internal:MALMO_REQUEST_CLIENT:0.37.0:20000:morgan
[14:52:39] [Thread-112/INFO]: [STDOUT]: ==== RES:  - 17638
[14:52:39] [Thread-112/INFO]: [STDOUT]: REPLYING WITH: MALMOOK
[14:52:39] [Thread-114/INFO]: [STDOUT]: Received from kubernetes.docker.internal:<?xml version="1.0" encoding="utf-8"?><MissionInit xmlns="http://ProjectMalmo.microsoft.com" xmlns:xsi="http://www.w3.org/2001/XMLSchema-instance" SchemaVersion="" PlatformVersion="0.37.0"><Mission>                                    <About>                    <Summary>Food Search #13</Summary></About><ModSettings>                    <MsPerTick>100</MsPerTick></ModSettings><ServerSection>                                <ServerInitialConditions>                                                            <Time>                                                        <StartTime>6000</StartTime><AllowPassageOfTime>false</AllowPassageOfTime></Time><Weather>clear</Weather><AllowSpawning>false</AllowSpawning></ServerInitialConditions><ServerHandlers>                                                            <FlatWorldGenerator generatorString="3;7,220*1,5*3,2;3;,biome_1"/><DrawingDecorator>                                                                                                                                
[14:52:39] [Thread-114/INFO]: [STDOUT]: REPLYING WITH: MALMOOK
[14:52:39] [Client thread/INFO]: [STDOUT]: Mission received: Food Search #13
[14:52:39] [Client thread/INFO]: [STDOUT]: CLIENT request state: CREATING_HANDLERS
[14:52:39] [Client thread/INFO]: [STDOUT]: CLIENT enter state: CREATING_HANDLERS
[14:52:39] [Client thread/INFO]: [STDOUT]: CLIENT request state: EVALUATING_WORLD_REQUIREMENTS
[14:52:39] [Client thread/INFO]: [STDOUT]: CLIENT enter state: EVALUATING_WORLD_REQUIREMENTS
[14:52:39] [Client thread/INFO]: [STDOUT]: CLIENT request state: WAITING_FOR_SERVER_READY
[14:52:39] [Server thread/INFO]: [STDOUT]: INCOMING MISSION: Received MissionInit directly through queue.
[14:52:39] [Server thread/INFO]: [STDOUT]: Mission received: Food Search #13
[14:52:39] [Server thread/INFO]: Received mission: §9Food Search #13
[14:52:39] [Server thread/INFO]: Source: §akubernetes.docker.internal
[14:52:39] [Server thread/INFO]: [STDOUT]: SERVER request state: BUILDING_WORLD
[14:52:39] [Server thread/INFO]: [STDOUT]: SERVER enter state: BUILDING_WORLD
[14:52:39] [Client thread/INFO]: [CHAT] Received mission: §9Food Search #13
[14:52:39] [Client thread/INFO]: [CHAT] Source: §akubernetes.docker.internal
[14:52:39] [Client thread/INFO]: [STDOUT]: CLIENT enter state: WAITING_FOR_SERVER_READY
[14:52:39] [Client thread/INFO]: [STDOUT]: ***Telling server we are ready - morgan
[14:52:39] [Server thread/INFO]: [STDOUT]: SERVER request state: WAITING_FOR_AGENTS_TO_ASSEMBLE
[14:52:39] [Server thread/INFO]: [STDOUT]: SERVER enter state: WAITING_FOR_AGENTS_TO_ASSEMBLE
[14:52:39] [Server thread/INFO]: [STDOUT]: Experiment requires: 
[14:52:39] [Server thread/INFO]: [STDOUT]: >>>> morgan
[14:52:39] [Client thread/INFO]: [STDOUT]: ***Telling server we are ready - morgan
[14:52:39] [Client thread/INFO]: [STDOUT]: CLIENT request state: RUNNING
[14:52:39] [Client thread/INFO]: [STDOUT]: CLIENT enter state: RUNNING
[14:52:39] [Server thread/INFO]: [STDOUT]: SERVER request state: RUNNING
[14:52:39] [Server thread/INFO]: [STDOUT]: SERVER enter state: RUNNING
[14:52:40] [Server thread/INFO]: <morgan> Quitting mission
[14:52:40] [Client thread/INFO]: [CHAT] <morgan> Quitting mission
[14:52:40] [Client thread/INFO]: [STDOUT]: CLIENT request state: IDLING
[14:52:40] [Client thread/INFO]: [STDOUT]: CLIENT enter state: IDLING
[14:52:41] [Server thread/INFO]: [STDOUT]: SERVER request state: WAITING_FOR_AGENTS_TO_QUIT
[14:52:41] [Server thread/INFO]: [STDOUT]: SERVER enter state: WAITING_FOR_AGENTS_TO_QUIT
[14:52:41] [Client thread/INFO]: [STDOUT]: CLIENT request state: MISSION_ENDED
[14:52:41] [Client thread/INFO]: [STDOUT]: CLIENT enter state: MISSION_ENDED
[14:52:41] [Client thread/INFO]: [STDOUT]: Sending mission ended message to kubernetes.docker.internal:10845.
[14:52:41] [Client thread/INFO]: [STDOUT]: CLIENT request state: WAITING_FOR_SERVER_MISSION_END
[14:52:41] [Client thread/INFO]: [STDOUT]: CLIENT enter state: WAITING_FOR_SERVER_MISSION_END
[14:52:41] [Server thread/INFO]: [STDOUT]: SERVER request state: CLEAN_UP
[14:52:41] [Server thread/INFO]: [STDOUT]: SERVER enter state: CLEAN_UP
[14:52:41] [Server thread/INFO]: [STDOUT]: SERVER request state: DORMANT
[14:52:41] [Client thread/INFO]: [STDOUT]: CLIENT request state: DORMANT
[14:52:41] [Client thread/INFO]: [STDOUT]: CLIENT enter state: DORMANT
[14:52:41] [Client thread/INFO]: [STDOUT]: JETTISONING 0 COMMANDS
[14:52:41] [Server thread/INFO]: [STDOUT]: SERVER enter state: DORMANT
[14:52:41] [Thread-118/INFO]: [STDOUT]: Received from kubernetes.docker.internal:MALMO_REQUEST_CLIENT:0.37.0:20000:morgan
[14:52:41] [Thread-118/INFO]: [STDOUT]: ==== RES:  - 17619
[14:52:41] [Thread-118/INFO]: [STDOUT]: REPLYING WITH: MALMOOK
[14:52:41] [Thread-120/INFO]: [STDOUT]: Received from kubernetes.docker.internal:<?xml version="1.0" encoding="utf-8"?><MissionInit xmlns="http://ProjectMalmo.microsoft.com" xmlns:xsi="http://www.w3.org/2001/XMLSchema-instance" SchemaVersion="" PlatformVersion="0.37.0"><Mission>                                    <About>                    <Summary>Food Search #14</Summary></About><ModSettings>                    <MsPerTick>100</MsPerTick></ModSettings><ServerSection>                                <ServerInitialConditions>                                                            <Time>                                                        <StartTime>6000</StartTime><AllowPassageOfTime>false</AllowPassageOfTime></Time><Weather>clear</Weather><AllowSpawning>false</AllowSpawning></ServerInitialConditions><ServerHandlers>                                                            <FlatWorldGenerator generatorString="3;7,220*1,5*3,2;3;,biome_1"/><DrawingDecorator>                                                                                                                                
[14:52:41] [Thread-120/INFO]: [STDOUT]: REPLYING WITH: MALMOOK
[14:52:41] [Client thread/INFO]: [STDOUT]: Mission received: Food Search #14
[14:52:41] [Client thread/INFO]: [STDOUT]: CLIENT request state: CREATING_HANDLERS
[14:52:41] [Client thread/INFO]: [STDOUT]: CLIENT enter state: CREATING_HANDLERS
[14:52:41] [Client thread/INFO]: [STDOUT]: CLIENT request state: EVALUATING_WORLD_REQUIREMENTS
[14:52:41] [Client thread/INFO]: [STDOUT]: CLIENT enter state: EVALUATING_WORLD_REQUIREMENTS
[14:52:41] [Client thread/INFO]: [STDOUT]: CLIENT request state: WAITING_FOR_SERVER_READY
[14:52:41] [Client thread/INFO]: [STDOUT]: CLIENT enter state: WAITING_FOR_SERVER_READY
[14:52:41] [Client thread/INFO]: [STDOUT]: ***Telling server we are ready - morgan
[14:52:41] [Server thread/INFO]: [STDOUT]: INCOMING MISSION: Received MissionInit directly through queue.
[14:52:41] [Server thread/INFO]: [STDOUT]: Mission received: Food Search #14
[14:52:41] [Server thread/INFO]: Received mission: §9Food Search #14
[14:52:41] [Server thread/INFO]: Source: §akubernetes.docker.internal
[14:52:41] [Server thread/INFO]: [STDOUT]: SERVER request state: BUILDING_WORLD
[14:52:41] [Server thread/INFO]: [STDOUT]: SERVER enter state: BUILDING_WORLD
[14:52:41] [Client thread/INFO]: [CHAT] Received mission: §9Food Search #14
[14:52:41] [Client thread/INFO]: [CHAT] Source: §akubernetes.docker.internal
[14:52:41] [Server thread/INFO]: [STDOUT]: SERVER request state: WAITING_FOR_AGENTS_TO_ASSEMBLE
[14:52:41] [Server thread/INFO]: [STDOUT]: SERVER enter state: WAITING_FOR_AGENTS_TO_ASSEMBLE
[14:52:41] [Server thread/INFO]: [STDOUT]: Experiment requires: 
[14:52:41] [Server thread/INFO]: [STDOUT]: >>>> morgan
[14:52:42] [Client thread/INFO]: [STDOUT]: ***Telling server we are ready - morgan
[14:52:42] [Client thread/INFO]: [STDOUT]: CLIENT request state: RUNNING
[14:52:42] [Client thread/INFO]: [STDOUT]: CLIENT enter state: RUNNING
[14:52:42] [Server thread/INFO]: [STDOUT]: SERVER request state: RUNNING
[14:52:42] [Server thread/INFO]: [STDOUT]: SERVER enter state: RUNNING
[14:52:43] [Server thread/INFO]: <morgan> Quitting mission
[14:52:43] [Client thread/INFO]: [CHAT] <morgan> Quitting mission
[14:52:43] [Client thread/INFO]: [STDOUT]: CLIENT request state: IDLING
[14:52:43] [Client thread/INFO]: [STDOUT]: CLIENT enter state: IDLING
[14:52:43] [Server thread/INFO]: [STDOUT]: SERVER request state: WAITING_FOR_AGENTS_TO_QUIT
[14:52:43] [Server thread/INFO]: [STDOUT]: SERVER enter state: WAITING_FOR_AGENTS_TO_QUIT
[14:52:43] [Client thread/INFO]: [STDOUT]: CLIENT request state: MISSION_ENDED
[14:52:43] [Client thread/INFO]: [STDOUT]: CLIENT enter state: MISSION_ENDED
[14:52:43] [Client thread/INFO]: [STDOUT]: Sending mission ended message to kubernetes.docker.internal:10657.
[14:52:43] [Client thread/INFO]: [STDOUT]: CLIENT request state: WAITING_FOR_SERVER_MISSION_END
[14:52:43] [Client thread/INFO]: [STDOUT]: CLIENT enter state: WAITING_FOR_SERVER_MISSION_END
[14:52:43] [Server thread/INFO]: [STDOUT]: SERVER request state: CLEAN_UP
[14:52:43] [Server thread/INFO]: [STDOUT]: SERVER enter state: CLEAN_UP
[14:52:43] [Server thread/INFO]: [STDOUT]: SERVER request state: DORMANT
[14:52:43] [Client thread/INFO]: [STDOUT]: CLIENT request state: DORMANT
[14:52:43] [Client thread/INFO]: [STDOUT]: CLIENT enter state: DORMANT
[14:52:43] [Client thread/INFO]: [STDOUT]: JETTISONING 0 COMMANDS
[14:52:43] [Server thread/INFO]: [STDOUT]: SERVER enter state: DORMANT
[14:52:44] [Thread-124/INFO]: [STDOUT]: Received from kubernetes.docker.internal:MALMO_REQUEST_CLIENT:0.37.0:20000:morgan
[14:52:44] [Thread-124/INFO]: [STDOUT]: ==== RES:  - 17747
[14:52:44] [Thread-124/INFO]: [STDOUT]: REPLYING WITH: MALMOOK
[14:52:44] [Thread-126/INFO]: [STDOUT]: Received from kubernetes.docker.internal:<?xml version="1.0" encoding="utf-8"?><MissionInit xmlns="http://ProjectMalmo.microsoft.com" xmlns:xsi="http://www.w3.org/2001/XMLSchema-instance" SchemaVersion="" PlatformVersion="0.37.0"><Mission>                                    <About>                    <Summary>Food Search #15</Summary></About><ModSettings>                    <MsPerTick>100</MsPerTick></ModSettings><ServerSection>                                <ServerInitialConditions>                                                            <Time>                                                        <StartTime>6000</StartTime><AllowPassageOfTime>false</AllowPassageOfTime></Time><Weather>clear</Weather><AllowSpawning>false</AllowSpawning></ServerInitialConditions><ServerHandlers>                                                            <FlatWorldGenerator generatorString="3;7,220*1,5*3,2;3;,biome_1"/><DrawingDecorator>                                                                                                                                
[14:52:44] [Thread-126/INFO]: [STDOUT]: REPLYING WITH: MALMOOK
[14:52:44] [Client thread/INFO]: [STDOUT]: Mission received: Food Search #15
[14:52:44] [Client thread/INFO]: [STDOUT]: CLIENT request state: CREATING_HANDLERS
[14:52:44] [Client thread/INFO]: [STDOUT]: CLIENT enter state: CREATING_HANDLERS
[14:52:44] [Client thread/INFO]: [STDOUT]: CLIENT request state: EVALUATING_WORLD_REQUIREMENTS
[14:52:44] [Client thread/INFO]: [STDOUT]: CLIENT enter state: EVALUATING_WORLD_REQUIREMENTS
[14:52:44] [Client thread/INFO]: [STDOUT]: CLIENT request state: WAITING_FOR_SERVER_READY
[14:52:44] [Server thread/INFO]: [STDOUT]: INCOMING MISSION: Received MissionInit directly through queue.
[14:52:44] [Server thread/INFO]: [STDOUT]: Mission received: Food Search #15
[14:52:44] [Server thread/INFO]: Received mission: §9Food Search #15
[14:52:44] [Server thread/INFO]: Source: §akubernetes.docker.internal
[14:52:44] [Server thread/INFO]: [STDOUT]: SERVER request state: BUILDING_WORLD
[14:52:44] [Server thread/INFO]: [STDOUT]: SERVER enter state: BUILDING_WORLD
[14:52:44] [Client thread/INFO]: [CHAT] Received mission: §9Food Search #15
[14:52:44] [Client thread/INFO]: [CHAT] Source: §akubernetes.docker.internal
[14:52:44] [Client thread/INFO]: [STDOUT]: CLIENT enter state: WAITING_FOR_SERVER_READY
[14:52:44] [Client thread/INFO]: [STDOUT]: ***Telling server we are ready - morgan
[14:52:44] [Server thread/INFO]: [STDOUT]: SERVER request state: WAITING_FOR_AGENTS_TO_ASSEMBLE
[14:52:44] [Server thread/INFO]: [STDOUT]: SERVER enter state: WAITING_FOR_AGENTS_TO_ASSEMBLE
[14:52:44] [Server thread/INFO]: [STDOUT]: Experiment requires: 
[14:52:44] [Server thread/INFO]: [STDOUT]: >>>> morgan
[14:52:44] [Client thread/INFO]: [STDOUT]: ***Telling server we are ready - morgan
[14:52:44] [Client thread/INFO]: [STDOUT]: CLIENT request state: RUNNING
[14:52:44] [Client thread/INFO]: [STDOUT]: CLIENT enter state: RUNNING
[14:52:44] [Server thread/INFO]: [STDOUT]: SERVER request state: RUNNING
[14:52:44] [Server thread/INFO]: [STDOUT]: SERVER enter state: RUNNING
[14:52:45] [Server thread/INFO]: <morgan> Quitting mission
[14:52:45] [Client thread/INFO]: [CHAT] <morgan> Quitting mission
[14:52:45] [Client thread/INFO]: [STDOUT]: CLIENT request state: IDLING
[14:52:45] [Client thread/INFO]: [STDOUT]: CLIENT enter state: IDLING
[14:52:45] [Server thread/INFO]: [STDOUT]: SERVER request state: WAITING_FOR_AGENTS_TO_QUIT
[14:52:45] [Server thread/INFO]: [STDOUT]: SERVER enter state: WAITING_FOR_AGENTS_TO_QUIT
[14:52:45] [Client thread/INFO]: [STDOUT]: CLIENT request state: MISSION_ENDED
[14:52:45] [Client thread/INFO]: [STDOUT]: CLIENT enter state: MISSION_ENDED
[14:52:45] [Client thread/INFO]: [STDOUT]: Sending mission ended message to kubernetes.docker.internal:10820.
[14:52:45] [Client thread/INFO]: [STDOUT]: CLIENT request state: WAITING_FOR_SERVER_MISSION_END
[14:52:45] [Client thread/INFO]: [STDOUT]: CLIENT enter state: WAITING_FOR_SERVER_MISSION_END
[14:52:45] [Server thread/INFO]: [STDOUT]: SERVER request state: CLEAN_UP
[14:52:45] [Server thread/INFO]: [STDOUT]: SERVER enter state: CLEAN_UP
[14:52:45] [Client thread/INFO]: [STDOUT]: CLIENT request state: DORMANT
[14:52:45] [Server thread/INFO]: [STDOUT]: SERVER request state: DORMANT
[14:52:45] [Client thread/INFO]: [STDOUT]: CLIENT enter state: DORMANT
[14:52:45] [Client thread/INFO]: [STDOUT]: JETTISONING 0 COMMANDS
[14:52:45] [Server thread/INFO]: [STDOUT]: SERVER enter state: DORMANT
[14:52:46] [Thread-130/INFO]: [STDOUT]: Received from kubernetes.docker.internal:MALMO_REQUEST_CLIENT:0.37.0:20000:morgan
[14:52:46] [Thread-130/INFO]: [STDOUT]: ==== RES:  - 17638
[14:52:46] [Thread-130/INFO]: [STDOUT]: REPLYING WITH: MALMOOK
[14:52:46] [Thread-132/INFO]: [STDOUT]: Received from kubernetes.docker.internal:<?xml version="1.0" encoding="utf-8"?><MissionInit xmlns="http://ProjectMalmo.microsoft.com" xmlns:xsi="http://www.w3.org/2001/XMLSchema-instance" SchemaVersion="" PlatformVersion="0.37.0"><Mission>                                    <About>                    <Summary>Food Search #16</Summary></About><ModSettings>                    <MsPerTick>100</MsPerTick></ModSettings><ServerSection>                                <ServerInitialConditions>                                                            <Time>                                                        <StartTime>6000</StartTime><AllowPassageOfTime>false</AllowPassageOfTime></Time><Weather>clear</Weather><AllowSpawning>false</AllowSpawning></ServerInitialConditions><ServerHandlers>                                                            <FlatWorldGenerator generatorString="3;7,220*1,5*3,2;3;,biome_1"/><DrawingDecorator>                                                                                                                                
[14:52:46] [Thread-132/INFO]: [STDOUT]: REPLYING WITH: MALMOOK
[14:52:46] [Client thread/INFO]: [STDOUT]: Mission received: Food Search #16
[14:52:46] [Client thread/INFO]: [STDOUT]: CLIENT request state: CREATING_HANDLERS
[14:52:46] [Client thread/INFO]: [STDOUT]: CLIENT enter state: CREATING_HANDLERS
[14:52:46] [Client thread/INFO]: [STDOUT]: CLIENT request state: EVALUATING_WORLD_REQUIREMENTS
[14:52:46] [Client thread/INFO]: [STDOUT]: CLIENT enter state: EVALUATING_WORLD_REQUIREMENTS
[14:52:46] [Client thread/INFO]: [STDOUT]: CLIENT request state: WAITING_FOR_SERVER_READY
[14:52:46] [Server thread/INFO]: [STDOUT]: INCOMING MISSION: Received MissionInit directly through queue.
[14:52:46] [Server thread/INFO]: [STDOUT]: Mission received: Food Search #16
[14:52:46] [Server thread/INFO]: Received mission: §9Food Search #16
[14:52:46] [Server thread/INFO]: Source: §akubernetes.docker.internal
[14:52:46] [Client thread/INFO]: [STDOUT]: CLIENT enter state: WAITING_FOR_SERVER_READY
[14:52:46] [Server thread/INFO]: [STDOUT]: SERVER request state: BUILDING_WORLD
[14:52:46] [Server thread/INFO]: [STDOUT]: SERVER enter state: BUILDING_WORLD
[14:52:46] [Client thread/INFO]: [STDOUT]: ***Telling server we are ready - morgan
[14:52:46] [Client thread/INFO]: [CHAT] Received mission: §9Food Search #16
[14:52:46] [Client thread/INFO]: [CHAT] Source: §akubernetes.docker.internal
[14:52:46] [Server thread/INFO]: [STDOUT]: SERVER request state: WAITING_FOR_AGENTS_TO_ASSEMBLE
[14:52:46] [Server thread/INFO]: [STDOUT]: SERVER enter state: WAITING_FOR_AGENTS_TO_ASSEMBLE
[14:52:46] [Server thread/INFO]: [STDOUT]: Experiment requires: 
[14:52:46] [Server thread/INFO]: [STDOUT]: >>>> morgan
[14:52:46] [Client thread/INFO]: [STDOUT]: ***Telling server we are ready - morgan
[14:52:46] [Client thread/INFO]: [STDOUT]: CLIENT request state: RUNNING
[14:52:46] [Client thread/INFO]: [STDOUT]: CLIENT enter state: RUNNING
[14:52:46] [Server thread/INFO]: [STDOUT]: SERVER request state: RUNNING
[14:52:46] [Server thread/INFO]: [STDOUT]: SERVER enter state: RUNNING
[14:52:47] [Server thread/INFO]: <morgan> Quitting mission
[14:52:47] [Client thread/INFO]: [CHAT] <morgan> Quitting mission
[14:52:47] [Client thread/INFO]: [STDOUT]: CLIENT request state: IDLING
[14:52:47] [Client thread/INFO]: [STDOUT]: CLIENT enter state: IDLING
[14:52:47] [Server thread/INFO]: [STDOUT]: SERVER request state: WAITING_FOR_AGENTS_TO_QUIT
[14:52:47] [Server thread/INFO]: [STDOUT]: SERVER enter state: WAITING_FOR_AGENTS_TO_QUIT
[14:52:47] [Client thread/INFO]: [STDOUT]: CLIENT request state: MISSION_ENDED
[14:52:47] [Client thread/INFO]: [STDOUT]: CLIENT enter state: MISSION_ENDED
[14:52:47] [Client thread/INFO]: [STDOUT]: Sending mission ended message to kubernetes.docker.internal:10664.
[14:52:47] [Client thread/INFO]: [STDOUT]: CLIENT request state: WAITING_FOR_SERVER_MISSION_END
[14:52:47] [Client thread/INFO]: [STDOUT]: CLIENT enter state: WAITING_FOR_SERVER_MISSION_END
[14:52:48] [Server thread/INFO]: [STDOUT]: SERVER request state: CLEAN_UP
[14:52:48] [Server thread/INFO]: [STDOUT]: SERVER enter state: CLEAN_UP
[14:52:48] [Server thread/INFO]: [STDOUT]: SERVER request state: DORMANT
[14:52:48] [Client thread/INFO]: [STDOUT]: CLIENT request state: DORMANT
[14:52:48] [Client thread/INFO]: [STDOUT]: CLIENT enter state: DORMANT
[14:52:48] [Client thread/INFO]: [STDOUT]: JETTISONING 0 COMMANDS
[14:52:48] [Server thread/INFO]: [STDOUT]: SERVER enter state: DORMANT
[14:52:48] [Thread-136/INFO]: [STDOUT]: Received from kubernetes.docker.internal:MALMO_REQUEST_CLIENT:0.37.0:20000:morgan
[14:52:48] [Thread-136/INFO]: [STDOUT]: ==== RES:  - 17597
[14:52:48] [Thread-136/INFO]: [STDOUT]: REPLYING WITH: MALMOOK
[14:52:48] [Thread-138/INFO]: [STDOUT]: Received from kubernetes.docker.internal:<?xml version="1.0" encoding="utf-8"?><MissionInit xmlns="http://ProjectMalmo.microsoft.com" xmlns:xsi="http://www.w3.org/2001/XMLSchema-instance" SchemaVersion="" PlatformVersion="0.37.0"><Mission>                                    <About>                    <Summary>Food Search #17</Summary></About><ModSettings>                    <MsPerTick>100</MsPerTick></ModSettings><ServerSection>                                <ServerInitialConditions>                                                            <Time>                                                        <StartTime>6000</StartTime><AllowPassageOfTime>false</AllowPassageOfTime></Time><Weather>clear</Weather><AllowSpawning>false</AllowSpawning></ServerInitialConditions><ServerHandlers>                                                            <FlatWorldGenerator generatorString="3;7,220*1,5*3,2;3;,biome_1"/><DrawingDecorator>                                                                                                                                
[14:52:48] [Thread-138/INFO]: [STDOUT]: REPLYING WITH: MALMOOK
[14:52:48] [Client thread/INFO]: [STDOUT]: Mission received: Food Search #17
[14:52:48] [Client thread/INFO]: [STDOUT]: CLIENT request state: CREATING_HANDLERS
[14:52:48] [Client thread/INFO]: [STDOUT]: CLIENT enter state: CREATING_HANDLERS
[14:52:48] [Client thread/INFO]: [STDOUT]: CLIENT request state: EVALUATING_WORLD_REQUIREMENTS
[14:52:48] [Client thread/INFO]: [STDOUT]: CLIENT enter state: EVALUATING_WORLD_REQUIREMENTS
[14:52:48] [Client thread/INFO]: [STDOUT]: CLIENT request state: WAITING_FOR_SERVER_READY
[14:52:48] [Server thread/INFO]: [STDOUT]: INCOMING MISSION: Received MissionInit directly through queue.
[14:52:48] [Server thread/INFO]: [STDOUT]: Mission received: Food Search #17
[14:52:48] [Server thread/INFO]: Received mission: §9Food Search #17
[14:52:48] [Server thread/INFO]: Source: §akubernetes.docker.internal
[14:52:48] [Server thread/INFO]: [STDOUT]: SERVER request state: BUILDING_WORLD
[14:52:48] [Server thread/INFO]: [STDOUT]: SERVER enter state: BUILDING_WORLD
[14:52:48] [Client thread/INFO]: [CHAT] Received mission: §9Food Search #17
[14:52:48] [Client thread/INFO]: [CHAT] Source: §akubernetes.docker.internal
[14:52:48] [Client thread/INFO]: [STDOUT]: CLIENT enter state: WAITING_FOR_SERVER_READY
[14:52:48] [Client thread/INFO]: [STDOUT]: ***Telling server we are ready - morgan
[14:52:48] [Server thread/INFO]: [STDOUT]: SERVER request state: WAITING_FOR_AGENTS_TO_ASSEMBLE
[14:52:48] [Server thread/INFO]: [STDOUT]: SERVER enter state: WAITING_FOR_AGENTS_TO_ASSEMBLE
[14:52:48] [Server thread/INFO]: [STDOUT]: Experiment requires: 
[14:52:48] [Server thread/INFO]: [STDOUT]: >>>> morgan
[14:52:49] [Client thread/INFO]: [STDOUT]: ***Telling server we are ready - morgan
[14:52:49] [Client thread/INFO]: [STDOUT]: CLIENT request state: RUNNING
[14:52:49] [Client thread/INFO]: [STDOUT]: CLIENT enter state: RUNNING
[14:52:49] [Server thread/INFO]: [STDOUT]: SERVER request state: RUNNING
[14:52:49] [Server thread/INFO]: [STDOUT]: SERVER enter state: RUNNING
[14:52:50] [Server thread/INFO]: <morgan> Quitting mission
[14:52:50] [Client thread/INFO]: [CHAT] <morgan> Quitting mission
[14:52:50] [Client thread/INFO]: [STDOUT]: CLIENT request state: IDLING
[14:52:50] [Client thread/INFO]: [STDOUT]: CLIENT enter state: IDLING
[14:52:50] [Server thread/INFO]: [STDOUT]: SERVER request state: WAITING_FOR_AGENTS_TO_QUIT
[14:52:50] [Server thread/INFO]: [STDOUT]: SERVER enter state: WAITING_FOR_AGENTS_TO_QUIT
[14:52:50] [Client thread/INFO]: [STDOUT]: CLIENT request state: MISSION_ENDED
[14:52:50] [Client thread/INFO]: [STDOUT]: CLIENT enter state: MISSION_ENDED
[14:52:50] [Client thread/INFO]: [STDOUT]: Sending mission ended message to kubernetes.docker.internal:10727.
[14:52:50] [Client thread/INFO]: [STDOUT]: CLIENT request state: WAITING_FOR_SERVER_MISSION_END
[14:52:50] [Client thread/INFO]: [STDOUT]: CLIENT enter state: WAITING_FOR_SERVER_MISSION_END
[14:52:50] [Server thread/INFO]: [STDOUT]: SERVER request state: CLEAN_UP
[14:52:50] [Server thread/INFO]: [STDOUT]: SERVER enter state: CLEAN_UP
[14:52:50] [Server thread/INFO]: [STDOUT]: SERVER request state: DORMANT
[14:52:50] [Client thread/INFO]: [STDOUT]: CLIENT request state: DORMANT
[14:52:50] [Client thread/INFO]: [STDOUT]: CLIENT enter state: DORMANT
[14:52:50] [Client thread/INFO]: [STDOUT]: JETTISONING 0 COMMANDS
[14:52:50] [Server thread/INFO]: [STDOUT]: SERVER enter state: DORMANT
[14:52:51] [Thread-142/INFO]: [STDOUT]: Received from kubernetes.docker.internal:MALMO_REQUEST_CLIENT:0.37.0:20000:morgan
[14:52:51] [Thread-142/INFO]: [STDOUT]: ==== RES:  - 17601
[14:52:51] [Thread-142/INFO]: [STDOUT]: REPLYING WITH: MALMOOK
[14:52:51] [Thread-144/INFO]: [STDOUT]: Received from kubernetes.docker.internal:<?xml version="1.0" encoding="utf-8"?><MissionInit xmlns="http://ProjectMalmo.microsoft.com" xmlns:xsi="http://www.w3.org/2001/XMLSchema-instance" SchemaVersion="" PlatformVersion="0.37.0"><Mission>                                    <About>                    <Summary>Food Search #18</Summary></About><ModSettings>                    <MsPerTick>100</MsPerTick></ModSettings><ServerSection>                                <ServerInitialConditions>                                                            <Time>                                                        <StartTime>6000</StartTime><AllowPassageOfTime>false</AllowPassageOfTime></Time><Weather>clear</Weather><AllowSpawning>false</AllowSpawning></ServerInitialConditions><ServerHandlers>                                                            <FlatWorldGenerator generatorString="3;7,220*1,5*3,2;3;,biome_1"/><DrawingDecorator>                                                                                                                                
[14:52:51] [Thread-144/INFO]: [STDOUT]: REPLYING WITH: MALMOOK
[14:52:51] [Client thread/INFO]: [STDOUT]: Mission received: Food Search #18
[14:52:51] [Client thread/INFO]: [STDOUT]: CLIENT request state: CREATING_HANDLERS
[14:52:51] [Client thread/INFO]: [STDOUT]: CLIENT enter state: CREATING_HANDLERS
[14:52:51] [Client thread/INFO]: [STDOUT]: CLIENT request state: EVALUATING_WORLD_REQUIREMENTS
[14:52:51] [Client thread/INFO]: [STDOUT]: CLIENT enter state: EVALUATING_WORLD_REQUIREMENTS
[14:52:51] [Client thread/INFO]: [STDOUT]: CLIENT request state: WAITING_FOR_SERVER_READY
[14:52:51] [Client thread/INFO]: [STDOUT]: CLIENT enter state: WAITING_FOR_SERVER_READY
[14:52:51] [Client thread/INFO]: [STDOUT]: ***Telling server we are ready - morgan
[14:52:51] [Server thread/INFO]: [STDOUT]: INCOMING MISSION: Received MissionInit directly through queue.
[14:52:51] [Server thread/INFO]: [STDOUT]: Mission received: Food Search #18
[14:52:51] [Server thread/INFO]: Received mission: §9Food Search #18
[14:52:51] [Server thread/INFO]: Source: §akubernetes.docker.internal
[14:52:51] [Server thread/INFO]: [STDOUT]: SERVER request state: BUILDING_WORLD
[14:52:51] [Server thread/INFO]: [STDOUT]: SERVER enter state: BUILDING_WORLD
[14:52:51] [Client thread/INFO]: [CHAT] Received mission: §9Food Search #18
[14:52:51] [Client thread/INFO]: [CHAT] Source: §akubernetes.docker.internal
[14:52:51] [Server thread/INFO]: [STDOUT]: SERVER request state: WAITING_FOR_AGENTS_TO_ASSEMBLE
[14:52:51] [Server thread/INFO]: [STDOUT]: SERVER enter state: WAITING_FOR_AGENTS_TO_ASSEMBLE
[14:52:51] [Server thread/INFO]: [STDOUT]: Experiment requires: 
[14:52:51] [Server thread/INFO]: [STDOUT]: >>>> morgan
[14:52:51] [Client thread/INFO]: [STDOUT]: ***Telling server we are ready - morgan
[14:52:51] [Client thread/INFO]: [STDOUT]: CLIENT request state: RUNNING
[14:52:51] [Client thread/INFO]: [STDOUT]: CLIENT enter state: RUNNING
[14:52:51] [Server thread/INFO]: [STDOUT]: SERVER request state: RUNNING
[14:52:51] [Server thread/INFO]: [STDOUT]: SERVER enter state: RUNNING
[14:52:52] [Server thread/INFO]: <morgan> Quitting mission
[14:52:52] [Client thread/INFO]: [CHAT] <morgan> Quitting mission
[14:52:52] [Client thread/INFO]: [STDOUT]: CLIENT request state: IDLING
[14:52:52] [Client thread/INFO]: [STDOUT]: CLIENT enter state: IDLING
[14:52:52] [Server thread/INFO]: [STDOUT]: SERVER request state: WAITING_FOR_AGENTS_TO_QUIT
[14:52:52] [Server thread/INFO]: [STDOUT]: SERVER enter state: WAITING_FOR_AGENTS_TO_QUIT
[14:52:52] [Client thread/INFO]: [STDOUT]: CLIENT request state: MISSION_ENDED
[14:52:52] [Client thread/INFO]: [STDOUT]: CLIENT enter state: MISSION_ENDED
[14:52:52] [Client thread/INFO]: [STDOUT]: Sending mission ended message to kubernetes.docker.internal:10190.
[14:52:52] [Client thread/INFO]: [STDOUT]: CLIENT request state: WAITING_FOR_SERVER_MISSION_END
[14:52:52] [Client thread/INFO]: [STDOUT]: CLIENT enter state: WAITING_FOR_SERVER_MISSION_END
[14:52:52] [Server thread/INFO]: [STDOUT]: SERVER request state: CLEAN_UP
[14:52:52] [Server thread/INFO]: [STDOUT]: SERVER enter state: CLEAN_UP
[14:52:52] [Server thread/INFO]: [STDOUT]: SERVER request state: DORMANT
[14:52:52] [Client thread/INFO]: [STDOUT]: CLIENT request state: DORMANT
[14:52:52] [Client thread/INFO]: [STDOUT]: CLIENT enter state: DORMANT
[14:52:52] [Client thread/INFO]: [STDOUT]: JETTISONING 0 COMMANDS
[14:52:52] [Server thread/INFO]: [STDOUT]: SERVER enter state: DORMANT
[14:52:53] [Thread-148/INFO]: [STDOUT]: Received from kubernetes.docker.internal:MALMO_REQUEST_CLIENT:0.37.0:20000:morgan
[14:52:53] [Thread-148/INFO]: [STDOUT]: ==== RES:  - 17599
[14:52:53] [Thread-148/INFO]: [STDOUT]: REPLYING WITH: MALMOOK
[14:52:53] [Thread-150/INFO]: [STDOUT]: Received from kubernetes.docker.internal:<?xml version="1.0" encoding="utf-8"?><MissionInit xmlns="http://ProjectMalmo.microsoft.com" xmlns:xsi="http://www.w3.org/2001/XMLSchema-instance" SchemaVersion="" PlatformVersion="0.37.0"><Mission>                                    <About>                    <Summary>Food Search #19</Summary></About><ModSettings>                    <MsPerTick>100</MsPerTick></ModSettings><ServerSection>                                <ServerInitialConditions>                                                            <Time>                                                        <StartTime>6000</StartTime><AllowPassageOfTime>false</AllowPassageOfTime></Time><Weather>clear</Weather><AllowSpawning>false</AllowSpawning></ServerInitialConditions><ServerHandlers>                                                            <FlatWorldGenerator generatorString="3;7,220*1,5*3,2;3;,biome_1"/><DrawingDecorator>                                                                                                                                
[14:52:53] [Thread-150/INFO]: [STDOUT]: REPLYING WITH: MALMOOK
[14:52:53] [Client thread/INFO]: [STDOUT]: Mission received: Food Search #19
[14:52:53] [Client thread/INFO]: [STDOUT]: CLIENT request state: CREATING_HANDLERS
[14:52:53] [Client thread/INFO]: [STDOUT]: CLIENT enter state: CREATING_HANDLERS
[14:52:53] [Client thread/INFO]: [STDOUT]: CLIENT request state: EVALUATING_WORLD_REQUIREMENTS
[14:52:53] [Client thread/INFO]: [STDOUT]: CLIENT enter state: EVALUATING_WORLD_REQUIREMENTS
[14:52:53] [Client thread/INFO]: [STDOUT]: CLIENT request state: WAITING_FOR_SERVER_READY
[14:52:53] [Server thread/INFO]: [STDOUT]: INCOMING MISSION: Received MissionInit directly through queue.
[14:52:53] [Server thread/INFO]: [STDOUT]: Mission received: Food Search #19
[14:52:53] [Server thread/INFO]: Received mission: §9Food Search #19
[14:52:53] [Server thread/INFO]: Source: §akubernetes.docker.internal
[14:52:53] [Server thread/INFO]: [STDOUT]: SERVER request state: BUILDING_WORLD
[14:52:53] [Server thread/INFO]: [STDOUT]: SERVER enter state: BUILDING_WORLD
[14:52:53] [Client thread/INFO]: [CHAT] Received mission: §9Food Search #19
[14:52:53] [Client thread/INFO]: [CHAT] Source: §akubernetes.docker.internal
[14:52:53] [Client thread/INFO]: [STDOUT]: CLIENT enter state: WAITING_FOR_SERVER_READY
[14:52:53] [Client thread/INFO]: [STDOUT]: ***Telling server we are ready - morgan
[14:52:53] [Server thread/INFO]: [STDOUT]: SERVER request state: WAITING_FOR_AGENTS_TO_ASSEMBLE
[14:52:53] [Server thread/INFO]: [STDOUT]: SERVER enter state: WAITING_FOR_AGENTS_TO_ASSEMBLE
[14:52:53] [Server thread/INFO]: [STDOUT]: Experiment requires: 
[14:52:53] [Server thread/INFO]: [STDOUT]: >>>> morgan
[14:52:53] [Client thread/INFO]: [STDOUT]: ***Telling server we are ready - morgan
[14:52:54] [Client thread/INFO]: [STDOUT]: CLIENT request state: RUNNING
[14:52:54] [Client thread/INFO]: [STDOUT]: CLIENT enter state: RUNNING
[14:52:54] [Server thread/INFO]: [STDOUT]: SERVER request state: RUNNING
[14:52:54] [Server thread/INFO]: [STDOUT]: SERVER enter state: RUNNING
[14:52:54] [Server thread/INFO]: <morgan> Quitting mission
[14:52:54] [Client thread/INFO]: [CHAT] <morgan> Quitting mission
[14:52:55] [Client thread/INFO]: [STDOUT]: CLIENT request state: IDLING
[14:52:55] [Client thread/INFO]: [STDOUT]: CLIENT enter state: IDLING
[14:52:55] [Server thread/INFO]: [STDOUT]: SERVER request state: WAITING_FOR_AGENTS_TO_QUIT
[14:52:55] [Server thread/INFO]: [STDOUT]: SERVER enter state: WAITING_FOR_AGENTS_TO_QUIT
[14:52:55] [Client thread/INFO]: [STDOUT]: CLIENT request state: MISSION_ENDED
[14:52:55] [Client thread/INFO]: [STDOUT]: CLIENT enter state: MISSION_ENDED
[14:52:55] [Client thread/INFO]: [STDOUT]: Sending mission ended message to kubernetes.docker.internal:10292.
[14:52:55] [Client thread/INFO]: [STDOUT]: CLIENT request state: WAITING_FOR_SERVER_MISSION_END
[14:52:55] [Client thread/INFO]: [STDOUT]: CLIENT enter state: WAITING_FOR_SERVER_MISSION_END
[14:52:55] [Server thread/INFO]: [STDOUT]: SERVER request state: CLEAN_UP
[14:52:55] [Server thread/INFO]: [STDOUT]: SERVER enter state: CLEAN_UP
[14:52:55] [Server thread/INFO]: [STDOUT]: SERVER request state: DORMANT
[14:52:55] [Client thread/INFO]: [STDOUT]: CLIENT request state: DORMANT
[14:52:55] [Server thread/INFO]: [STDOUT]: SERVER enter state: DORMANT
[14:52:55] [Client thread/INFO]: [STDOUT]: CLIENT enter state: DORMANT
[14:52:55] [Client thread/INFO]: [STDOUT]: JETTISONING 0 COMMANDS
[14:52:55] [Thread-154/INFO]: [STDOUT]: Received from kubernetes.docker.internal:MALMO_REQUEST_CLIENT:0.37.0:20000:morgan
[14:52:55] [Thread-154/INFO]: [STDOUT]: ==== RES:  - 17693
[14:52:55] [Thread-154/INFO]: [STDOUT]: REPLYING WITH: MALMOOK
[14:52:55] [Thread-156/INFO]: [STDOUT]: Received from kubernetes.docker.internal:<?xml version="1.0" encoding="utf-8"?><MissionInit xmlns="http://ProjectMalmo.microsoft.com" xmlns:xsi="http://www.w3.org/2001/XMLSchema-instance" SchemaVersion="" PlatformVersion="0.37.0"><Mission>                                    <About>                    <Summary>Food Search #20</Summary></About><ModSettings>                    <MsPerTick>100</MsPerTick></ModSettings><ServerSection>                                <ServerInitialConditions>                                                            <Time>                                                        <StartTime>6000</StartTime><AllowPassageOfTime>false</AllowPassageOfTime></Time><Weather>clear</Weather><AllowSpawning>false</AllowSpawning></ServerInitialConditions><ServerHandlers>                                                            <FlatWorldGenerator generatorString="3;7,220*1,5*3,2;3;,biome_1"/><DrawingDecorator>                                                                                                                                
[14:52:55] [Thread-156/INFO]: [STDOUT]: REPLYING WITH: MALMOOK
[14:52:55] [Client thread/INFO]: [STDOUT]: Mission received: Food Search #20
[14:52:55] [Client thread/INFO]: [STDOUT]: CLIENT request state: CREATING_HANDLERS
[14:52:55] [Client thread/INFO]: [STDOUT]: CLIENT enter state: CREATING_HANDLERS
[14:52:55] [Client thread/INFO]: [STDOUT]: CLIENT request state: EVALUATING_WORLD_REQUIREMENTS
[14:52:55] [Client thread/INFO]: [STDOUT]: CLIENT enter state: EVALUATING_WORLD_REQUIREMENTS
[14:52:55] [Client thread/INFO]: [STDOUT]: CLIENT request state: WAITING_FOR_SERVER_READY
[14:52:55] [Server thread/INFO]: [STDOUT]: INCOMING MISSION: Received MissionInit directly through queue.
[14:52:55] [Server thread/INFO]: [STDOUT]: Mission received: Food Search #20
[14:52:55] [Server thread/INFO]: Received mission: §9Food Search #20
[14:52:55] [Server thread/INFO]: Source: §akubernetes.docker.internal
[14:52:55] [Server thread/INFO]: [STDOUT]: SERVER request state: BUILDING_WORLD
[14:52:55] [Server thread/INFO]: [STDOUT]: SERVER enter state: BUILDING_WORLD
[14:52:55] [Client thread/INFO]: [CHAT] Received mission: §9Food Search #20
[14:52:55] [Client thread/INFO]: [CHAT] Source: §akubernetes.docker.internal
[14:52:55] [Client thread/INFO]: [STDOUT]: CLIENT enter state: WAITING_FOR_SERVER_READY
[14:52:55] [Client thread/INFO]: [STDOUT]: ***Telling server we are ready - morgan
[14:52:55] [Server thread/INFO]: [STDOUT]: SERVER request state: WAITING_FOR_AGENTS_TO_ASSEMBLE
[14:52:56] [Server thread/INFO]: [STDOUT]: SERVER enter state: WAITING_FOR_AGENTS_TO_ASSEMBLE
[14:52:56] [Server thread/INFO]: [STDOUT]: Experiment requires: 
[14:52:56] [Server thread/INFO]: [STDOUT]: >>>> morgan
[14:52:56] [Client thread/INFO]: [STDOUT]: ***Telling server we are ready - morgan
[14:52:56] [Client thread/INFO]: [STDOUT]: CLIENT request state: RUNNING
[14:52:56] [Client thread/INFO]: [STDOUT]: CLIENT enter state: RUNNING
[14:52:56] [Server thread/INFO]: [STDOUT]: SERVER request state: RUNNING
[14:52:56] [Server thread/INFO]: [STDOUT]: SERVER enter state: RUNNING
[14:52:57] [Server thread/INFO]: <morgan> Quitting mission
[14:52:57] [Client thread/INFO]: [CHAT] <morgan> Quitting mission
[14:52:57] [Client thread/INFO]: [STDOUT]: CLIENT request state: IDLING
[14:52:57] [Client thread/INFO]: [STDOUT]: CLIENT enter state: IDLING
[14:52:57] [Server thread/INFO]: [STDOUT]: SERVER request state: WAITING_FOR_AGENTS_TO_QUIT
[14:52:57] [Server thread/INFO]: [STDOUT]: SERVER enter state: WAITING_FOR_AGENTS_TO_QUIT
[14:52:57] [Client thread/INFO]: [STDOUT]: CLIENT request state: MISSION_ENDED
[14:52:57] [Client thread/INFO]: [STDOUT]: CLIENT enter state: MISSION_ENDED
[14:52:57] [Client thread/INFO]: [STDOUT]: Sending mission ended message to kubernetes.docker.internal:10299.
[14:52:57] [Client thread/INFO]: [STDOUT]: CLIENT request state: WAITING_FOR_SERVER_MISSION_END
[14:52:57] [Client thread/INFO]: [STDOUT]: CLIENT enter state: WAITING_FOR_SERVER_MISSION_END
[14:52:57] [Server thread/INFO]: [STDOUT]: SERVER request state: CLEAN_UP
[14:52:57] [Server thread/INFO]: [STDOUT]: SERVER enter state: CLEAN_UP
[14:52:57] [Server thread/INFO]: [STDOUT]: SERVER request state: DORMANT
[14:52:57] [Client thread/INFO]: [STDOUT]: CLIENT request state: DORMANT
[14:52:57] [Client thread/INFO]: [STDOUT]: CLIENT enter state: DORMANT
[14:52:57] [Client thread/INFO]: [STDOUT]: JETTISONING 0 COMMANDS
[14:52:57] [Server thread/INFO]: [STDOUT]: SERVER enter state: DORMANT
[14:52:58] [Thread-160/INFO]: [STDOUT]: Received from kubernetes.docker.internal:MALMO_REQUEST_CLIENT:0.37.0:20000:morgan
[14:52:58] [Thread-160/INFO]: [STDOUT]: ==== RES:  - 16903
[14:52:58] [Thread-160/INFO]: [STDOUT]: REPLYING WITH: MALMOOK
[14:52:58] [Thread-162/INFO]: [STDOUT]: Received from kubernetes.docker.internal:<?xml version="1.0" encoding="utf-8"?><MissionInit xmlns="http://ProjectMalmo.microsoft.com" xmlns:xsi="http://www.w3.org/2001/XMLSchema-instance" SchemaVersion="" PlatformVersion="0.37.0"><Mission>                                    <About>                    <Summary>Food Search #0</Summary></About><ModSettings>                    <MsPerTick>100</MsPerTick></ModSettings><ServerSection>                                <ServerInitialConditions>                                                            <Time>                                                        <StartTime>6000</StartTime><AllowPassageOfTime>false</AllowPassageOfTime></Time><Weather>clear</Weather><AllowSpawning>false</AllowSpawning></ServerInitialConditions><ServerHandlers>                                                            <FlatWorldGenerator generatorString="3;7,220*1,5*3,2;3;,biome_1"/><DrawingDecorator>                                                                                                                                 
[14:52:58] [Thread-162/INFO]: [STDOUT]: REPLYING WITH: MALMOOK
[14:52:59] [Client thread/INFO]: [STDOUT]: Mission received: Food Search #0
[14:52:59] [Client thread/INFO]: [STDOUT]: CLIENT request state: CREATING_HANDLERS
[14:52:59] [Client thread/INFO]: [STDOUT]: CLIENT enter state: CREATING_HANDLERS
[14:52:59] [Client thread/INFO]: [STDOUT]: CLIENT request state: EVALUATING_WORLD_REQUIREMENTS
[14:52:59] [Client thread/INFO]: [STDOUT]: CLIENT enter state: EVALUATING_WORLD_REQUIREMENTS
[14:52:59] [Client thread/INFO]: [STDOUT]: CLIENT request state: WAITING_FOR_SERVER_READY
[14:52:59] [Client thread/INFO]: [STDOUT]: CLIENT enter state: WAITING_FOR_SERVER_READY
[14:52:59] [Client thread/INFO]: [STDOUT]: ***Telling server we are ready - morgan
[14:52:59] [Server thread/INFO]: [STDOUT]: INCOMING MISSION: Received MissionInit directly through queue.
[14:52:59] [Server thread/INFO]: [STDOUT]: Mission received: Food Search #0
[14:52:59] [Server thread/INFO]: Received mission: §9Food Search #0
[14:52:59] [Server thread/INFO]: Source: §akubernetes.docker.internal
[14:52:59] [Server thread/INFO]: [STDOUT]: SERVER request state: BUILDING_WORLD
[14:52:59] [Server thread/INFO]: [STDOUT]: SERVER enter state: BUILDING_WORLD
[14:52:59] [Client thread/INFO]: [CHAT] Received mission: §9Food Search #0
[14:52:59] [Client thread/INFO]: [CHAT] Source: §akubernetes.docker.internal
[14:52:59] [Server thread/INFO]: [STDOUT]: SERVER request state: WAITING_FOR_AGENTS_TO_ASSEMBLE
[14:52:59] [Server thread/INFO]: [STDOUT]: SERVER enter state: WAITING_FOR_AGENTS_TO_ASSEMBLE
[14:52:59] [Server thread/INFO]: [STDOUT]: Experiment requires: 
[14:52:59] [Server thread/INFO]: [STDOUT]: >>>> morgan
[14:52:59] [Client thread/INFO]: [STDOUT]: ***Telling server we are ready - morgan
[14:52:59] [Client thread/INFO]: [STDOUT]: CLIENT request state: RUNNING
[14:52:59] [Client thread/INFO]: [STDOUT]: CLIENT enter state: RUNNING
[14:52:59] [Server thread/INFO]: [STDOUT]: SERVER request state: RUNNING
[14:52:59] [Server thread/INFO]: [STDOUT]: SERVER enter state: RUNNING
[14:53:14] [Server thread/INFO]: <morgan> Quitting mission
[14:53:14] [Client thread/INFO]: [CHAT] <morgan> Quitting mission
[14:53:14] [Client thread/INFO]: [STDOUT]: CLIENT request state: IDLING
[14:53:14] [Client thread/INFO]: [STDOUT]: CLIENT enter state: IDLING
[14:53:14] [Server thread/INFO]: [STDOUT]: SERVER request state: WAITING_FOR_AGENTS_TO_QUIT
[14:53:14] [Server thread/INFO]: [STDOUT]: SERVER enter state: WAITING_FOR_AGENTS_TO_QUIT
[14:53:14] [Client thread/INFO]: [STDOUT]: CLIENT request state: MISSION_ENDED
[14:53:14] [Client thread/INFO]: [STDOUT]: CLIENT enter state: MISSION_ENDED
[14:53:14] [Client thread/INFO]: [STDOUT]: Sending mission ended message to kubernetes.docker.internal:10431.
[14:53:14] [Client thread/INFO]: [STDOUT]: CLIENT request state: WAITING_FOR_SERVER_MISSION_END
[14:53:14] [Client thread/INFO]: [STDOUT]: CLIENT enter state: WAITING_FOR_SERVER_MISSION_END
[14:53:14] [Server thread/INFO]: [STDOUT]: SERVER request state: CLEAN_UP
[14:53:14] [Server thread/INFO]: [STDOUT]: SERVER enter state: CLEAN_UP
[14:53:14] [Server thread/INFO]: [STDOUT]: SERVER request state: DORMANT
[14:53:14] [Client thread/INFO]: [STDOUT]: CLIENT request state: DORMANT
[14:53:15] [Server thread/INFO]: [STDOUT]: SERVER enter state: DORMANT
[14:53:15] [Client thread/INFO]: [STDOUT]: CLIENT enter state: DORMANT
[14:53:15] [Client thread/INFO]: [STDOUT]: JETTISONING 0 COMMANDS
[14:53:15] [Thread-166/INFO]: [STDOUT]: Received from kubernetes.docker.internal:MALMO_REQUEST_CLIENT:0.37.0:20000:morgan
[14:53:15] [Thread-166/INFO]: [STDOUT]: ==== RES:  - 3272
[14:53:15] [Thread-166/INFO]: [STDOUT]: REPLYING WITH: MALMOOK
[14:53:15] [Thread-168/INFO]: [STDOUT]: Received from kubernetes.docker.internal:<?xml version="1.0" encoding="utf-8"?><MissionInit xmlns="http://ProjectMalmo.microsoft.com" xmlns:xsi="http://www.w3.org/2001/XMLSchema-instance" SchemaVersion="" PlatformVersion="0.37.0"><Mission>                                    <About>                    <Summary>Food Search #1</Summary></About><ModSettings>                    <MsPerTick>100</MsPerTick></ModSettings><ServerSection>                                <ServerInitialConditions>                                                            <Time>                                                        <StartTime>6000</StartTime><AllowPassageOfTime>false</AllowPassageOfTime></Time><Weather>clear</Weather><AllowSpawning>false</AllowSpawning></ServerInitialConditions><ServerHandlers>                                                            <FlatWorldGenerator generatorString="3;7,220*1,5*3,2;3;,biome_1"/><DrawingDecorator>                                                                                                                                 
[14:53:15] [Thread-168/INFO]: [STDOUT]: REPLYING WITH: MALMOOK
[14:53:15] [Client thread/INFO]: [STDOUT]: Mission received: Food Search #1
[14:53:15] [Client thread/INFO]: [STDOUT]: CLIENT request state: CREATING_HANDLERS
[14:53:15] [Client thread/INFO]: [STDOUT]: CLIENT enter state: CREATING_HANDLERS
[14:53:15] [Client thread/INFO]: [STDOUT]: CLIENT request state: EVALUATING_WORLD_REQUIREMENTS
[14:53:15] [Client thread/INFO]: [STDOUT]: CLIENT enter state: EVALUATING_WORLD_REQUIREMENTS
[14:53:15] [Client thread/INFO]: [STDOUT]: CLIENT request state: WAITING_FOR_SERVER_READY
[14:53:15] [Server thread/INFO]: [STDOUT]: INCOMING MISSION: Received MissionInit directly through queue.
[14:53:15] [Server thread/INFO]: [STDOUT]: Mission received: Food Search #1
[14:53:15] [Server thread/INFO]: Received mission: §9Food Search #1
[14:53:15] [Client thread/INFO]: [STDOUT]: CLIENT enter state: WAITING_FOR_SERVER_READY
[14:53:15] [Server thread/INFO]: Source: §akubernetes.docker.internal
[14:53:15] [Server thread/INFO]: [STDOUT]: SERVER request state: BUILDING_WORLD
[14:53:15] [Server thread/INFO]: [STDOUT]: SERVER enter state: BUILDING_WORLD
[14:53:15] [Client thread/INFO]: [STDOUT]: ***Telling server we are ready - morgan
[14:53:15] [Client thread/INFO]: [CHAT] Received mission: §9Food Search #1
[14:53:15] [Client thread/INFO]: [CHAT] Source: §akubernetes.docker.internal
[14:53:15] [Server thread/INFO]: [STDOUT]: SERVER request state: WAITING_FOR_AGENTS_TO_ASSEMBLE
[14:53:15] [Server thread/INFO]: [STDOUT]: SERVER enter state: WAITING_FOR_AGENTS_TO_ASSEMBLE
[14:53:15] [Server thread/INFO]: [STDOUT]: Experiment requires: 
[14:53:15] [Server thread/INFO]: [STDOUT]: >>>> morgan
[14:53:16] [Client thread/INFO]: [STDOUT]: ***Telling server we are ready - morgan
[14:53:16] [Client thread/INFO]: [STDOUT]: CLIENT request state: RUNNING
[14:53:16] [Client thread/INFO]: [STDOUT]: CLIENT enter state: RUNNING
[14:53:16] [Server thread/INFO]: [STDOUT]: SERVER request state: RUNNING
[14:53:16] [Server thread/INFO]: [STDOUT]: SERVER enter state: RUNNING
[14:53:17] [Server thread/INFO]: <morgan> Quitting mission
[14:53:17] [Client thread/INFO]: [CHAT] <morgan> Quitting mission
[14:53:17] [Client thread/INFO]: [STDOUT]: CLIENT request state: IDLING
[14:53:17] [Client thread/INFO]: [STDOUT]: CLIENT enter state: IDLING
[14:53:17] [Server thread/INFO]: [STDOUT]: SERVER request state: WAITING_FOR_AGENTS_TO_QUIT
[14:53:17] [Server thread/INFO]: [STDOUT]: SERVER enter state: WAITING_FOR_AGENTS_TO_QUIT
[14:53:17] [Client thread/INFO]: [STDOUT]: CLIENT request state: MISSION_ENDED
[14:53:17] [Client thread/INFO]: [STDOUT]: CLIENT enter state: MISSION_ENDED
[14:53:17] [Client thread/INFO]: [STDOUT]: Sending mission ended message to kubernetes.docker.internal:10723.
[14:53:17] [Client thread/INFO]: [STDOUT]: CLIENT request state: WAITING_FOR_SERVER_MISSION_END
[14:53:17] [Client thread/INFO]: [STDOUT]: CLIENT enter state: WAITING_FOR_SERVER_MISSION_END
[14:53:17] [Server thread/INFO]: [STDOUT]: SERVER request state: CLEAN_UP
[14:53:17] [Server thread/INFO]: [STDOUT]: SERVER enter state: CLEAN_UP
[14:53:17] [Server thread/INFO]: [STDOUT]: SERVER request state: DORMANT
[14:53:17] [Client thread/INFO]: [STDOUT]: CLIENT request state: DORMANT
[14:53:17] [Server thread/INFO]: [STDOUT]: SERVER enter state: DORMANT
[14:53:17] [Client thread/INFO]: [STDOUT]: CLIENT enter state: DORMANT
[14:53:17] [Client thread/INFO]: [STDOUT]: JETTISONING 0 COMMANDS
[14:53:18] [Thread-172/INFO]: [STDOUT]: Received from kubernetes.docker.internal:MALMO_REQUEST_CLIENT:0.37.0:20000:morgan
[14:53:18] [Thread-172/INFO]: [STDOUT]: ==== RES:  - 17626
[14:53:18] [Thread-172/INFO]: [STDOUT]: REPLYING WITH: MALMOOK
[14:53:18] [Thread-174/INFO]: [STDOUT]: Received from kubernetes.docker.internal:<?xml version="1.0" encoding="utf-8"?><MissionInit xmlns="http://ProjectMalmo.microsoft.com" xmlns:xsi="http://www.w3.org/2001/XMLSchema-instance" SchemaVersion="" PlatformVersion="0.37.0"><Mission>                                    <About>                    <Summary>Food Search #2</Summary></About><ModSettings>                    <MsPerTick>100</MsPerTick></ModSettings><ServerSection>                                <ServerInitialConditions>                                                            <Time>                                                        <StartTime>6000</StartTime><AllowPassageOfTime>false</AllowPassageOfTime></Time><Weather>clear</Weather><AllowSpawning>false</AllowSpawning></ServerInitialConditions><ServerHandlers>                                                            <FlatWorldGenerator generatorString="3;7,220*1,5*3,2;3;,biome_1"/><DrawingDecorator>                                                                                                                                 
[14:53:18] [Thread-174/INFO]: [STDOUT]: REPLYING WITH: MALMOOK
[14:53:18] [Client thread/INFO]: [STDOUT]: Mission received: Food Search #2
[14:53:18] [Client thread/INFO]: [STDOUT]: CLIENT request state: CREATING_HANDLERS
[14:53:18] [Client thread/INFO]: [STDOUT]: CLIENT enter state: CREATING_HANDLERS
[14:53:18] [Client thread/INFO]: [STDOUT]: CLIENT request state: EVALUATING_WORLD_REQUIREMENTS
[14:53:18] [Client thread/INFO]: [STDOUT]: CLIENT enter state: EVALUATING_WORLD_REQUIREMENTS
[14:53:18] [Client thread/INFO]: [STDOUT]: CLIENT request state: WAITING_FOR_SERVER_READY
[14:53:18] [Client thread/INFO]: [STDOUT]: CLIENT enter state: WAITING_FOR_SERVER_READY
[14:53:18] [Client thread/INFO]: [STDOUT]: ***Telling server we are ready - morgan
[14:53:18] [Server thread/INFO]: [STDOUT]: INCOMING MISSION: Received MissionInit directly through queue.
[14:53:18] [Server thread/INFO]: [STDOUT]: Mission received: Food Search #2
[14:53:18] [Server thread/INFO]: Received mission: §9Food Search #2
[14:53:18] [Server thread/INFO]: Source: §akubernetes.docker.internal
[14:53:18] [Server thread/INFO]: [STDOUT]: SERVER request state: BUILDING_WORLD
[14:53:18] [Server thread/INFO]: [STDOUT]: SERVER enter state: BUILDING_WORLD
[14:53:18] [Client thread/INFO]: [CHAT] Received mission: §9Food Search #2
[14:53:18] [Client thread/INFO]: [CHAT] Source: §akubernetes.docker.internal
[14:53:18] [Server thread/INFO]: [STDOUT]: SERVER request state: WAITING_FOR_AGENTS_TO_ASSEMBLE
[14:53:18] [Server thread/INFO]: [STDOUT]: SERVER enter state: WAITING_FOR_AGENTS_TO_ASSEMBLE
[14:53:18] [Server thread/INFO]: [STDOUT]: Experiment requires: 
[14:53:18] [Server thread/INFO]: [STDOUT]: >>>> morgan
[14:53:18] [Client thread/INFO]: [STDOUT]: ***Telling server we are ready - morgan
[14:53:18] [Client thread/INFO]: [STDOUT]: CLIENT request state: RUNNING
[14:53:18] [Client thread/INFO]: [STDOUT]: CLIENT enter state: RUNNING
[14:53:18] [Server thread/INFO]: [STDOUT]: SERVER request state: RUNNING
[14:53:18] [Server thread/INFO]: [STDOUT]: SERVER enter state: RUNNING
[14:53:19] [Server thread/INFO]: <morgan> Quitting mission
[14:53:19] [Client thread/INFO]: [CHAT] <morgan> Quitting mission
[14:53:19] [Client thread/INFO]: [STDOUT]: CLIENT request state: IDLING
[14:53:19] [Client thread/INFO]: [STDOUT]: CLIENT enter state: IDLING
[14:53:19] [Server thread/INFO]: [STDOUT]: SERVER request state: WAITING_FOR_AGENTS_TO_QUIT
[14:53:19] [Server thread/INFO]: [STDOUT]: SERVER enter state: WAITING_FOR_AGENTS_TO_QUIT
[14:53:19] [Client thread/INFO]: [STDOUT]: CLIENT request state: MISSION_ENDED
[14:53:19] [Client thread/INFO]: [STDOUT]: CLIENT enter state: MISSION_ENDED
[14:53:19] [Client thread/INFO]: [STDOUT]: Sending mission ended message to kubernetes.docker.internal:10033.
[14:53:19] [Client thread/INFO]: [STDOUT]: CLIENT request state: WAITING_FOR_SERVER_MISSION_END
[14:53:19] [Client thread/INFO]: [STDOUT]: CLIENT enter state: WAITING_FOR_SERVER_MISSION_END
[14:53:19] [Server thread/INFO]: [STDOUT]: SERVER request state: CLEAN_UP
[14:53:19] [Server thread/INFO]: [STDOUT]: SERVER enter state: CLEAN_UP
[14:53:19] [Server thread/INFO]: [STDOUT]: SERVER request state: DORMANT
[14:53:19] [Client thread/INFO]: [STDOUT]: CLIENT request state: DORMANT
[14:53:19] [Client thread/INFO]: [STDOUT]: CLIENT enter state: DORMANT
[14:53:19] [Client thread/INFO]: [STDOUT]: JETTISONING 0 COMMANDS
[14:53:19] [Server thread/INFO]: [STDOUT]: SERVER enter state: DORMANT
[14:53:20] [Thread-178/INFO]: [STDOUT]: Received from kubernetes.docker.internal:MALMO_REQUEST_CLIENT:0.37.0:20000:morgan
[14:53:20] [Thread-178/INFO]: [STDOUT]: ==== RES:  - 17600
[14:53:20] [Thread-178/INFO]: [STDOUT]: REPLYING WITH: MALMOOK
[14:53:20] [Thread-180/INFO]: [STDOUT]: Received from kubernetes.docker.internal:<?xml version="1.0" encoding="utf-8"?><MissionInit xmlns="http://ProjectMalmo.microsoft.com" xmlns:xsi="http://www.w3.org/2001/XMLSchema-instance" SchemaVersion="" PlatformVersion="0.37.0"><Mission>                                    <About>                    <Summary>Food Search #3</Summary></About><ModSettings>                    <MsPerTick>100</MsPerTick></ModSettings><ServerSection>                                <ServerInitialConditions>                                                            <Time>                                                        <StartTime>6000</StartTime><AllowPassageOfTime>false</AllowPassageOfTime></Time><Weather>clear</Weather><AllowSpawning>false</AllowSpawning></ServerInitialConditions><ServerHandlers>                                                            <FlatWorldGenerator generatorString="3;7,220*1,5*3,2;3;,biome_1"/><DrawingDecorator>                                                                                                                                 
[14:53:20] [Thread-180/INFO]: [STDOUT]: REPLYING WITH: MALMOOK
[14:53:20] [Client thread/INFO]: [STDOUT]: Mission received: Food Search #3
[14:53:20] [Client thread/INFO]: [STDOUT]: CLIENT request state: CREATING_HANDLERS
[14:53:20] [Client thread/INFO]: [STDOUT]: CLIENT enter state: CREATING_HANDLERS
[14:53:20] [Client thread/INFO]: [STDOUT]: CLIENT request state: EVALUATING_WORLD_REQUIREMENTS
[14:53:20] [Client thread/INFO]: [STDOUT]: CLIENT enter state: EVALUATING_WORLD_REQUIREMENTS
[14:53:20] [Client thread/INFO]: [STDOUT]: CLIENT request state: WAITING_FOR_SERVER_READY
[14:53:20] [Server thread/INFO]: [STDOUT]: INCOMING MISSION: Received MissionInit directly through queue.
[14:53:20] [Server thread/INFO]: [STDOUT]: Mission received: Food Search #3
[14:53:20] [Server thread/INFO]: Received mission: §9Food Search #3
[14:53:20] [Server thread/INFO]: Source: §akubernetes.docker.internal
[14:53:20] [Server thread/INFO]: [STDOUT]: SERVER request state: BUILDING_WORLD
[14:53:20] [Server thread/INFO]: [STDOUT]: SERVER enter state: BUILDING_WORLD
[14:53:20] [Client thread/INFO]: [CHAT] Received mission: §9Food Search #3
[14:53:20] [Client thread/INFO]: [CHAT] Source: §akubernetes.docker.internal
[14:53:20] [Client thread/INFO]: [STDOUT]: CLIENT enter state: WAITING_FOR_SERVER_READY
[14:53:20] [Client thread/INFO]: [STDOUT]: ***Telling server we are ready - morgan
[14:53:20] [Server thread/INFO]: [STDOUT]: SERVER request state: WAITING_FOR_AGENTS_TO_ASSEMBLE
[14:53:20] [Server thread/INFO]: [STDOUT]: SERVER enter state: WAITING_FOR_AGENTS_TO_ASSEMBLE
[14:53:20] [Server thread/INFO]: [STDOUT]: Experiment requires: 
[14:53:20] [Server thread/INFO]: [STDOUT]: >>>> morgan
[14:53:20] [Client thread/INFO]: [STDOUT]: ***Telling server we are ready - morgan
[14:53:20] [Client thread/INFO]: [STDOUT]: CLIENT request state: RUNNING
[14:53:20] [Client thread/INFO]: [STDOUT]: CLIENT enter state: RUNNING
[14:53:20] [Server thread/INFO]: [STDOUT]: SERVER request state: RUNNING
[14:53:20] [Server thread/INFO]: [STDOUT]: SERVER enter state: RUNNING
[14:53:22] [Server thread/INFO]: <morgan> Quitting mission
[14:53:22] [Client thread/INFO]: [STDOUT]: CLIENT request state: IDLING
[14:53:22] [Client thread/INFO]: [STDOUT]: CLIENT enter state: IDLING
[14:53:22] [Client thread/INFO]: [CHAT] <morgan> Quitting mission
[14:53:22] [Server thread/INFO]: [STDOUT]: SERVER request state: WAITING_FOR_AGENTS_TO_QUIT
[14:53:22] [Server thread/INFO]: [STDOUT]: SERVER enter state: WAITING_FOR_AGENTS_TO_QUIT
[14:53:22] [Client thread/INFO]: [STDOUT]: CLIENT request state: MISSION_ENDED
[14:53:22] [Client thread/INFO]: [STDOUT]: CLIENT enter state: MISSION_ENDED
[14:53:22] [Client thread/INFO]: [STDOUT]: Sending mission ended message to kubernetes.docker.internal:10847.
[14:53:22] [Client thread/INFO]: [STDOUT]: CLIENT request state: WAITING_FOR_SERVER_MISSION_END
[14:53:22] [Client thread/INFO]: [STDOUT]: CLIENT enter state: WAITING_FOR_SERVER_MISSION_END
[14:53:22] [Server thread/INFO]: [STDOUT]: SERVER request state: CLEAN_UP
[14:53:22] [Server thread/INFO]: [STDOUT]: SERVER enter state: CLEAN_UP
[14:53:22] [Server thread/INFO]: [STDOUT]: SERVER request state: DORMANT
[14:53:22] [Client thread/INFO]: [STDOUT]: CLIENT request state: DORMANT
[14:53:22] [Client thread/INFO]: [STDOUT]: CLIENT enter state: DORMANT
[14:53:22] [Client thread/INFO]: [STDOUT]: JETTISONING 0 COMMANDS
[14:53:22] [Server thread/INFO]: [STDOUT]: SERVER enter state: DORMANT
[14:53:23] [Thread-184/INFO]: [STDOUT]: Received from kubernetes.docker.internal:MALMO_REQUEST_CLIENT:0.37.0:20000:morgan
[14:53:23] [Thread-184/INFO]: [STDOUT]: ==== RES:  - 17481
[14:53:23] [Thread-184/INFO]: [STDOUT]: REPLYING WITH: MALMOOK
[14:53:23] [Thread-186/INFO]: [STDOUT]: Received from kubernetes.docker.internal:<?xml version="1.0" encoding="utf-8"?><MissionInit xmlns="http://ProjectMalmo.microsoft.com" xmlns:xsi="http://www.w3.org/2001/XMLSchema-instance" SchemaVersion="" PlatformVersion="0.37.0"><Mission>                                    <About>                    <Summary>Food Search #4</Summary></About><ModSettings>                    <MsPerTick>100</MsPerTick></ModSettings><ServerSection>                                <ServerInitialConditions>                                                            <Time>                                                        <StartTime>6000</StartTime><AllowPassageOfTime>false</AllowPassageOfTime></Time><Weather>clear</Weather><AllowSpawning>false</AllowSpawning></ServerInitialConditions><ServerHandlers>                                                            <FlatWorldGenerator generatorString="3;7,220*1,5*3,2;3;,biome_1"/><DrawingDecorator>                                                                                                                                 
[14:53:23] [Thread-186/INFO]: [STDOUT]: REPLYING WITH: MALMOOK
[14:53:23] [Client thread/INFO]: [STDOUT]: Mission received: Food Search #4
[14:53:23] [Client thread/INFO]: [STDOUT]: CLIENT request state: CREATING_HANDLERS
[14:53:23] [Client thread/INFO]: [STDOUT]: CLIENT enter state: CREATING_HANDLERS
[14:53:23] [Client thread/INFO]: [STDOUT]: CLIENT request state: EVALUATING_WORLD_REQUIREMENTS
[14:53:23] [Client thread/INFO]: [STDOUT]: CLIENT enter state: EVALUATING_WORLD_REQUIREMENTS
[14:53:23] [Client thread/INFO]: [STDOUT]: CLIENT request state: WAITING_FOR_SERVER_READY
[14:53:23] [Client thread/INFO]: [STDOUT]: CLIENT enter state: WAITING_FOR_SERVER_READY
[14:53:23] [Client thread/INFO]: [STDOUT]: ***Telling server we are ready - morgan
[14:53:23] [Server thread/INFO]: [STDOUT]: INCOMING MISSION: Received MissionInit directly through queue.
[14:53:23] [Server thread/INFO]: [STDOUT]: Mission received: Food Search #4
[14:53:23] [Server thread/INFO]: Received mission: §9Food Search #4
[14:53:23] [Server thread/INFO]: Source: §akubernetes.docker.internal
[14:53:23] [Server thread/INFO]: [STDOUT]: SERVER request state: BUILDING_WORLD
[14:53:23] [Server thread/INFO]: [STDOUT]: SERVER enter state: BUILDING_WORLD
[14:53:23] [Client thread/INFO]: [CHAT] Received mission: §9Food Search #4
[14:53:23] [Client thread/INFO]: [CHAT] Source: §akubernetes.docker.internal
[14:53:23] [Server thread/INFO]: [STDOUT]: SERVER request state: WAITING_FOR_AGENTS_TO_ASSEMBLE
[14:53:23] [Server thread/INFO]: [STDOUT]: SERVER enter state: WAITING_FOR_AGENTS_TO_ASSEMBLE
[14:53:23] [Server thread/INFO]: [STDOUT]: Experiment requires: 
[14:53:23] [Server thread/INFO]: [STDOUT]: >>>> morgan
[14:53:23] [Client thread/INFO]: [STDOUT]: ***Telling server we are ready - morgan
[14:53:23] [Client thread/INFO]: [STDOUT]: CLIENT request state: RUNNING
[14:53:23] [Client thread/INFO]: [STDOUT]: CLIENT enter state: RUNNING
[14:53:23] [Server thread/INFO]: [STDOUT]: SERVER request state: RUNNING
[14:53:23] [Server thread/INFO]: [STDOUT]: SERVER enter state: RUNNING
[14:53:24] [Server thread/INFO]: <morgan> Quitting mission
[14:53:24] [Client thread/INFO]: [CHAT] <morgan> Quitting mission
[14:53:24] [Client thread/INFO]: [STDOUT]: CLIENT request state: IDLING
[14:53:24] [Client thread/INFO]: [STDOUT]: CLIENT enter state: IDLING
[14:53:24] [Server thread/INFO]: [STDOUT]: SERVER request state: WAITING_FOR_AGENTS_TO_QUIT
[14:53:24] [Server thread/INFO]: [STDOUT]: SERVER enter state: WAITING_FOR_AGENTS_TO_QUIT
[14:53:24] [Client thread/INFO]: [STDOUT]: CLIENT request state: MISSION_ENDED
[14:53:24] [Client thread/INFO]: [STDOUT]: CLIENT enter state: MISSION_ENDED
[14:53:24] [Client thread/INFO]: [STDOUT]: Sending mission ended message to kubernetes.docker.internal:10726.
[14:53:24] [Client thread/INFO]: [STDOUT]: CLIENT request state: WAITING_FOR_SERVER_MISSION_END
[14:53:24] [Client thread/INFO]: [STDOUT]: CLIENT enter state: WAITING_FOR_SERVER_MISSION_END
[14:53:24] [Server thread/INFO]: [STDOUT]: SERVER request state: CLEAN_UP
[14:53:24] [Server thread/INFO]: [STDOUT]: SERVER enter state: CLEAN_UP
[14:53:24] [Server thread/INFO]: [STDOUT]: SERVER request state: DORMANT
[14:53:24] [Client thread/INFO]: [STDOUT]: CLIENT request state: DORMANT
[14:53:24] [Client thread/INFO]: [STDOUT]: CLIENT enter state: DORMANT
[14:53:24] [Client thread/INFO]: [STDOUT]: JETTISONING 0 COMMANDS
[14:53:24] [Server thread/INFO]: [STDOUT]: SERVER enter state: DORMANT
[14:53:25] [Thread-190/INFO]: [STDOUT]: Received from kubernetes.docker.internal:MALMO_REQUEST_CLIENT:0.37.0:20000:morgan
[14:53:25] [Thread-190/INFO]: [STDOUT]: ==== RES:  - 17750
[14:53:25] [Thread-190/INFO]: [STDOUT]: REPLYING WITH: MALMOOK
[14:53:25] [Thread-192/INFO]: [STDOUT]: Received from kubernetes.docker.internal:<?xml version="1.0" encoding="utf-8"?><MissionInit xmlns="http://ProjectMalmo.microsoft.com" xmlns:xsi="http://www.w3.org/2001/XMLSchema-instance" SchemaVersion="" PlatformVersion="0.37.0"><Mission>                                    <About>                    <Summary>Food Search #5</Summary></About><ModSettings>                    <MsPerTick>100</MsPerTick></ModSettings><ServerSection>                                <ServerInitialConditions>                                                            <Time>                                                        <StartTime>6000</StartTime><AllowPassageOfTime>false</AllowPassageOfTime></Time><Weather>clear</Weather><AllowSpawning>false</AllowSpawning></ServerInitialConditions><ServerHandlers>                                                            <FlatWorldGenerator generatorString="3;7,220*1,5*3,2;3;,biome_1"/><DrawingDecorator>                                                                                                                                 
[14:53:25] [Thread-192/INFO]: [STDOUT]: REPLYING WITH: MALMOOK
[14:53:25] [Client thread/INFO]: [STDOUT]: Mission received: Food Search #5
[14:53:25] [Client thread/INFO]: [STDOUT]: CLIENT request state: CREATING_HANDLERS
[14:53:25] [Client thread/INFO]: [STDOUT]: CLIENT enter state: CREATING_HANDLERS
[14:53:25] [Client thread/INFO]: [STDOUT]: CLIENT request state: EVALUATING_WORLD_REQUIREMENTS
[14:53:25] [Client thread/INFO]: [STDOUT]: CLIENT enter state: EVALUATING_WORLD_REQUIREMENTS
[14:53:25] [Client thread/INFO]: [STDOUT]: CLIENT request state: WAITING_FOR_SERVER_READY
[14:53:25] [Server thread/INFO]: [STDOUT]: INCOMING MISSION: Received MissionInit directly through queue.
[14:53:25] [Server thread/INFO]: [STDOUT]: Mission received: Food Search #5
[14:53:25] [Server thread/INFO]: Received mission: §9Food Search #5
[14:53:25] [Server thread/INFO]: Source: §akubernetes.docker.internal
[14:53:25] [Server thread/INFO]: [STDOUT]: SERVER request state: BUILDING_WORLD
[14:53:25] [Server thread/INFO]: [STDOUT]: SERVER enter state: BUILDING_WORLD
[14:53:25] [Client thread/INFO]: [CHAT] Received mission: §9Food Search #5
[14:53:25] [Client thread/INFO]: [CHAT] Source: §akubernetes.docker.internal
[14:53:25] [Client thread/INFO]: [STDOUT]: CLIENT enter state: WAITING_FOR_SERVER_READY
[14:53:25] [Client thread/INFO]: [STDOUT]: ***Telling server we are ready - morgan
[14:53:25] [Server thread/INFO]: [STDOUT]: SERVER request state: WAITING_FOR_AGENTS_TO_ASSEMBLE
[14:53:25] [Server thread/INFO]: [STDOUT]: SERVER enter state: WAITING_FOR_AGENTS_TO_ASSEMBLE
[14:53:25] [Server thread/INFO]: [STDOUT]: Experiment requires: 
[14:53:25] [Server thread/INFO]: [STDOUT]: >>>> morgan
[14:53:25] [Client thread/INFO]: [STDOUT]: ***Telling server we are ready - morgan
[14:53:25] [Client thread/INFO]: [STDOUT]: CLIENT request state: RUNNING
[14:53:25] [Client thread/INFO]: [STDOUT]: CLIENT enter state: RUNNING
[14:53:25] [Server thread/INFO]: [STDOUT]: SERVER request state: RUNNING
[14:53:25] [Server thread/INFO]: [STDOUT]: SERVER enter state: RUNNING
[14:53:26] [Server thread/INFO]: <morgan> Quitting mission
[14:53:26] [Client thread/INFO]: [CHAT] <morgan> Quitting mission
[14:53:26] [Client thread/INFO]: [STDOUT]: CLIENT request state: IDLING
[14:53:26] [Client thread/INFO]: [STDOUT]: CLIENT enter state: IDLING
[14:53:26] [Server thread/INFO]: [STDOUT]: SERVER request state: WAITING_FOR_AGENTS_TO_QUIT
[14:53:26] [Server thread/INFO]: [STDOUT]: SERVER enter state: WAITING_FOR_AGENTS_TO_QUIT
[14:53:26] [Client thread/INFO]: [STDOUT]: CLIENT request state: MISSION_ENDED
[14:53:26] [Client thread/INFO]: [STDOUT]: CLIENT enter state: MISSION_ENDED
[14:53:26] [Client thread/INFO]: [STDOUT]: Sending mission ended message to kubernetes.docker.internal:10640.
[14:53:26] [Client thread/INFO]: [STDOUT]: CLIENT request state: WAITING_FOR_SERVER_MISSION_END
[14:53:26] [Client thread/INFO]: [STDOUT]: CLIENT enter state: WAITING_FOR_SERVER_MISSION_END
[14:53:26] [Server thread/INFO]: [STDOUT]: SERVER request state: CLEAN_UP
[14:53:26] [Server thread/INFO]: [STDOUT]: SERVER enter state: CLEAN_UP
[14:53:26] [Server thread/INFO]: [STDOUT]: SERVER request state: DORMANT
[14:53:26] [Client thread/INFO]: [STDOUT]: CLIENT request state: DORMANT
[14:53:27] [Server thread/INFO]: [STDOUT]: SERVER enter state: DORMANT
[14:53:27] [Client thread/INFO]: [STDOUT]: CLIENT enter state: DORMANT
[14:53:27] [Client thread/INFO]: [STDOUT]: JETTISONING 0 COMMANDS
[14:53:27] [Thread-196/INFO]: [STDOUT]: Received from kubernetes.docker.internal:MALMO_REQUEST_CLIENT:0.37.0:20000:morgan
[14:53:27] [Thread-196/INFO]: [STDOUT]: ==== RES:  - 17608
[14:53:27] [Thread-196/INFO]: [STDOUT]: REPLYING WITH: MALMOOK
[14:53:27] [Thread-198/INFO]: [STDOUT]: Received from kubernetes.docker.internal:<?xml version="1.0" encoding="utf-8"?><MissionInit xmlns="http://ProjectMalmo.microsoft.com" xmlns:xsi="http://www.w3.org/2001/XMLSchema-instance" SchemaVersion="" PlatformVersion="0.37.0"><Mission>                                    <About>                    <Summary>Food Search #6</Summary></About><ModSettings>                    <MsPerTick>100</MsPerTick></ModSettings><ServerSection>                                <ServerInitialConditions>                                                            <Time>                                                        <StartTime>6000</StartTime><AllowPassageOfTime>false</AllowPassageOfTime></Time><Weather>clear</Weather><AllowSpawning>false</AllowSpawning></ServerInitialConditions><ServerHandlers>                                                            <FlatWorldGenerator generatorString="3;7,220*1,5*3,2;3;,biome_1"/><DrawingDecorator>                                                                                                                                 
[14:53:27] [Thread-198/INFO]: [STDOUT]: REPLYING WITH: MALMOOK
[14:53:27] [Client thread/INFO]: [STDOUT]: Mission received: Food Search #6
[14:53:27] [Client thread/INFO]: [STDOUT]: CLIENT request state: CREATING_HANDLERS
[14:53:27] [Client thread/INFO]: [STDOUT]: CLIENT enter state: CREATING_HANDLERS
[14:53:27] [Client thread/INFO]: [STDOUT]: CLIENT request state: EVALUATING_WORLD_REQUIREMENTS
[14:53:27] [Client thread/INFO]: [STDOUT]: CLIENT enter state: EVALUATING_WORLD_REQUIREMENTS
[14:53:27] [Client thread/INFO]: [STDOUT]: CLIENT request state: WAITING_FOR_SERVER_READY
[14:53:27] [Server thread/INFO]: [STDOUT]: INCOMING MISSION: Received MissionInit directly through queue.
[14:53:27] [Server thread/INFO]: [STDOUT]: Mission received: Food Search #6
[14:53:27] [Server thread/INFO]: Received mission: §9Food Search #6
[14:53:27] [Server thread/INFO]: Source: §akubernetes.docker.internal
[14:53:27] [Server thread/INFO]: [STDOUT]: SERVER request state: BUILDING_WORLD
[14:53:27] [Server thread/INFO]: [STDOUT]: SERVER enter state: BUILDING_WORLD
[14:53:27] [Client thread/INFO]: [CHAT] Received mission: §9Food Search #6
[14:53:27] [Client thread/INFO]: [CHAT] Source: §akubernetes.docker.internal
[14:53:27] [Client thread/INFO]: [STDOUT]: CLIENT enter state: WAITING_FOR_SERVER_READY
[14:53:27] [Client thread/INFO]: [STDOUT]: ***Telling server we are ready - morgan
[14:53:27] [Server thread/INFO]: [STDOUT]: SERVER request state: WAITING_FOR_AGENTS_TO_ASSEMBLE
[14:53:27] [Server thread/INFO]: [STDOUT]: SERVER enter state: WAITING_FOR_AGENTS_TO_ASSEMBLE
[14:53:27] [Server thread/INFO]: [STDOUT]: Experiment requires: 
[14:53:27] [Server thread/INFO]: [STDOUT]: >>>> morgan
[14:53:28] [Client thread/INFO]: [STDOUT]: ***Telling server we are ready - morgan
[14:53:28] [Client thread/INFO]: [STDOUT]: CLIENT request state: RUNNING
[14:53:28] [Client thread/INFO]: [STDOUT]: CLIENT enter state: RUNNING
[14:53:28] [Server thread/INFO]: [STDOUT]: SERVER request state: RUNNING
[14:53:28] [Server thread/INFO]: [STDOUT]: SERVER enter state: RUNNING
[14:53:29] [Server thread/INFO]: <morgan> Quitting mission
[14:53:29] [Client thread/INFO]: [CHAT] <morgan> Quitting mission
[14:53:29] [Client thread/INFO]: [STDOUT]: CLIENT request state: IDLING
[14:53:29] [Client thread/INFO]: [STDOUT]: CLIENT enter state: IDLING
[14:53:29] [Server thread/INFO]: [STDOUT]: SERVER request state: WAITING_FOR_AGENTS_TO_QUIT
[14:53:29] [Server thread/INFO]: [STDOUT]: SERVER enter state: WAITING_FOR_AGENTS_TO_QUIT
[14:53:29] [Client thread/INFO]: [STDOUT]: CLIENT request state: MISSION_ENDED
[14:53:29] [Client thread/INFO]: [STDOUT]: CLIENT enter state: MISSION_ENDED
[14:53:29] [Client thread/INFO]: [STDOUT]: Sending mission ended message to kubernetes.docker.internal:10132.
[14:53:29] [Client thread/INFO]: [STDOUT]: CLIENT request state: WAITING_FOR_SERVER_MISSION_END
[14:53:29] [Client thread/INFO]: [STDOUT]: CLIENT enter state: WAITING_FOR_SERVER_MISSION_END
[14:53:29] [Server thread/INFO]: [STDOUT]: SERVER request state: CLEAN_UP
[14:53:29] [Server thread/INFO]: [STDOUT]: SERVER enter state: CLEAN_UP
[14:53:29] [Server thread/INFO]: [STDOUT]: SERVER request state: DORMANT
[14:53:29] [Client thread/INFO]: [STDOUT]: CLIENT request state: DORMANT
[14:53:29] [Client thread/INFO]: [STDOUT]: CLIENT enter state: DORMANT
[14:53:29] [Client thread/INFO]: [STDOUT]: JETTISONING 0 COMMANDS
[14:53:29] [Server thread/INFO]: [STDOUT]: SERVER enter state: DORMANT
[14:53:30] [Thread-202/INFO]: [STDOUT]: Received from kubernetes.docker.internal:MALMO_REQUEST_CLIENT:0.37.0:20000:morgan
[14:53:30] [Thread-202/INFO]: [STDOUT]: ==== RES:  - 17594
[14:53:30] [Thread-202/INFO]: [STDOUT]: REPLYING WITH: MALMOOK
[14:53:30] [Thread-204/INFO]: [STDOUT]: Received from kubernetes.docker.internal:<?xml version="1.0" encoding="utf-8"?><MissionInit xmlns="http://ProjectMalmo.microsoft.com" xmlns:xsi="http://www.w3.org/2001/XMLSchema-instance" SchemaVersion="" PlatformVersion="0.37.0"><Mission>                                    <About>                    <Summary>Food Search #7</Summary></About><ModSettings>                    <MsPerTick>100</MsPerTick></ModSettings><ServerSection>                                <ServerInitialConditions>                                                            <Time>                                                        <StartTime>6000</StartTime><AllowPassageOfTime>false</AllowPassageOfTime></Time><Weather>clear</Weather><AllowSpawning>false</AllowSpawning></ServerInitialConditions><ServerHandlers>                                                            <FlatWorldGenerator generatorString="3;7,220*1,5*3,2;3;,biome_1"/><DrawingDecorator>                                                                                                                                 
[14:53:30] [Thread-204/INFO]: [STDOUT]: REPLYING WITH: MALMOOK
[14:53:30] [Client thread/INFO]: [STDOUT]: Mission received: Food Search #7
[14:53:30] [Client thread/INFO]: [STDOUT]: CLIENT request state: CREATING_HANDLERS
[14:53:30] [Client thread/INFO]: [STDOUT]: CLIENT enter state: CREATING_HANDLERS
[14:53:30] [Client thread/INFO]: [STDOUT]: CLIENT request state: EVALUATING_WORLD_REQUIREMENTS
[14:53:30] [Client thread/INFO]: [STDOUT]: CLIENT enter state: EVALUATING_WORLD_REQUIREMENTS
[14:53:30] [Client thread/INFO]: [STDOUT]: CLIENT request state: WAITING_FOR_SERVER_READY
[14:53:30] [Server thread/INFO]: [STDOUT]: INCOMING MISSION: Received MissionInit directly through queue.
[14:53:30] [Server thread/INFO]: [STDOUT]: Mission received: Food Search #7
[14:53:30] [Server thread/INFO]: Received mission: §9Food Search #7
[14:53:30] [Server thread/INFO]: Source: §akubernetes.docker.internal
[14:53:30] [Server thread/INFO]: [STDOUT]: SERVER request state: BUILDING_WORLD
[14:53:30] [Server thread/INFO]: [STDOUT]: SERVER enter state: BUILDING_WORLD
[14:53:30] [Client thread/INFO]: [CHAT] Received mission: §9Food Search #7
[14:53:30] [Client thread/INFO]: [CHAT] Source: §akubernetes.docker.internal
[14:53:30] [Client thread/INFO]: [STDOUT]: CLIENT enter state: WAITING_FOR_SERVER_READY
[14:53:30] [Client thread/INFO]: [STDOUT]: ***Telling server we are ready - morgan
[14:53:30] [Server thread/INFO]: [STDOUT]: SERVER request state: WAITING_FOR_AGENTS_TO_ASSEMBLE
[14:53:30] [Server thread/INFO]: [STDOUT]: SERVER enter state: WAITING_FOR_AGENTS_TO_ASSEMBLE
[14:53:30] [Server thread/INFO]: [STDOUT]: Experiment requires: 
[14:53:30] [Server thread/INFO]: [STDOUT]: >>>> morgan
[14:53:30] [Client thread/INFO]: [STDOUT]: ***Telling server we are ready - morgan
[14:53:30] [Client thread/INFO]: [STDOUT]: CLIENT request state: RUNNING
[14:53:30] [Client thread/INFO]: [STDOUT]: CLIENT enter state: RUNNING
[14:53:30] [Server thread/INFO]: [STDOUT]: SERVER request state: RUNNING
[14:53:30] [Server thread/INFO]: [STDOUT]: SERVER enter state: RUNNING
[14:53:31] [Server thread/INFO]: <morgan> Quitting mission
[14:53:31] [Client thread/INFO]: [CHAT] <morgan> Quitting mission
[14:53:31] [Client thread/INFO]: [STDOUT]: CLIENT request state: IDLING
[14:53:31] [Client thread/INFO]: [STDOUT]: CLIENT enter state: IDLING
[14:53:31] [Server thread/INFO]: [STDOUT]: SERVER request state: WAITING_FOR_AGENTS_TO_QUIT
[14:53:31] [Server thread/INFO]: [STDOUT]: SERVER enter state: WAITING_FOR_AGENTS_TO_QUIT
[14:53:31] [Client thread/INFO]: [STDOUT]: CLIENT request state: MISSION_ENDED
[14:53:31] [Client thread/INFO]: [STDOUT]: CLIENT enter state: MISSION_ENDED
[14:53:31] [Client thread/INFO]: [STDOUT]: Sending mission ended message to kubernetes.docker.internal:10891.
[14:53:31] [Client thread/INFO]: [STDOUT]: CLIENT request state: WAITING_FOR_SERVER_MISSION_END
[14:53:31] [Client thread/INFO]: [STDOUT]: CLIENT enter state: WAITING_FOR_SERVER_MISSION_END
[14:53:31] [Server thread/INFO]: [STDOUT]: SERVER request state: CLEAN_UP
[14:53:31] [Server thread/INFO]: [STDOUT]: SERVER enter state: CLEAN_UP
[14:53:31] [Server thread/INFO]: [STDOUT]: SERVER request state: DORMANT
[14:53:31] [Client thread/INFO]: [STDOUT]: CLIENT request state: DORMANT
[14:53:31] [Client thread/INFO]: [STDOUT]: CLIENT enter state: DORMANT
[14:53:31] [Client thread/INFO]: [STDOUT]: JETTISONING 0 COMMANDS
[14:53:31] [Server thread/INFO]: [STDOUT]: SERVER enter state: DORMANT
[14:53:32] [Thread-208/INFO]: [STDOUT]: Received from kubernetes.docker.internal:MALMO_REQUEST_CLIENT:0.37.0:20000:morgan
[14:53:32] [Thread-208/INFO]: [STDOUT]: ==== RES:  - 17602
[14:53:32] [Thread-208/INFO]: [STDOUT]: REPLYING WITH: MALMOOK
[14:53:32] [Thread-210/INFO]: [STDOUT]: Received from kubernetes.docker.internal:<?xml version="1.0" encoding="utf-8"?><MissionInit xmlns="http://ProjectMalmo.microsoft.com" xmlns:xsi="http://www.w3.org/2001/XMLSchema-instance" SchemaVersion="" PlatformVersion="0.37.0"><Mission>                                    <About>                    <Summary>Food Search #8</Summary></About><ModSettings>                    <MsPerTick>100</MsPerTick></ModSettings><ServerSection>                                <ServerInitialConditions>                                                            <Time>                                                        <StartTime>6000</StartTime><AllowPassageOfTime>false</AllowPassageOfTime></Time><Weather>clear</Weather><AllowSpawning>false</AllowSpawning></ServerInitialConditions><ServerHandlers>                                                            <FlatWorldGenerator generatorString="3;7,220*1,5*3,2;3;,biome_1"/><DrawingDecorator>                                                                                                                                 
[14:53:32] [Thread-210/INFO]: [STDOUT]: REPLYING WITH: MALMOOK
[14:53:32] [Client thread/INFO]: [STDOUT]: Mission received: Food Search #8
[14:53:32] [Client thread/INFO]: [STDOUT]: CLIENT request state: CREATING_HANDLERS
[14:53:32] [Client thread/INFO]: [STDOUT]: CLIENT enter state: CREATING_HANDLERS
[14:53:32] [Client thread/INFO]: [STDOUT]: CLIENT request state: EVALUATING_WORLD_REQUIREMENTS
[14:53:32] [Client thread/INFO]: [STDOUT]: CLIENT enter state: EVALUATING_WORLD_REQUIREMENTS
[14:53:32] [Client thread/INFO]: [STDOUT]: CLIENT request state: WAITING_FOR_SERVER_READY
[14:53:32] [Server thread/INFO]: [STDOUT]: INCOMING MISSION: Received MissionInit directly through queue.
[14:53:32] [Server thread/INFO]: [STDOUT]: Mission received: Food Search #8
[14:53:32] [Server thread/INFO]: Received mission: §9Food Search #8
[14:53:32] [Server thread/INFO]: Source: §akubernetes.docker.internal
[14:53:32] [Server thread/INFO]: [STDOUT]: SERVER request state: BUILDING_WORLD
[14:53:32] [Server thread/INFO]: [STDOUT]: SERVER enter state: BUILDING_WORLD
[14:53:32] [Client thread/INFO]: [CHAT] Received mission: §9Food Search #8
[14:53:32] [Client thread/INFO]: [CHAT] Source: §akubernetes.docker.internal
[14:53:32] [Client thread/INFO]: [STDOUT]: CLIENT enter state: WAITING_FOR_SERVER_READY
[14:53:32] [Client thread/INFO]: [STDOUT]: ***Telling server we are ready - morgan
[14:53:32] [Server thread/INFO]: [STDOUT]: SERVER request state: WAITING_FOR_AGENTS_TO_ASSEMBLE
[14:53:32] [Server thread/INFO]: [STDOUT]: SERVER enter state: WAITING_FOR_AGENTS_TO_ASSEMBLE
[14:53:32] [Server thread/INFO]: [STDOUT]: Experiment requires: 
[14:53:32] [Server thread/INFO]: [STDOUT]: >>>> morgan
[14:53:32] [Client thread/INFO]: [STDOUT]: ***Telling server we are ready - morgan
[14:53:32] [Client thread/INFO]: [STDOUT]: CLIENT request state: RUNNING
[14:53:32] [Client thread/INFO]: [STDOUT]: CLIENT enter state: RUNNING
[14:53:33] [Server thread/INFO]: [STDOUT]: SERVER request state: RUNNING
[14:53:33] [Server thread/INFO]: [STDOUT]: SERVER enter state: RUNNING
[14:53:34] [Server thread/INFO]: <morgan> Quitting mission
[14:53:34] [Client thread/INFO]: [CHAT] <morgan> Quitting mission
[14:53:34] [Client thread/INFO]: [STDOUT]: CLIENT request state: IDLING
[14:53:34] [Client thread/INFO]: [STDOUT]: CLIENT enter state: IDLING
[14:53:34] [Server thread/INFO]: [STDOUT]: SERVER request state: WAITING_FOR_AGENTS_TO_QUIT
[14:53:34] [Server thread/INFO]: [STDOUT]: SERVER enter state: WAITING_FOR_AGENTS_TO_QUIT
[14:53:34] [Client thread/INFO]: [STDOUT]: CLIENT request state: MISSION_ENDED
[14:53:34] [Client thread/INFO]: [STDOUT]: CLIENT enter state: MISSION_ENDED
[14:53:34] [Client thread/INFO]: [STDOUT]: Sending mission ended message to kubernetes.docker.internal:10583.
[14:53:34] [Client thread/INFO]: [STDOUT]: CLIENT request state: WAITING_FOR_SERVER_MISSION_END
[14:53:34] [Client thread/INFO]: [STDOUT]: CLIENT enter state: WAITING_FOR_SERVER_MISSION_END
[14:53:34] [Server thread/INFO]: [STDOUT]: SERVER request state: CLEAN_UP
[14:53:34] [Client thread/INFO]: [STDOUT]: CLIENT request state: DORMANT
[14:53:34] [Server thread/INFO]: [STDOUT]: SERVER enter state: CLEAN_UP
[14:53:34] [Server thread/INFO]: [STDOUT]: SERVER request state: DORMANT
[14:53:34] [Client thread/INFO]: [STDOUT]: CLIENT enter state: DORMANT
[14:53:34] [Client thread/INFO]: [STDOUT]: JETTISONING 0 COMMANDS
[14:53:34] [Server thread/INFO]: [STDOUT]: SERVER enter state: DORMANT
[14:53:34] [Thread-214/INFO]: [STDOUT]: Received from kubernetes.docker.internal:MALMO_REQUEST_CLIENT:0.37.0:20000:morgan
[14:53:34] [Thread-214/INFO]: [STDOUT]: ==== RES:  - 17543
[14:53:34] [Thread-214/INFO]: [STDOUT]: REPLYING WITH: MALMOOK
[14:53:34] [Thread-216/INFO]: [STDOUT]: Received from kubernetes.docker.internal:<?xml version="1.0" encoding="utf-8"?><MissionInit xmlns="http://ProjectMalmo.microsoft.com" xmlns:xsi="http://www.w3.org/2001/XMLSchema-instance" SchemaVersion="" PlatformVersion="0.37.0"><Mission>                                    <About>                    <Summary>Food Search #9</Summary></About><ModSettings>                    <MsPerTick>100</MsPerTick></ModSettings><ServerSection>                                <ServerInitialConditions>                                                            <Time>                                                        <StartTime>6000</StartTime><AllowPassageOfTime>false</AllowPassageOfTime></Time><Weather>clear</Weather><AllowSpawning>false</AllowSpawning></ServerInitialConditions><ServerHandlers>                                                            <FlatWorldGenerator generatorString="3;7,220*1,5*3,2;3;,biome_1"/><DrawingDecorator>                                                                                                                                 
[14:53:34] [Thread-216/INFO]: [STDOUT]: REPLYING WITH: MALMOOK
[14:53:34] [Client thread/INFO]: [STDOUT]: Mission received: Food Search #9
[14:53:34] [Client thread/INFO]: [STDOUT]: CLIENT request state: CREATING_HANDLERS
[14:53:34] [Client thread/INFO]: [STDOUT]: CLIENT enter state: CREATING_HANDLERS
[14:53:34] [Client thread/INFO]: [STDOUT]: CLIENT request state: EVALUATING_WORLD_REQUIREMENTS
[14:53:34] [Client thread/INFO]: [STDOUT]: CLIENT enter state: EVALUATING_WORLD_REQUIREMENTS
[14:53:34] [Client thread/INFO]: [STDOUT]: CLIENT request state: WAITING_FOR_SERVER_READY
[14:53:34] [Server thread/INFO]: [STDOUT]: INCOMING MISSION: Received MissionInit directly through queue.
[14:53:34] [Server thread/INFO]: [STDOUT]: Mission received: Food Search #9
[14:53:34] [Server thread/INFO]: Received mission: §9Food Search #9
[14:53:34] [Server thread/INFO]: Source: §akubernetes.docker.internal
[14:53:34] [Server thread/INFO]: [STDOUT]: SERVER request state: BUILDING_WORLD
[14:53:34] [Server thread/INFO]: [STDOUT]: SERVER enter state: BUILDING_WORLD
[14:53:34] [Client thread/INFO]: [CHAT] Received mission: §9Food Search #9
[14:53:34] [Client thread/INFO]: [CHAT] Source: §akubernetes.docker.internal
[14:53:34] [Client thread/INFO]: [STDOUT]: CLIENT enter state: WAITING_FOR_SERVER_READY
[14:53:34] [Client thread/INFO]: [STDOUT]: ***Telling server we are ready - morgan
[14:53:35] [Server thread/INFO]: [STDOUT]: SERVER request state: WAITING_FOR_AGENTS_TO_ASSEMBLE
[14:53:35] [Server thread/INFO]: [STDOUT]: SERVER enter state: WAITING_FOR_AGENTS_TO_ASSEMBLE
[14:53:35] [Server thread/INFO]: [STDOUT]: Experiment requires: 
[14:53:35] [Server thread/INFO]: [STDOUT]: >>>> morgan
[14:53:35] [Client thread/INFO]: [STDOUT]: ***Telling server we are ready - morgan
[14:53:35] [Client thread/INFO]: [STDOUT]: CLIENT request state: RUNNING
[14:53:35] [Client thread/INFO]: [STDOUT]: CLIENT enter state: RUNNING
[14:53:35] [Server thread/INFO]: [STDOUT]: SERVER request state: RUNNING
[14:53:35] [Server thread/INFO]: [STDOUT]: SERVER enter state: RUNNING
[14:53:36] [Server thread/INFO]: <morgan> Quitting mission
[14:53:36] [Client thread/INFO]: [CHAT] <morgan> Quitting mission
[14:53:36] [Client thread/INFO]: [STDOUT]: CLIENT request state: IDLING
[14:53:36] [Client thread/INFO]: [STDOUT]: CLIENT enter state: IDLING
[14:53:36] [Server thread/INFO]: [STDOUT]: SERVER request state: WAITING_FOR_AGENTS_TO_QUIT
[14:53:36] [Server thread/INFO]: [STDOUT]: SERVER enter state: WAITING_FOR_AGENTS_TO_QUIT
[14:53:36] [Client thread/INFO]: [STDOUT]: CLIENT request state: MISSION_ENDED
[14:53:36] [Client thread/INFO]: [STDOUT]: CLIENT enter state: MISSION_ENDED
[14:53:36] [Client thread/INFO]: [STDOUT]: Sending mission ended message to kubernetes.docker.internal:10386.
[14:53:36] [Client thread/INFO]: [STDOUT]: CLIENT request state: WAITING_FOR_SERVER_MISSION_END
[14:53:36] [Client thread/INFO]: [STDOUT]: CLIENT enter state: WAITING_FOR_SERVER_MISSION_END
[14:53:36] [Server thread/INFO]: [STDOUT]: SERVER request state: CLEAN_UP
[14:53:36] [Server thread/INFO]: [STDOUT]: SERVER enter state: CLEAN_UP
[14:53:36] [Server thread/INFO]: [STDOUT]: SERVER request state: DORMANT
[14:53:36] [Client thread/INFO]: [STDOUT]: CLIENT request state: DORMANT
[14:53:36] [Server thread/INFO]: [STDOUT]: SERVER enter state: DORMANT
[14:53:36] [Client thread/INFO]: [STDOUT]: CLIENT enter state: DORMANT
[14:53:36] [Client thread/INFO]: [STDOUT]: JETTISONING 0 COMMANDS
[14:53:37] [Thread-220/INFO]: [STDOUT]: Received from kubernetes.docker.internal:MALMO_REQUEST_CLIENT:0.37.0:20000:morgan
[14:53:37] [Thread-220/INFO]: [STDOUT]: ==== RES:  - 17605
[14:53:37] [Thread-220/INFO]: [STDOUT]: REPLYING WITH: MALMOOK
[14:53:37] [Thread-222/INFO]: [STDOUT]: Received from kubernetes.docker.internal:<?xml version="1.0" encoding="utf-8"?><MissionInit xmlns="http://ProjectMalmo.microsoft.com" xmlns:xsi="http://www.w3.org/2001/XMLSchema-instance" SchemaVersion="" PlatformVersion="0.37.0"><Mission>                                    <About>                    <Summary>Food Search #10</Summary></About><ModSettings>                    <MsPerTick>100</MsPerTick></ModSettings><ServerSection>                                <ServerInitialConditions>                                                            <Time>                                                        <StartTime>6000</StartTime><AllowPassageOfTime>false</AllowPassageOfTime></Time><Weather>clear</Weather><AllowSpawning>false</AllowSpawning></ServerInitialConditions><ServerHandlers>                                                            <FlatWorldGenerator generatorString="3;7,220*1,5*3,2;3;,biome_1"/><DrawingDecorator>                                                                                                                                
[14:53:37] [Thread-222/INFO]: [STDOUT]: REPLYING WITH: MALMOOK
[14:53:37] [Client thread/INFO]: [STDOUT]: Mission received: Food Search #10
[14:53:37] [Client thread/INFO]: [STDOUT]: CLIENT request state: CREATING_HANDLERS
[14:53:37] [Client thread/INFO]: [STDOUT]: CLIENT enter state: CREATING_HANDLERS
[14:53:37] [Client thread/INFO]: [STDOUT]: CLIENT request state: EVALUATING_WORLD_REQUIREMENTS
[14:53:37] [Client thread/INFO]: [STDOUT]: CLIENT enter state: EVALUATING_WORLD_REQUIREMENTS
[14:53:37] [Client thread/INFO]: [STDOUT]: CLIENT request state: WAITING_FOR_SERVER_READY
[14:53:37] [Server thread/INFO]: [STDOUT]: INCOMING MISSION: Received MissionInit directly through queue.
[14:53:37] [Client thread/INFO]: [STDOUT]: CLIENT enter state: WAITING_FOR_SERVER_READY
[14:53:37] [Server thread/INFO]: [STDOUT]: Mission received: Food Search #10
[14:53:37] [Server thread/INFO]: Received mission: §9Food Search #10
[14:53:37] [Server thread/INFO]: Source: §akubernetes.docker.internal
[14:53:37] [Server thread/INFO]: [STDOUT]: SERVER request state: BUILDING_WORLD
[14:53:37] [Server thread/INFO]: [STDOUT]: SERVER enter state: BUILDING_WORLD
[14:53:37] [Client thread/INFO]: [STDOUT]: ***Telling server we are ready - morgan
[14:53:37] [Client thread/INFO]: [CHAT] Received mission: §9Food Search #10
[14:53:37] [Client thread/INFO]: [CHAT] Source: §akubernetes.docker.internal
[14:53:37] [Server thread/INFO]: [STDOUT]: SERVER request state: WAITING_FOR_AGENTS_TO_ASSEMBLE
[14:53:37] [Server thread/INFO]: [STDOUT]: SERVER enter state: WAITING_FOR_AGENTS_TO_ASSEMBLE
[14:53:37] [Server thread/INFO]: [STDOUT]: Experiment requires: 
[14:53:37] [Server thread/INFO]: [STDOUT]: >>>> morgan
[14:53:37] [Client thread/INFO]: [STDOUT]: ***Telling server we are ready - morgan
[14:53:37] [Client thread/INFO]: [STDOUT]: CLIENT request state: RUNNING
[14:53:37] [Client thread/INFO]: [STDOUT]: CLIENT enter state: RUNNING
[14:53:37] [Server thread/INFO]: [STDOUT]: SERVER request state: RUNNING
[14:53:37] [Server thread/INFO]: [STDOUT]: SERVER enter state: RUNNING
[14:53:38] [Server thread/INFO]: <morgan> Quitting mission
[14:53:38] [Client thread/INFO]: [CHAT] <morgan> Quitting mission
[14:53:38] [Client thread/INFO]: [STDOUT]: CLIENT request state: IDLING
[14:53:38] [Client thread/INFO]: [STDOUT]: CLIENT enter state: IDLING
[14:53:38] [Server thread/INFO]: [STDOUT]: SERVER request state: WAITING_FOR_AGENTS_TO_QUIT
[14:53:38] [Server thread/INFO]: [STDOUT]: SERVER enter state: WAITING_FOR_AGENTS_TO_QUIT
[14:53:38] [Client thread/INFO]: [STDOUT]: CLIENT request state: MISSION_ENDED
[14:53:38] [Client thread/INFO]: [STDOUT]: CLIENT enter state: MISSION_ENDED
[14:53:38] [Client thread/INFO]: [STDOUT]: Sending mission ended message to kubernetes.docker.internal:10367.
[14:53:38] [Client thread/INFO]: [STDOUT]: CLIENT request state: WAITING_FOR_SERVER_MISSION_END
[14:53:38] [Client thread/INFO]: [STDOUT]: CLIENT enter state: WAITING_FOR_SERVER_MISSION_END
[14:53:38] [Server thread/INFO]: [STDOUT]: SERVER request state: CLEAN_UP
[14:53:38] [Server thread/INFO]: [STDOUT]: SERVER enter state: CLEAN_UP
[14:53:38] [Server thread/INFO]: [STDOUT]: SERVER request state: DORMANT
[14:53:38] [Client thread/INFO]: [STDOUT]: CLIENT request state: DORMANT
[14:53:38] [Client thread/INFO]: [STDOUT]: CLIENT enter state: DORMANT
[14:53:38] [Client thread/INFO]: [STDOUT]: JETTISONING 0 COMMANDS
[14:53:39] [Server thread/INFO]: [STDOUT]: SERVER enter state: DORMANT
[14:53:39] [Thread-226/INFO]: [STDOUT]: Received from kubernetes.docker.internal:MALMO_REQUEST_CLIENT:0.37.0:20000:morgan
[14:53:39] [Thread-226/INFO]: [STDOUT]: ==== RES:  - 17578
[14:53:39] [Thread-226/INFO]: [STDOUT]: REPLYING WITH: MALMOOK
[14:53:39] [Thread-228/INFO]: [STDOUT]: Received from kubernetes.docker.internal:<?xml version="1.0" encoding="utf-8"?><MissionInit xmlns="http://ProjectMalmo.microsoft.com" xmlns:xsi="http://www.w3.org/2001/XMLSchema-instance" SchemaVersion="" PlatformVersion="0.37.0"><Mission>                                    <About>                    <Summary>Food Search #11</Summary></About><ModSettings>                    <MsPerTick>100</MsPerTick></ModSettings><ServerSection>                                <ServerInitialConditions>                                                            <Time>                                                        <StartTime>6000</StartTime><AllowPassageOfTime>false</AllowPassageOfTime></Time><Weather>clear</Weather><AllowSpawning>false</AllowSpawning></ServerInitialConditions><ServerHandlers>                                                            <FlatWorldGenerator generatorString="3;7,220*1,5*3,2;3;,biome_1"/><DrawingDecorator>                                                                                                                                
[14:53:39] [Thread-228/INFO]: [STDOUT]: REPLYING WITH: MALMOOK
[14:53:39] [Client thread/INFO]: [STDOUT]: Mission received: Food Search #11
[14:53:39] [Client thread/INFO]: [STDOUT]: CLIENT request state: CREATING_HANDLERS
[14:53:39] [Client thread/INFO]: [STDOUT]: CLIENT enter state: CREATING_HANDLERS
[14:53:39] [Client thread/INFO]: [STDOUT]: CLIENT request state: EVALUATING_WORLD_REQUIREMENTS
[14:53:39] [Client thread/INFO]: [STDOUT]: CLIENT enter state: EVALUATING_WORLD_REQUIREMENTS
[14:53:39] [Client thread/INFO]: [STDOUT]: CLIENT request state: WAITING_FOR_SERVER_READY
[14:53:39] [Server thread/INFO]: [STDOUT]: INCOMING MISSION: Received MissionInit directly through queue.
[14:53:39] [Server thread/INFO]: [STDOUT]: Mission received: Food Search #11
[14:53:39] [Server thread/INFO]: Received mission: §9Food Search #11
[14:53:39] [Server thread/INFO]: Source: §akubernetes.docker.internal
[14:53:39] [Server thread/INFO]: [STDOUT]: SERVER request state: BUILDING_WORLD
[14:53:39] [Server thread/INFO]: [STDOUT]: SERVER enter state: BUILDING_WORLD
[14:53:39] [Client thread/INFO]: [CHAT] Received mission: §9Food Search #11
[14:53:39] [Client thread/INFO]: [CHAT] Source: §akubernetes.docker.internal
[14:53:39] [Client thread/INFO]: [STDOUT]: CLIENT enter state: WAITING_FOR_SERVER_READY
[14:53:39] [Client thread/INFO]: [STDOUT]: ***Telling server we are ready - morgan
[14:53:39] [Server thread/INFO]: [STDOUT]: SERVER request state: WAITING_FOR_AGENTS_TO_ASSEMBLE
[14:53:39] [Server thread/INFO]: [STDOUT]: SERVER enter state: WAITING_FOR_AGENTS_TO_ASSEMBLE
[14:53:39] [Server thread/INFO]: [STDOUT]: Experiment requires: 
[14:53:39] [Server thread/INFO]: [STDOUT]: >>>> morgan
[14:53:40] [Client thread/INFO]: [STDOUT]: ***Telling server we are ready - morgan
[14:53:40] [Client thread/INFO]: [STDOUT]: CLIENT request state: RUNNING
[14:53:40] [Client thread/INFO]: [STDOUT]: CLIENT enter state: RUNNING
[14:53:40] [Server thread/INFO]: [STDOUT]: SERVER request state: RUNNING
[14:53:40] [Server thread/INFO]: [STDOUT]: SERVER enter state: RUNNING
[14:53:41] [Server thread/INFO]: <morgan> Quitting mission
[14:53:41] [Client thread/INFO]: [CHAT] <morgan> Quitting mission
[14:53:41] [Client thread/INFO]: [STDOUT]: CLIENT request state: IDLING
[14:53:41] [Client thread/INFO]: [STDOUT]: CLIENT enter state: IDLING
[14:53:41] [Server thread/INFO]: [STDOUT]: SERVER request state: WAITING_FOR_AGENTS_TO_QUIT
[14:53:41] [Server thread/INFO]: [STDOUT]: SERVER enter state: WAITING_FOR_AGENTS_TO_QUIT
[14:53:41] [Client thread/INFO]: [STDOUT]: CLIENT request state: MISSION_ENDED
[14:53:41] [Client thread/INFO]: [STDOUT]: CLIENT enter state: MISSION_ENDED
[14:53:41] [Client thread/INFO]: [STDOUT]: Sending mission ended message to kubernetes.docker.internal:10015.
[14:53:41] [Client thread/INFO]: [STDOUT]: CLIENT request state: WAITING_FOR_SERVER_MISSION_END
[14:53:41] [Client thread/INFO]: [STDOUT]: CLIENT enter state: WAITING_FOR_SERVER_MISSION_END
[14:53:41] [Server thread/INFO]: [STDOUT]: SERVER request state: CLEAN_UP
[14:53:41] [Server thread/INFO]: [STDOUT]: SERVER enter state: CLEAN_UP
[14:53:41] [Server thread/INFO]: [STDOUT]: SERVER request state: DORMANT
[14:53:41] [Client thread/INFO]: [STDOUT]: CLIENT request state: DORMANT
[14:53:41] [Client thread/INFO]: [STDOUT]: CLIENT enter state: DORMANT
[14:53:41] [Client thread/INFO]: [STDOUT]: JETTISONING 0 COMMANDS
[14:53:41] [Server thread/INFO]: [STDOUT]: SERVER enter state: DORMANT
[14:53:42] [Thread-232/INFO]: [STDOUT]: Received from kubernetes.docker.internal:MALMO_REQUEST_CLIENT:0.37.0:20000:morgan
[14:53:42] [Thread-232/INFO]: [STDOUT]: ==== RES:  - 17592
[14:53:42] [Thread-232/INFO]: [STDOUT]: REPLYING WITH: MALMOOK
[14:53:42] [Thread-234/INFO]: [STDOUT]: Received from kubernetes.docker.internal:<?xml version="1.0" encoding="utf-8"?><MissionInit xmlns="http://ProjectMalmo.microsoft.com" xmlns:xsi="http://www.w3.org/2001/XMLSchema-instance" SchemaVersion="" PlatformVersion="0.37.0"><Mission>                                    <About>                    <Summary>Food Search #12</Summary></About><ModSettings>                    <MsPerTick>100</MsPerTick></ModSettings><ServerSection>                                <ServerInitialConditions>                                                            <Time>                                                        <StartTime>6000</StartTime><AllowPassageOfTime>false</AllowPassageOfTime></Time><Weather>clear</Weather><AllowSpawning>false</AllowSpawning></ServerInitialConditions><ServerHandlers>                                                            <FlatWorldGenerator generatorString="3;7,220*1,5*3,2;3;,biome_1"/><DrawingDecorator>                                                                                                                                
[14:53:42] [Thread-234/INFO]: [STDOUT]: REPLYING WITH: MALMOOK
[14:53:42] [Client thread/INFO]: [STDOUT]: Mission received: Food Search #12
[14:53:42] [Client thread/INFO]: [STDOUT]: CLIENT request state: CREATING_HANDLERS
[14:53:42] [Client thread/INFO]: [STDOUT]: CLIENT enter state: CREATING_HANDLERS
[14:53:42] [Client thread/INFO]: [STDOUT]: CLIENT request state: EVALUATING_WORLD_REQUIREMENTS
[14:53:42] [Client thread/INFO]: [STDOUT]: CLIENT enter state: EVALUATING_WORLD_REQUIREMENTS
[14:53:42] [Client thread/INFO]: [STDOUT]: CLIENT request state: WAITING_FOR_SERVER_READY
[14:53:42] [Client thread/INFO]: [STDOUT]: CLIENT enter state: WAITING_FOR_SERVER_READY
[14:53:42] [Client thread/INFO]: [STDOUT]: ***Telling server we are ready - morgan
[14:53:42] [Server thread/INFO]: [STDOUT]: INCOMING MISSION: Received MissionInit directly through queue.
[14:53:42] [Server thread/INFO]: [STDOUT]: Mission received: Food Search #12
[14:53:42] [Server thread/INFO]: Received mission: §9Food Search #12
[14:53:42] [Server thread/INFO]: Source: §akubernetes.docker.internal
[14:53:42] [Server thread/INFO]: [STDOUT]: SERVER request state: BUILDING_WORLD
[14:53:42] [Server thread/INFO]: [STDOUT]: SERVER enter state: BUILDING_WORLD
[14:53:42] [Client thread/INFO]: [CHAT] Received mission: §9Food Search #12
[14:53:42] [Client thread/INFO]: [CHAT] Source: §akubernetes.docker.internal
[14:53:42] [Server thread/INFO]: [STDOUT]: SERVER request state: WAITING_FOR_AGENTS_TO_ASSEMBLE
[14:53:42] [Server thread/INFO]: [STDOUT]: SERVER enter state: WAITING_FOR_AGENTS_TO_ASSEMBLE
[14:53:42] [Server thread/INFO]: [STDOUT]: Experiment requires: 
[14:53:42] [Server thread/INFO]: [STDOUT]: >>>> morgan
[14:53:42] [Client thread/INFO]: [STDOUT]: ***Telling server we are ready - morgan
[14:53:42] [Client thread/INFO]: [STDOUT]: CLIENT request state: RUNNING
[14:53:42] [Client thread/INFO]: [STDOUT]: CLIENT enter state: RUNNING
[14:53:42] [Server thread/INFO]: [STDOUT]: SERVER request state: RUNNING
[14:53:42] [Server thread/INFO]: [STDOUT]: SERVER enter state: RUNNING
[14:53:43] [Server thread/INFO]: <morgan> Quitting mission
[14:53:43] [Client thread/INFO]: [CHAT] <morgan> Quitting mission
[14:53:43] [Client thread/INFO]: [STDOUT]: CLIENT request state: IDLING
[14:53:43] [Client thread/INFO]: [STDOUT]: CLIENT enter state: IDLING
[14:53:43] [Server thread/INFO]: [STDOUT]: SERVER request state: WAITING_FOR_AGENTS_TO_QUIT
[14:53:43] [Server thread/INFO]: [STDOUT]: SERVER enter state: WAITING_FOR_AGENTS_TO_QUIT
[14:53:43] [Client thread/INFO]: [STDOUT]: CLIENT request state: MISSION_ENDED
[14:53:43] [Client thread/INFO]: [STDOUT]: CLIENT enter state: MISSION_ENDED
[14:53:43] [Client thread/INFO]: [STDOUT]: Sending mission ended message to kubernetes.docker.internal:10781.
[14:53:43] [Client thread/INFO]: [STDOUT]: CLIENT request state: WAITING_FOR_SERVER_MISSION_END
[14:53:43] [Client thread/INFO]: [STDOUT]: CLIENT enter state: WAITING_FOR_SERVER_MISSION_END
[14:53:43] [Server thread/INFO]: [STDOUT]: SERVER request state: CLEAN_UP
[14:53:43] [Client thread/INFO]: [STDOUT]: CLIENT request state: DORMANT
[14:53:43] [Server thread/INFO]: [STDOUT]: SERVER enter state: CLEAN_UP
[14:53:43] [Server thread/INFO]: [STDOUT]: SERVER request state: DORMANT
[14:53:43] [Client thread/INFO]: [STDOUT]: CLIENT enter state: DORMANT
[14:53:43] [Client thread/INFO]: [STDOUT]: JETTISONING 0 COMMANDS
[14:53:43] [Server thread/INFO]: [STDOUT]: SERVER enter state: DORMANT
[14:53:44] [Thread-238/INFO]: [STDOUT]: Received from kubernetes.docker.internal:MALMO_REQUEST_CLIENT:0.37.0:20000:morgan
[14:53:44] [Thread-238/INFO]: [STDOUT]: ==== RES:  - 17605
[14:53:44] [Thread-238/INFO]: [STDOUT]: REPLYING WITH: MALMOOK
[14:53:44] [Thread-240/INFO]: [STDOUT]: Received from kubernetes.docker.internal:<?xml version="1.0" encoding="utf-8"?><MissionInit xmlns="http://ProjectMalmo.microsoft.com" xmlns:xsi="http://www.w3.org/2001/XMLSchema-instance" SchemaVersion="" PlatformVersion="0.37.0"><Mission>                                    <About>                    <Summary>Food Search #13</Summary></About><ModSettings>                    <MsPerTick>100</MsPerTick></ModSettings><ServerSection>                                <ServerInitialConditions>                                                            <Time>                                                        <StartTime>6000</StartTime><AllowPassageOfTime>false</AllowPassageOfTime></Time><Weather>clear</Weather><AllowSpawning>false</AllowSpawning></ServerInitialConditions><ServerHandlers>                                                            <FlatWorldGenerator generatorString="3;7,220*1,5*3,2;3;,biome_1"/><DrawingDecorator>                                                                                                                                
[14:53:44] [Thread-240/INFO]: [STDOUT]: REPLYING WITH: MALMOOK
[14:53:44] [Client thread/INFO]: [STDOUT]: Mission received: Food Search #13
[14:53:44] [Client thread/INFO]: [STDOUT]: CLIENT request state: CREATING_HANDLERS
[14:53:44] [Client thread/INFO]: [STDOUT]: CLIENT enter state: CREATING_HANDLERS
[14:53:44] [Client thread/INFO]: [STDOUT]: CLIENT request state: EVALUATING_WORLD_REQUIREMENTS
[14:53:44] [Client thread/INFO]: [STDOUT]: CLIENT enter state: EVALUATING_WORLD_REQUIREMENTS
[14:53:44] [Client thread/INFO]: [STDOUT]: CLIENT request state: WAITING_FOR_SERVER_READY
[14:53:44] [Server thread/INFO]: [STDOUT]: INCOMING MISSION: Received MissionInit directly through queue.
[14:53:44] [Server thread/INFO]: [STDOUT]: Mission received: Food Search #13
[14:53:44] [Server thread/INFO]: Received mission: §9Food Search #13
[14:53:44] [Server thread/INFO]: Source: §akubernetes.docker.internal
[14:53:44] [Server thread/INFO]: [STDOUT]: SERVER request state: BUILDING_WORLD
[14:53:44] [Server thread/INFO]: [STDOUT]: SERVER enter state: BUILDING_WORLD
[14:53:44] [Client thread/INFO]: [CHAT] Received mission: §9Food Search #13
[14:53:44] [Client thread/INFO]: [CHAT] Source: §akubernetes.docker.internal
[14:53:44] [Client thread/INFO]: [STDOUT]: CLIENT enter state: WAITING_FOR_SERVER_READY
[14:53:44] [Client thread/INFO]: [STDOUT]: ***Telling server we are ready - morgan
[14:53:44] [Server thread/INFO]: [STDOUT]: SERVER request state: WAITING_FOR_AGENTS_TO_ASSEMBLE
[14:53:44] [Server thread/INFO]: [STDOUT]: SERVER enter state: WAITING_FOR_AGENTS_TO_ASSEMBLE
[14:53:44] [Server thread/INFO]: [STDOUT]: Experiment requires: 
[14:53:44] [Server thread/INFO]: [STDOUT]: >>>> morgan
[14:53:44] [Client thread/INFO]: [STDOUT]: ***Telling server we are ready - morgan
[14:53:44] [Client thread/INFO]: [STDOUT]: CLIENT request state: RUNNING
[14:53:44] [Client thread/INFO]: [STDOUT]: CLIENT enter state: RUNNING
[14:53:44] [Server thread/INFO]: [STDOUT]: SERVER request state: RUNNING
[14:53:44] [Server thread/INFO]: [STDOUT]: SERVER enter state: RUNNING
[14:53:46] [Server thread/INFO]: <morgan> Quitting mission
[14:53:46] [Client thread/INFO]: [CHAT] <morgan> Quitting mission
[14:53:46] [Client thread/INFO]: [STDOUT]: CLIENT request state: IDLING
[14:53:46] [Client thread/INFO]: [STDOUT]: CLIENT enter state: IDLING
[14:53:46] [Server thread/INFO]: [STDOUT]: SERVER request state: WAITING_FOR_AGENTS_TO_QUIT
[14:53:46] [Server thread/INFO]: [STDOUT]: SERVER enter state: WAITING_FOR_AGENTS_TO_QUIT
[14:53:46] [Client thread/INFO]: [STDOUT]: CLIENT request state: MISSION_ENDED
[14:53:46] [Client thread/INFO]: [STDOUT]: CLIENT enter state: MISSION_ENDED
[14:53:46] [Client thread/INFO]: [STDOUT]: Sending mission ended message to kubernetes.docker.internal:10147.
[14:53:46] [Client thread/INFO]: [STDOUT]: CLIENT request state: WAITING_FOR_SERVER_MISSION_END
[14:53:46] [Client thread/INFO]: [STDOUT]: CLIENT enter state: WAITING_FOR_SERVER_MISSION_END
[14:53:46] [Server thread/INFO]: [STDOUT]: SERVER request state: CLEAN_UP
[14:53:46] [Server thread/INFO]: [STDOUT]: SERVER enter state: CLEAN_UP
[14:53:46] [Server thread/INFO]: [STDOUT]: SERVER request state: DORMANT
[14:53:46] [Client thread/INFO]: [STDOUT]: CLIENT request state: DORMANT
[14:53:46] [Client thread/INFO]: [STDOUT]: CLIENT enter state: DORMANT
[14:53:46] [Client thread/INFO]: [STDOUT]: JETTISONING 0 COMMANDS
[14:53:46] [Server thread/INFO]: [STDOUT]: SERVER enter state: DORMANT
[14:53:46] [Thread-244/INFO]: [STDOUT]: Received from kubernetes.docker.internal:MALMO_REQUEST_CLIENT:0.37.0:20000:morgan
[14:53:46] [Thread-244/INFO]: [STDOUT]: ==== RES:  - 17533
[14:53:46] [Thread-244/INFO]: [STDOUT]: REPLYING WITH: MALMOOK
[14:53:46] [Thread-246/INFO]: [STDOUT]: Received from kubernetes.docker.internal:<?xml version="1.0" encoding="utf-8"?><MissionInit xmlns="http://ProjectMalmo.microsoft.com" xmlns:xsi="http://www.w3.org/2001/XMLSchema-instance" SchemaVersion="" PlatformVersion="0.37.0"><Mission>                                    <About>                    <Summary>Food Search #14</Summary></About><ModSettings>                    <MsPerTick>100</MsPerTick></ModSettings><ServerSection>                                <ServerInitialConditions>                                                            <Time>                                                        <StartTime>6000</StartTime><AllowPassageOfTime>false</AllowPassageOfTime></Time><Weather>clear</Weather><AllowSpawning>false</AllowSpawning></ServerInitialConditions><ServerHandlers>                                                            <FlatWorldGenerator generatorString="3;7,220*1,5*3,2;3;,biome_1"/><DrawingDecorator>                                                                                                                                
[14:53:46] [Thread-246/INFO]: [STDOUT]: REPLYING WITH: MALMOOK
[14:53:47] [Client thread/INFO]: [STDOUT]: Mission received: Food Search #14
[14:53:47] [Client thread/INFO]: [STDOUT]: CLIENT request state: CREATING_HANDLERS
[14:53:47] [Client thread/INFO]: [STDOUT]: CLIENT enter state: CREATING_HANDLERS
[14:53:47] [Client thread/INFO]: [STDOUT]: CLIENT request state: EVALUATING_WORLD_REQUIREMENTS
[14:53:47] [Client thread/INFO]: [STDOUT]: CLIENT enter state: EVALUATING_WORLD_REQUIREMENTS
[14:53:47] [Client thread/INFO]: [STDOUT]: CLIENT request state: WAITING_FOR_SERVER_READY
[14:53:47] [Server thread/INFO]: [STDOUT]: INCOMING MISSION: Received MissionInit directly through queue.
[14:53:47] [Server thread/INFO]: [STDOUT]: Mission received: Food Search #14
[14:53:47] [Server thread/INFO]: Received mission: §9Food Search #14
[14:53:47] [Server thread/INFO]: Source: §akubernetes.docker.internal
[14:53:47] [Server thread/INFO]: [STDOUT]: SERVER request state: BUILDING_WORLD
[14:53:47] [Server thread/INFO]: [STDOUT]: SERVER enter state: BUILDING_WORLD
[14:53:47] [Client thread/INFO]: [CHAT] Received mission: §9Food Search #14
[14:53:47] [Client thread/INFO]: [CHAT] Source: §akubernetes.docker.internal
[14:53:47] [Client thread/INFO]: [STDOUT]: CLIENT enter state: WAITING_FOR_SERVER_READY
[14:53:47] [Client thread/INFO]: [STDOUT]: ***Telling server we are ready - morgan
[14:53:47] [Server thread/INFO]: [STDOUT]: SERVER request state: WAITING_FOR_AGENTS_TO_ASSEMBLE
[14:53:47] [Server thread/INFO]: [STDOUT]: SERVER enter state: WAITING_FOR_AGENTS_TO_ASSEMBLE
[14:53:47] [Server thread/INFO]: [STDOUT]: Experiment requires: 
[14:53:47] [Server thread/INFO]: [STDOUT]: >>>> morgan
[14:53:47] [Client thread/INFO]: [STDOUT]: ***Telling server we are ready - morgan
[14:53:47] [Client thread/INFO]: [STDOUT]: CLIENT request state: RUNNING
[14:53:47] [Client thread/INFO]: [STDOUT]: CLIENT enter state: RUNNING
[14:53:47] [Server thread/INFO]: [STDOUT]: SERVER request state: RUNNING
[14:53:47] [Server thread/INFO]: [STDOUT]: SERVER enter state: RUNNING
[14:53:48] [Server thread/INFO]: <morgan> Quitting mission
[14:53:48] [Client thread/INFO]: [CHAT] <morgan> Quitting mission
[14:53:48] [Client thread/INFO]: [STDOUT]: CLIENT request state: IDLING
[14:53:48] [Client thread/INFO]: [STDOUT]: CLIENT enter state: IDLING
[14:53:48] [Server thread/INFO]: [STDOUT]: SERVER request state: WAITING_FOR_AGENTS_TO_QUIT
[14:53:48] [Server thread/INFO]: [STDOUT]: SERVER enter state: WAITING_FOR_AGENTS_TO_QUIT
[14:53:48] [Client thread/INFO]: [STDOUT]: CLIENT request state: MISSION_ENDED
[14:53:48] [Client thread/INFO]: [STDOUT]: CLIENT enter state: MISSION_ENDED
[14:53:48] [Client thread/INFO]: [STDOUT]: Sending mission ended message to kubernetes.docker.internal:10455.
[14:53:48] [Client thread/INFO]: [STDOUT]: CLIENT request state: WAITING_FOR_SERVER_MISSION_END
[14:53:48] [Client thread/INFO]: [STDOUT]: CLIENT enter state: WAITING_FOR_SERVER_MISSION_END
[14:53:48] [Server thread/INFO]: [STDOUT]: SERVER request state: CLEAN_UP
[14:53:48] [Server thread/INFO]: [STDOUT]: SERVER enter state: CLEAN_UP
[14:53:48] [Server thread/INFO]: [STDOUT]: SERVER request state: DORMANT
[14:53:48] [Client thread/INFO]: [STDOUT]: CLIENT request state: DORMANT
[14:53:48] [Client thread/INFO]: [STDOUT]: CLIENT enter state: DORMANT
[14:53:48] [Client thread/INFO]: [STDOUT]: JETTISONING 0 COMMANDS
[14:53:48] [Server thread/INFO]: [STDOUT]: SERVER enter state: DORMANT
[14:53:49] [Thread-250/INFO]: [STDOUT]: Received from kubernetes.docker.internal:MALMO_REQUEST_CLIENT:0.37.0:20000:morgan
[14:53:49] [Thread-250/INFO]: [STDOUT]: ==== RES:  - 17754
[14:53:49] [Thread-250/INFO]: [STDOUT]: REPLYING WITH: MALMOOK
[14:53:49] [Thread-252/INFO]: [STDOUT]: Received from kubernetes.docker.internal:<?xml version="1.0" encoding="utf-8"?><MissionInit xmlns="http://ProjectMalmo.microsoft.com" xmlns:xsi="http://www.w3.org/2001/XMLSchema-instance" SchemaVersion="" PlatformVersion="0.37.0"><Mission>                                    <About>                    <Summary>Food Search #15</Summary></About><ModSettings>                    <MsPerTick>100</MsPerTick></ModSettings><ServerSection>                                <ServerInitialConditions>                                                            <Time>                                                        <StartTime>6000</StartTime><AllowPassageOfTime>false</AllowPassageOfTime></Time><Weather>clear</Weather><AllowSpawning>false</AllowSpawning></ServerInitialConditions><ServerHandlers>                                                            <FlatWorldGenerator generatorString="3;7,220*1,5*3,2;3;,biome_1"/><DrawingDecorator>                                                                                                                                
[14:53:49] [Thread-252/INFO]: [STDOUT]: REPLYING WITH: MALMOOK
[14:53:49] [Client thread/INFO]: [STDOUT]: Mission received: Food Search #15
[14:53:49] [Client thread/INFO]: [STDOUT]: CLIENT request state: CREATING_HANDLERS
[14:53:49] [Client thread/INFO]: [STDOUT]: CLIENT enter state: CREATING_HANDLERS
[14:53:49] [Client thread/INFO]: [STDOUT]: CLIENT request state: EVALUATING_WORLD_REQUIREMENTS
[14:53:49] [Client thread/INFO]: [STDOUT]: CLIENT enter state: EVALUATING_WORLD_REQUIREMENTS
[14:53:49] [Client thread/INFO]: [STDOUT]: CLIENT request state: WAITING_FOR_SERVER_READY
[14:53:49] [Server thread/INFO]: [STDOUT]: INCOMING MISSION: Received MissionInit directly through queue.
[14:53:49] [Server thread/INFO]: [STDOUT]: Mission received: Food Search #15
[14:53:49] [Server thread/INFO]: Received mission: §9Food Search #15
[14:53:49] [Server thread/INFO]: Source: §akubernetes.docker.internal
[14:53:49] [Server thread/INFO]: [STDOUT]: SERVER request state: BUILDING_WORLD
[14:53:49] [Server thread/INFO]: [STDOUT]: SERVER enter state: BUILDING_WORLD
[14:53:49] [Client thread/INFO]: [CHAT] Received mission: §9Food Search #15
[14:53:49] [Client thread/INFO]: [CHAT] Source: §akubernetes.docker.internal
[14:53:49] [Client thread/INFO]: [STDOUT]: CLIENT enter state: WAITING_FOR_SERVER_READY
[14:53:49] [Client thread/INFO]: [STDOUT]: ***Telling server we are ready - morgan
[14:53:49] [Server thread/INFO]: [STDOUT]: SERVER request state: WAITING_FOR_AGENTS_TO_ASSEMBLE
[14:53:49] [Server thread/INFO]: [STDOUT]: SERVER enter state: WAITING_FOR_AGENTS_TO_ASSEMBLE
[14:53:49] [Server thread/INFO]: [STDOUT]: Experiment requires: 
[14:53:49] [Server thread/INFO]: [STDOUT]: >>>> morgan
[14:53:49] [Client thread/INFO]: [STDOUT]: ***Telling server we are ready - morgan
[14:53:49] [Client thread/INFO]: [STDOUT]: CLIENT request state: RUNNING
[14:53:49] [Client thread/INFO]: [STDOUT]: CLIENT enter state: RUNNING
[14:53:49] [Server thread/INFO]: [STDOUT]: SERVER request state: RUNNING
[14:53:49] [Server thread/INFO]: [STDOUT]: SERVER enter state: RUNNING
[14:53:50] [Server thread/INFO]: <morgan> Quitting mission
[14:53:50] [Client thread/INFO]: [CHAT] <morgan> Quitting mission
[14:53:50] [Client thread/INFO]: [STDOUT]: CLIENT request state: IDLING
[14:53:50] [Client thread/INFO]: [STDOUT]: CLIENT enter state: IDLING
[14:53:51] [Server thread/INFO]: [STDOUT]: SERVER request state: WAITING_FOR_AGENTS_TO_QUIT
[14:53:51] [Server thread/INFO]: [STDOUT]: SERVER enter state: WAITING_FOR_AGENTS_TO_QUIT
[14:53:51] [Client thread/INFO]: [STDOUT]: CLIENT request state: MISSION_ENDED
[14:53:51] [Client thread/INFO]: [STDOUT]: CLIENT enter state: MISSION_ENDED
[14:53:51] [Client thread/INFO]: [STDOUT]: Sending mission ended message to kubernetes.docker.internal:10269.
[14:53:51] [Client thread/INFO]: [STDOUT]: CLIENT request state: WAITING_FOR_SERVER_MISSION_END
[14:53:51] [Client thread/INFO]: [STDOUT]: CLIENT enter state: WAITING_FOR_SERVER_MISSION_END
[14:53:51] [Server thread/INFO]: [STDOUT]: SERVER request state: CLEAN_UP
[14:53:51] [Server thread/INFO]: [STDOUT]: SERVER enter state: CLEAN_UP
[14:53:51] [Server thread/INFO]: [STDOUT]: SERVER request state: DORMANT
[14:53:51] [Client thread/INFO]: [STDOUT]: CLIENT request state: DORMANT
[14:53:51] [Server thread/INFO]: [STDOUT]: SERVER enter state: DORMANT
[14:53:51] [Client thread/INFO]: [STDOUT]: CLIENT enter state: DORMANT
[14:53:51] [Client thread/INFO]: [STDOUT]: JETTISONING 0 COMMANDS
[14:53:51] [Thread-256/INFO]: [STDOUT]: Received from kubernetes.docker.internal:MALMO_REQUEST_CLIENT:0.37.0:20000:morgan
[14:53:51] [Thread-256/INFO]: [STDOUT]: ==== RES:  - 17430
[14:53:51] [Thread-256/INFO]: [STDOUT]: REPLYING WITH: MALMOOK
[14:53:51] [Thread-258/INFO]: [STDOUT]: Received from kubernetes.docker.internal:<?xml version="1.0" encoding="utf-8"?><MissionInit xmlns="http://ProjectMalmo.microsoft.com" xmlns:xsi="http://www.w3.org/2001/XMLSchema-instance" SchemaVersion="" PlatformVersion="0.37.0"><Mission>                                    <About>                    <Summary>Food Search #16</Summary></About><ModSettings>                    <MsPerTick>100</MsPerTick></ModSettings><ServerSection>                                <ServerInitialConditions>                                                            <Time>                                                        <StartTime>6000</StartTime><AllowPassageOfTime>false</AllowPassageOfTime></Time><Weather>clear</Weather><AllowSpawning>false</AllowSpawning></ServerInitialConditions><ServerHandlers>                                                            <FlatWorldGenerator generatorString="3;7,220*1,5*3,2;3;,biome_1"/><DrawingDecorator>                                                                                                                                
[14:53:51] [Thread-258/INFO]: [STDOUT]: REPLYING WITH: MALMOOK
[14:53:51] [Client thread/INFO]: [STDOUT]: Mission received: Food Search #16
[14:53:51] [Client thread/INFO]: [STDOUT]: CLIENT request state: CREATING_HANDLERS
[14:53:51] [Client thread/INFO]: [STDOUT]: CLIENT enter state: CREATING_HANDLERS
[14:53:51] [Client thread/INFO]: [STDOUT]: CLIENT request state: EVALUATING_WORLD_REQUIREMENTS
[14:53:51] [Client thread/INFO]: [STDOUT]: CLIENT enter state: EVALUATING_WORLD_REQUIREMENTS
[14:53:51] [Client thread/INFO]: [STDOUT]: CLIENT request state: WAITING_FOR_SERVER_READY
[14:53:51] [Client thread/INFO]: [STDOUT]: CLIENT enter state: WAITING_FOR_SERVER_READY
[14:53:51] [Client thread/INFO]: [STDOUT]: ***Telling server we are ready - morgan
[14:53:51] [Server thread/INFO]: [STDOUT]: INCOMING MISSION: Received MissionInit directly through queue.
[14:53:51] [Server thread/INFO]: [STDOUT]: Mission received: Food Search #16
[14:53:51] [Server thread/INFO]: Received mission: §9Food Search #16
[14:53:51] [Server thread/INFO]: Source: §akubernetes.docker.internal
[14:53:51] [Server thread/INFO]: [STDOUT]: SERVER request state: BUILDING_WORLD
[14:53:51] [Server thread/INFO]: [STDOUT]: SERVER enter state: BUILDING_WORLD
[14:53:51] [Client thread/INFO]: [CHAT] Received mission: §9Food Search #16
[14:53:51] [Client thread/INFO]: [CHAT] Source: §akubernetes.docker.internal
[14:53:51] [Server thread/INFO]: [STDOUT]: SERVER request state: WAITING_FOR_AGENTS_TO_ASSEMBLE
[14:53:52] [Server thread/INFO]: [STDOUT]: SERVER enter state: WAITING_FOR_AGENTS_TO_ASSEMBLE
[14:53:52] [Server thread/INFO]: [STDOUT]: Experiment requires: 
[14:53:52] [Server thread/INFO]: [STDOUT]: >>>> morgan
[14:53:52] [Client thread/INFO]: [STDOUT]: ***Telling server we are ready - morgan
[14:53:52] [Client thread/INFO]: [STDOUT]: CLIENT request state: RUNNING
[14:53:52] [Client thread/INFO]: [STDOUT]: CLIENT enter state: RUNNING
[14:53:52] [Server thread/INFO]: [STDOUT]: SERVER request state: RUNNING
[14:53:52] [Server thread/INFO]: [STDOUT]: SERVER enter state: RUNNING
[14:53:53] [Server thread/INFO]: <morgan> Quitting mission
[14:53:53] [Client thread/INFO]: [CHAT] <morgan> Quitting mission
[14:53:53] [Client thread/INFO]: [STDOUT]: CLIENT request state: IDLING
[14:53:53] [Client thread/INFO]: [STDOUT]: CLIENT enter state: IDLING
[14:53:53] [Server thread/INFO]: [STDOUT]: SERVER request state: WAITING_FOR_AGENTS_TO_QUIT
[14:53:53] [Server thread/INFO]: [STDOUT]: SERVER enter state: WAITING_FOR_AGENTS_TO_QUIT
[14:53:53] [Client thread/INFO]: [STDOUT]: CLIENT request state: MISSION_ENDED
[14:53:53] [Client thread/INFO]: [STDOUT]: CLIENT enter state: MISSION_ENDED
[14:53:53] [Client thread/INFO]: [STDOUT]: Sending mission ended message to kubernetes.docker.internal:10606.
[14:53:53] [Client thread/INFO]: [STDOUT]: CLIENT request state: WAITING_FOR_SERVER_MISSION_END
[14:53:53] [Client thread/INFO]: [STDOUT]: CLIENT enter state: WAITING_FOR_SERVER_MISSION_END
[14:53:53] [Server thread/INFO]: [STDOUT]: SERVER request state: CLEAN_UP
[14:53:53] [Server thread/INFO]: [STDOUT]: SERVER enter state: CLEAN_UP
[14:53:53] [Client thread/INFO]: [STDOUT]: CLIENT request state: DORMANT
[14:53:53] [Server thread/INFO]: [STDOUT]: SERVER request state: DORMANT
[14:53:53] [Client thread/INFO]: [STDOUT]: CLIENT enter state: DORMANT
[14:53:53] [Client thread/INFO]: [STDOUT]: JETTISONING 0 COMMANDS
[14:53:53] [Server thread/INFO]: [STDOUT]: SERVER enter state: DORMANT
[14:53:54] [Thread-262/INFO]: [STDOUT]: Received from kubernetes.docker.internal:MALMO_REQUEST_CLIENT:0.37.0:20000:morgan
[14:53:54] [Thread-262/INFO]: [STDOUT]: ==== RES:  - 17580
[14:53:54] [Thread-262/INFO]: [STDOUT]: REPLYING WITH: MALMOOK
[14:53:54] [Thread-264/INFO]: [STDOUT]: Received from kubernetes.docker.internal:<?xml version="1.0" encoding="utf-8"?><MissionInit xmlns="http://ProjectMalmo.microsoft.com" xmlns:xsi="http://www.w3.org/2001/XMLSchema-instance" SchemaVersion="" PlatformVersion="0.37.0"><Mission>                                    <About>                    <Summary>Food Search #17</Summary></About><ModSettings>                    <MsPerTick>100</MsPerTick></ModSettings><ServerSection>                                <ServerInitialConditions>                                                            <Time>                                                        <StartTime>6000</StartTime><AllowPassageOfTime>false</AllowPassageOfTime></Time><Weather>clear</Weather><AllowSpawning>false</AllowSpawning></ServerInitialConditions><ServerHandlers>                                                            <FlatWorldGenerator generatorString="3;7,220*1,5*3,2;3;,biome_1"/><DrawingDecorator>                                                                                                                                
[14:53:54] [Thread-264/INFO]: [STDOUT]: REPLYING WITH: MALMOOK
[14:53:54] [Client thread/INFO]: [STDOUT]: Mission received: Food Search #17
[14:53:54] [Client thread/INFO]: [STDOUT]: CLIENT request state: CREATING_HANDLERS
[14:53:54] [Client thread/INFO]: [STDOUT]: CLIENT enter state: CREATING_HANDLERS
[14:53:54] [Client thread/INFO]: [STDOUT]: CLIENT request state: EVALUATING_WORLD_REQUIREMENTS
[14:53:54] [Client thread/INFO]: [STDOUT]: CLIENT enter state: EVALUATING_WORLD_REQUIREMENTS
[14:53:54] [Client thread/INFO]: [STDOUT]: CLIENT request state: WAITING_FOR_SERVER_READY
[14:53:54] [Server thread/INFO]: [STDOUT]: INCOMING MISSION: Received MissionInit directly through queue.
[14:53:54] [Server thread/INFO]: [STDOUT]: Mission received: Food Search #17
[14:53:54] [Server thread/INFO]: Received mission: §9Food Search #17
[14:53:54] [Server thread/INFO]: Source: §akubernetes.docker.internal
[14:53:54] [Server thread/INFO]: [STDOUT]: SERVER request state: BUILDING_WORLD
[14:53:54] [Server thread/INFO]: [STDOUT]: SERVER enter state: BUILDING_WORLD
[14:53:54] [Client thread/INFO]: [CHAT] Received mission: §9Food Search #17
[14:53:54] [Client thread/INFO]: [CHAT] Source: §akubernetes.docker.internal
[14:53:54] [Client thread/INFO]: [STDOUT]: CLIENT enter state: WAITING_FOR_SERVER_READY
[14:53:54] [Client thread/INFO]: [STDOUT]: ***Telling server we are ready - morgan
[14:53:54] [Server thread/INFO]: [STDOUT]: SERVER request state: WAITING_FOR_AGENTS_TO_ASSEMBLE
[14:53:54] [Server thread/INFO]: [STDOUT]: SERVER enter state: WAITING_FOR_AGENTS_TO_ASSEMBLE
[14:53:54] [Server thread/INFO]: [STDOUT]: Experiment requires: 
[14:53:54] [Server thread/INFO]: [STDOUT]: >>>> morgan
[14:53:54] [Client thread/INFO]: [STDOUT]: ***Telling server we are ready - morgan
[14:53:54] [Client thread/INFO]: [STDOUT]: CLIENT request state: RUNNING
[14:53:54] [Client thread/INFO]: [STDOUT]: CLIENT enter state: RUNNING
[14:53:54] [Server thread/INFO]: [STDOUT]: SERVER request state: RUNNING
[14:53:54] [Server thread/INFO]: [STDOUT]: SERVER enter state: RUNNING
[14:53:55] [Server thread/INFO]: <morgan> Quitting mission
[14:53:55] [Client thread/INFO]: [CHAT] <morgan> Quitting mission
[14:53:55] [Client thread/INFO]: [STDOUT]: CLIENT request state: IDLING
[14:53:55] [Client thread/INFO]: [STDOUT]: CLIENT enter state: IDLING
[14:53:55] [Server thread/INFO]: [STDOUT]: SERVER request state: WAITING_FOR_AGENTS_TO_QUIT
[14:53:55] [Server thread/INFO]: [STDOUT]: SERVER enter state: WAITING_FOR_AGENTS_TO_QUIT
[14:53:55] [Client thread/INFO]: [STDOUT]: CLIENT request state: MISSION_ENDED
[14:53:55] [Client thread/INFO]: [STDOUT]: CLIENT enter state: MISSION_ENDED
[14:53:55] [Client thread/INFO]: [STDOUT]: Sending mission ended message to kubernetes.docker.internal:10821.
[14:53:55] [Client thread/INFO]: [STDOUT]: CLIENT request state: WAITING_FOR_SERVER_MISSION_END
[14:53:55] [Client thread/INFO]: [STDOUT]: CLIENT enter state: WAITING_FOR_SERVER_MISSION_END
[14:53:55] [Server thread/INFO]: [STDOUT]: SERVER request state: CLEAN_UP
[14:53:55] [Server thread/INFO]: [STDOUT]: SERVER enter state: CLEAN_UP
[14:53:55] [Server thread/INFO]: [STDOUT]: SERVER request state: DORMANT
[14:53:55] [Client thread/INFO]: [STDOUT]: CLIENT request state: DORMANT
[14:53:56] [Client thread/INFO]: [STDOUT]: CLIENT enter state: DORMANT
[14:53:56] [Client thread/INFO]: [STDOUT]: JETTISONING 0 COMMANDS
[14:53:56] [Server thread/INFO]: [STDOUT]: SERVER enter state: DORMANT
[14:53:56] [Thread-268/INFO]: [STDOUT]: Received from kubernetes.docker.internal:MALMO_REQUEST_CLIENT:0.37.0:20000:morgan
[14:53:56] [Thread-268/INFO]: [STDOUT]: ==== RES:  - 17579
[14:53:56] [Thread-268/INFO]: [STDOUT]: REPLYING WITH: MALMOOK
[14:53:56] [Thread-270/INFO]: [STDOUT]: Received from kubernetes.docker.internal:<?xml version="1.0" encoding="utf-8"?><MissionInit xmlns="http://ProjectMalmo.microsoft.com" xmlns:xsi="http://www.w3.org/2001/XMLSchema-instance" SchemaVersion="" PlatformVersion="0.37.0"><Mission>                                    <About>                    <Summary>Food Search #18</Summary></About><ModSettings>                    <MsPerTick>100</MsPerTick></ModSettings><ServerSection>                                <ServerInitialConditions>                                                            <Time>                                                        <StartTime>6000</StartTime><AllowPassageOfTime>false</AllowPassageOfTime></Time><Weather>clear</Weather><AllowSpawning>false</AllowSpawning></ServerInitialConditions><ServerHandlers>                                                            <FlatWorldGenerator generatorString="3;7,220*1,5*3,2;3;,biome_1"/><DrawingDecorator>                                                                                                                                
[14:53:56] [Thread-270/INFO]: [STDOUT]: REPLYING WITH: MALMOOK
[14:53:56] [Client thread/INFO]: [STDOUT]: Mission received: Food Search #18
[14:53:56] [Client thread/INFO]: [STDOUT]: CLIENT request state: CREATING_HANDLERS
[14:53:56] [Client thread/INFO]: [STDOUT]: CLIENT enter state: CREATING_HANDLERS
[14:53:56] [Client thread/INFO]: [STDOUT]: CLIENT request state: EVALUATING_WORLD_REQUIREMENTS
[14:53:56] [Client thread/INFO]: [STDOUT]: CLIENT enter state: EVALUATING_WORLD_REQUIREMENTS
[14:53:56] [Client thread/INFO]: [STDOUT]: CLIENT request state: WAITING_FOR_SERVER_READY
[14:53:56] [Client thread/INFO]: [STDOUT]: CLIENT enter state: WAITING_FOR_SERVER_READY
[14:53:56] [Client thread/INFO]: [STDOUT]: ***Telling server we are ready - morgan
[14:53:56] [Server thread/INFO]: [STDOUT]: INCOMING MISSION: Received MissionInit directly through queue.
[14:53:56] [Server thread/INFO]: [STDOUT]: Mission received: Food Search #18
[14:53:56] [Server thread/INFO]: Received mission: §9Food Search #18
[14:53:56] [Server thread/INFO]: Source: §akubernetes.docker.internal
[14:53:56] [Server thread/INFO]: [STDOUT]: SERVER request state: BUILDING_WORLD
[14:53:56] [Server thread/INFO]: [STDOUT]: SERVER enter state: BUILDING_WORLD
[14:53:56] [Client thread/INFO]: [CHAT] Received mission: §9Food Search #18
[14:53:56] [Client thread/INFO]: [CHAT] Source: §akubernetes.docker.internal
[14:53:56] [Server thread/INFO]: [STDOUT]: SERVER request state: WAITING_FOR_AGENTS_TO_ASSEMBLE
[14:53:56] [Server thread/INFO]: [STDOUT]: SERVER enter state: WAITING_FOR_AGENTS_TO_ASSEMBLE
[14:53:56] [Server thread/INFO]: [STDOUT]: Experiment requires: 
[14:53:56] [Server thread/INFO]: [STDOUT]: >>>> morgan
[14:53:57] [Client thread/INFO]: [STDOUT]: ***Telling server we are ready - morgan
[14:53:57] [Client thread/INFO]: [STDOUT]: CLIENT request state: RUNNING
[14:53:57] [Client thread/INFO]: [STDOUT]: CLIENT enter state: RUNNING
[14:53:57] [Server thread/INFO]: [STDOUT]: SERVER request state: RUNNING
[14:53:57] [Server thread/INFO]: [STDOUT]: SERVER enter state: RUNNING
[14:53:58] [Server thread/INFO]: <morgan> Quitting mission
[14:53:58] [Client thread/INFO]: [CHAT] <morgan> Quitting mission
[14:53:58] [Client thread/INFO]: [STDOUT]: CLIENT request state: IDLING
[14:53:58] [Client thread/INFO]: [STDOUT]: CLIENT enter state: IDLING
[14:53:58] [Server thread/INFO]: [STDOUT]: SERVER request state: WAITING_FOR_AGENTS_TO_QUIT
[14:53:58] [Server thread/INFO]: [STDOUT]: SERVER enter state: WAITING_FOR_AGENTS_TO_QUIT
[14:53:58] [Client thread/INFO]: [STDOUT]: CLIENT request state: MISSION_ENDED
[14:53:58] [Client thread/INFO]: [STDOUT]: CLIENT enter state: MISSION_ENDED
[14:53:58] [Client thread/INFO]: [STDOUT]: Sending mission ended message to kubernetes.docker.internal:10036.
[14:53:58] [Client thread/INFO]: [STDOUT]: CLIENT request state: WAITING_FOR_SERVER_MISSION_END
[14:53:58] [Client thread/INFO]: [STDOUT]: CLIENT enter state: WAITING_FOR_SERVER_MISSION_END
[14:53:58] [Server thread/INFO]: [STDOUT]: SERVER request state: CLEAN_UP
[14:53:58] [Server thread/INFO]: [STDOUT]: SERVER enter state: CLEAN_UP
[14:53:58] [Client thread/INFO]: [STDOUT]: CLIENT request state: DORMANT
[14:53:58] [Server thread/INFO]: [STDOUT]: SERVER request state: DORMANT
[14:53:58] [Client thread/INFO]: [STDOUT]: CLIENT enter state: DORMANT
[14:53:58] [Client thread/INFO]: [STDOUT]: JETTISONING 0 COMMANDS
[14:53:58] [Server thread/INFO]: [STDOUT]: SERVER enter state: DORMANT
[14:53:59] [Thread-274/INFO]: [STDOUT]: Received from kubernetes.docker.internal:MALMO_REQUEST_CLIENT:0.37.0:20000:morgan
[14:53:59] [Thread-274/INFO]: [STDOUT]: ==== RES:  - 17520
[14:53:59] [Thread-274/INFO]: [STDOUT]: REPLYING WITH: MALMOOK
[14:53:59] [Thread-276/INFO]: [STDOUT]: Received from kubernetes.docker.internal:<?xml version="1.0" encoding="utf-8"?><MissionInit xmlns="http://ProjectMalmo.microsoft.com" xmlns:xsi="http://www.w3.org/2001/XMLSchema-instance" SchemaVersion="" PlatformVersion="0.37.0"><Mission>                                    <About>                    <Summary>Food Search #19</Summary></About><ModSettings>                    <MsPerTick>100</MsPerTick></ModSettings><ServerSection>                                <ServerInitialConditions>                                                            <Time>                                                        <StartTime>6000</StartTime><AllowPassageOfTime>false</AllowPassageOfTime></Time><Weather>clear</Weather><AllowSpawning>false</AllowSpawning></ServerInitialConditions><ServerHandlers>                                                            <FlatWorldGenerator generatorString="3;7,220*1,5*3,2;3;,biome_1"/><DrawingDecorator>                                                                                                                                
[14:53:59] [Thread-276/INFO]: [STDOUT]: REPLYING WITH: MALMOOK
[14:53:59] [Client thread/INFO]: [STDOUT]: Mission received: Food Search #19
[14:53:59] [Client thread/INFO]: [STDOUT]: CLIENT request state: CREATING_HANDLERS
[14:53:59] [Client thread/INFO]: [STDOUT]: CLIENT enter state: CREATING_HANDLERS
[14:53:59] [Client thread/INFO]: [STDOUT]: CLIENT request state: EVALUATING_WORLD_REQUIREMENTS
[14:53:59] [Client thread/INFO]: [STDOUT]: CLIENT enter state: EVALUATING_WORLD_REQUIREMENTS
[14:53:59] [Client thread/INFO]: [STDOUT]: CLIENT request state: WAITING_FOR_SERVER_READY
[14:53:59] [Server thread/INFO]: [STDOUT]: INCOMING MISSION: Received MissionInit directly through queue.
[14:53:59] [Server thread/INFO]: [STDOUT]: Mission received: Food Search #19
[14:53:59] [Server thread/INFO]: Received mission: §9Food Search #19
[14:53:59] [Server thread/INFO]: Source: §akubernetes.docker.internal
[14:53:59] [Server thread/INFO]: [STDOUT]: SERVER request state: BUILDING_WORLD
[14:53:59] [Server thread/INFO]: [STDOUT]: SERVER enter state: BUILDING_WORLD
[14:53:59] [Client thread/INFO]: [CHAT] Received mission: §9Food Search #19
[14:53:59] [Client thread/INFO]: [CHAT] Source: §akubernetes.docker.internal
[14:53:59] [Client thread/INFO]: [STDOUT]: CLIENT enter state: WAITING_FOR_SERVER_READY
[14:53:59] [Client thread/INFO]: [STDOUT]: ***Telling server we are ready - morgan
[14:53:59] [Server thread/INFO]: [STDOUT]: SERVER request state: WAITING_FOR_AGENTS_TO_ASSEMBLE
[14:53:59] [Server thread/INFO]: [STDOUT]: SERVER enter state: WAITING_FOR_AGENTS_TO_ASSEMBLE
[14:53:59] [Server thread/INFO]: [STDOUT]: Experiment requires: 
[14:53:59] [Server thread/INFO]: [STDOUT]: >>>> morgan
[14:53:59] [Client thread/INFO]: [STDOUT]: ***Telling server we are ready - morgan
[14:53:59] [Client thread/INFO]: [STDOUT]: CLIENT request state: RUNNING
[14:53:59] [Client thread/INFO]: [STDOUT]: CLIENT enter state: RUNNING
[14:53:59] [Server thread/INFO]: [STDOUT]: SERVER request state: RUNNING
[14:53:59] [Server thread/INFO]: [STDOUT]: SERVER enter state: RUNNING
[14:54:00] [Server thread/INFO]: <morgan> Quitting mission
[14:54:00] [Client thread/INFO]: [CHAT] <morgan> Quitting mission
[14:54:00] [Client thread/INFO]: [STDOUT]: CLIENT request state: IDLING
[14:54:00] [Client thread/INFO]: [STDOUT]: CLIENT enter state: IDLING
[14:54:00] [Server thread/INFO]: [STDOUT]: SERVER request state: WAITING_FOR_AGENTS_TO_QUIT
[14:54:00] [Server thread/INFO]: [STDOUT]: SERVER enter state: WAITING_FOR_AGENTS_TO_QUIT
[14:54:00] [Client thread/INFO]: [STDOUT]: CLIENT request state: MISSION_ENDED
[14:54:00] [Client thread/INFO]: [STDOUT]: CLIENT enter state: MISSION_ENDED
[14:54:00] [Client thread/INFO]: [STDOUT]: Sending mission ended message to kubernetes.docker.internal:10564.
[14:54:00] [Client thread/INFO]: [STDOUT]: CLIENT request state: WAITING_FOR_SERVER_MISSION_END
[14:54:00] [Client thread/INFO]: [STDOUT]: CLIENT enter state: WAITING_FOR_SERVER_MISSION_END
[14:54:00] [Server thread/INFO]: [STDOUT]: SERVER request state: CLEAN_UP
[14:54:00] [Client thread/INFO]: [STDOUT]: CLIENT request state: DORMANT
[14:54:00] [Server thread/INFO]: [STDOUT]: SERVER enter state: CLEAN_UP
[14:54:00] [Server thread/INFO]: [STDOUT]: SERVER request state: DORMANT
[14:54:00] [Client thread/INFO]: [STDOUT]: CLIENT enter state: DORMANT
[14:54:00] [Client thread/INFO]: [STDOUT]: JETTISONING 0 COMMANDS
[14:54:00] [Server thread/INFO]: [STDOUT]: SERVER enter state: DORMANT
[14:54:01] [Thread-280/INFO]: [STDOUT]: Received from kubernetes.docker.internal:MALMO_REQUEST_CLIENT:0.37.0:20000:morgan
[14:54:01] [Thread-280/INFO]: [STDOUT]: ==== RES:  - 17703
[14:54:01] [Thread-280/INFO]: [STDOUT]: REPLYING WITH: MALMOOK
[14:54:01] [Thread-282/INFO]: [STDOUT]: Received from kubernetes.docker.internal:<?xml version="1.0" encoding="utf-8"?><MissionInit xmlns="http://ProjectMalmo.microsoft.com" xmlns:xsi="http://www.w3.org/2001/XMLSchema-instance" SchemaVersion="" PlatformVersion="0.37.0"><Mission>                                    <About>                    <Summary>Food Search #20</Summary></About><ModSettings>                    <MsPerTick>100</MsPerTick></ModSettings><ServerSection>                                <ServerInitialConditions>                                                            <Time>                                                        <StartTime>6000</StartTime><AllowPassageOfTime>false</AllowPassageOfTime></Time><Weather>clear</Weather><AllowSpawning>false</AllowSpawning></ServerInitialConditions><ServerHandlers>                                                            <FlatWorldGenerator generatorString="3;7,220*1,5*3,2;3;,biome_1"/><DrawingDecorator>                                                                                                                                
[14:54:01] [Thread-282/INFO]: [STDOUT]: REPLYING WITH: MALMOOK
[14:54:01] [Client thread/INFO]: [STDOUT]: Mission received: Food Search #20
[14:54:01] [Client thread/INFO]: [STDOUT]: CLIENT request state: CREATING_HANDLERS
[14:54:01] [Client thread/INFO]: [STDOUT]: CLIENT enter state: CREATING_HANDLERS
[14:54:01] [Client thread/INFO]: [STDOUT]: CLIENT request state: EVALUATING_WORLD_REQUIREMENTS
[14:54:01] [Client thread/INFO]: [STDOUT]: CLIENT enter state: EVALUATING_WORLD_REQUIREMENTS
[14:54:01] [Client thread/INFO]: [STDOUT]: CLIENT request state: WAITING_FOR_SERVER_READY
[14:54:01] [Server thread/INFO]: [STDOUT]: INCOMING MISSION: Received MissionInit directly through queue.
[14:54:01] [Server thread/INFO]: [STDOUT]: Mission received: Food Search #20
[14:54:01] [Server thread/INFO]: Received mission: §9Food Search #20
[14:54:01] [Server thread/INFO]: Source: §akubernetes.docker.internal
[14:54:01] [Server thread/INFO]: [STDOUT]: SERVER request state: BUILDING_WORLD
[14:54:01] [Server thread/INFO]: [STDOUT]: SERVER enter state: BUILDING_WORLD
[14:54:01] [Client thread/INFO]: [CHAT] Received mission: §9Food Search #20
[14:54:01] [Client thread/INFO]: [CHAT] Source: §akubernetes.docker.internal
[14:54:01] [Client thread/INFO]: [STDOUT]: CLIENT enter state: WAITING_FOR_SERVER_READY
[14:54:01] [Client thread/INFO]: [STDOUT]: ***Telling server we are ready - morgan
[14:54:01] [Server thread/INFO]: [STDOUT]: SERVER request state: WAITING_FOR_AGENTS_TO_ASSEMBLE
[14:54:01] [Server thread/INFO]: [STDOUT]: SERVER enter state: WAITING_FOR_AGENTS_TO_ASSEMBLE
[14:54:01] [Server thread/INFO]: [STDOUT]: Experiment requires: 
[14:54:01] [Server thread/INFO]: [STDOUT]: >>>> morgan
[14:54:01] [Client thread/INFO]: [STDOUT]: ***Telling server we are ready - morgan
[14:54:01] [Client thread/INFO]: [STDOUT]: CLIENT request state: RUNNING
[14:54:01] [Client thread/INFO]: [STDOUT]: CLIENT enter state: RUNNING
[14:54:01] [Server thread/INFO]: [STDOUT]: SERVER request state: RUNNING
[14:54:01] [Server thread/INFO]: [STDOUT]: SERVER enter state: RUNNING
[14:54:02] [Server thread/INFO]: <morgan> Quitting mission
[14:54:02] [Client thread/INFO]: [CHAT] <morgan> Quitting mission
[14:54:03] [Client thread/INFO]: [STDOUT]: CLIENT request state: IDLING
[14:54:03] [Client thread/INFO]: [STDOUT]: CLIENT enter state: IDLING
[14:54:03] [Server thread/INFO]: [STDOUT]: SERVER request state: WAITING_FOR_AGENTS_TO_QUIT
[14:54:03] [Server thread/INFO]: [STDOUT]: SERVER enter state: WAITING_FOR_AGENTS_TO_QUIT
[14:54:03] [Client thread/INFO]: [STDOUT]: CLIENT request state: MISSION_ENDED
[14:54:03] [Client thread/INFO]: [STDOUT]: CLIENT enter state: MISSION_ENDED
[14:54:03] [Client thread/INFO]: [STDOUT]: Sending mission ended message to kubernetes.docker.internal:10364.
[14:54:03] [Client thread/INFO]: [STDOUT]: CLIENT request state: WAITING_FOR_SERVER_MISSION_END
[14:54:03] [Client thread/INFO]: [STDOUT]: CLIENT enter state: WAITING_FOR_SERVER_MISSION_END
[14:54:03] [Server thread/INFO]: [STDOUT]: SERVER request state: CLEAN_UP
[14:54:03] [Server thread/INFO]: [STDOUT]: SERVER enter state: CLEAN_UP
[14:54:03] [Server thread/INFO]: [STDOUT]: SERVER request state: DORMANT
[14:54:03] [Client thread/INFO]: [STDOUT]: CLIENT request state: DORMANT
[14:54:03] [Client thread/INFO]: [STDOUT]: CLIENT enter state: DORMANT
[14:54:03] [Client thread/INFO]: [STDOUT]: JETTISONING 0 COMMANDS
[14:54:03] [Server thread/INFO]: [STDOUT]: SERVER enter state: DORMANT
[14:54:03] [Thread-286/INFO]: [STDOUT]: Received from kubernetes.docker.internal:MALMO_REQUEST_CLIENT:0.37.0:20000:morgan
[14:54:03] [Thread-286/INFO]: [STDOUT]: ==== RES:  - 17604
[14:54:03] [Thread-286/INFO]: [STDOUT]: REPLYING WITH: MALMOOK
[14:54:03] [Thread-288/INFO]: [STDOUT]: Received from kubernetes.docker.internal:<?xml version="1.0" encoding="utf-8"?><MissionInit xmlns="http://ProjectMalmo.microsoft.com" xmlns:xsi="http://www.w3.org/2001/XMLSchema-instance" SchemaVersion="" PlatformVersion="0.37.0"><Mission>                                    <About>                    <Summary>Food Search #21</Summary></About><ModSettings>                    <MsPerTick>100</MsPerTick></ModSettings><ServerSection>                                <ServerInitialConditions>                                                            <Time>                                                        <StartTime>6000</StartTime><AllowPassageOfTime>false</AllowPassageOfTime></Time><Weather>clear</Weather><AllowSpawning>false</AllowSpawning></ServerInitialConditions><ServerHandlers>                                                            <FlatWorldGenerator generatorString="3;7,220*1,5*3,2;3;,biome_1"/><DrawingDecorator>                                                                                                                                
[14:54:03] [Thread-288/INFO]: [STDOUT]: REPLYING WITH: MALMOOK
[14:54:03] [Client thread/INFO]: [STDOUT]: Mission received: Food Search #21
[14:54:03] [Client thread/INFO]: [STDOUT]: CLIENT request state: CREATING_HANDLERS
[14:54:03] [Client thread/INFO]: [STDOUT]: CLIENT enter state: CREATING_HANDLERS
[14:54:03] [Client thread/INFO]: [STDOUT]: CLIENT request state: EVALUATING_WORLD_REQUIREMENTS
[14:54:03] [Client thread/INFO]: [STDOUT]: CLIENT enter state: EVALUATING_WORLD_REQUIREMENTS
[14:54:03] [Client thread/INFO]: [STDOUT]: CLIENT request state: WAITING_FOR_SERVER_READY
[14:54:03] [Server thread/INFO]: [STDOUT]: INCOMING MISSION: Received MissionInit directly through queue.
[14:54:03] [Server thread/INFO]: [STDOUT]: Mission received: Food Search #21
[14:54:03] [Server thread/INFO]: Received mission: §9Food Search #21
[14:54:03] [Server thread/INFO]: Source: §akubernetes.docker.internal
[14:54:03] [Server thread/INFO]: [STDOUT]: SERVER request state: BUILDING_WORLD
[14:54:03] [Server thread/INFO]: [STDOUT]: SERVER enter state: BUILDING_WORLD
[14:54:03] [Client thread/INFO]: [CHAT] Received mission: §9Food Search #21
[14:54:03] [Client thread/INFO]: [CHAT] Source: §akubernetes.docker.internal
[14:54:03] [Client thread/INFO]: [STDOUT]: CLIENT enter state: WAITING_FOR_SERVER_READY
[14:54:03] [Client thread/INFO]: [STDOUT]: ***Telling server we are ready - morgan
[14:54:03] [Server thread/INFO]: [STDOUT]: SERVER request state: WAITING_FOR_AGENTS_TO_ASSEMBLE
[14:54:03] [Server thread/INFO]: [STDOUT]: SERVER enter state: WAITING_FOR_AGENTS_TO_ASSEMBLE
[14:54:03] [Server thread/INFO]: [STDOUT]: Experiment requires: 
[14:54:03] [Server thread/INFO]: [STDOUT]: >>>> morgan
[14:54:04] [Client thread/INFO]: [STDOUT]: ***Telling server we are ready - morgan
[14:54:04] [Client thread/INFO]: [STDOUT]: CLIENT request state: RUNNING
[14:54:04] [Client thread/INFO]: [STDOUT]: CLIENT enter state: RUNNING
[14:54:04] [Server thread/INFO]: [STDOUT]: SERVER request state: RUNNING
[14:54:04] [Server thread/INFO]: [STDOUT]: SERVER enter state: RUNNING
[14:54:06] [Server thread/INFO]: <morgan> Quitting mission
[14:54:06] [Client thread/INFO]: [CHAT] <morgan> Quitting mission
[14:54:06] [Client thread/INFO]: [STDOUT]: CLIENT request state: IDLING
[14:54:06] [Client thread/INFO]: [STDOUT]: CLIENT enter state: IDLING
[14:54:06] [Server thread/INFO]: [STDOUT]: SERVER request state: WAITING_FOR_AGENTS_TO_QUIT
[14:54:06] [Server thread/INFO]: [STDOUT]: SERVER enter state: WAITING_FOR_AGENTS_TO_QUIT
[14:54:06] [Client thread/INFO]: [STDOUT]: CLIENT request state: MISSION_ENDED
[14:54:06] [Client thread/INFO]: [STDOUT]: CLIENT enter state: MISSION_ENDED
[14:54:06] [Client thread/INFO]: [STDOUT]: Sending mission ended message to kubernetes.docker.internal:10734.
[14:54:06] [Client thread/INFO]: [STDOUT]: CLIENT request state: WAITING_FOR_SERVER_MISSION_END
[14:54:06] [Client thread/INFO]: [STDOUT]: CLIENT enter state: WAITING_FOR_SERVER_MISSION_END
[14:54:06] [Server thread/INFO]: [STDOUT]: SERVER request state: CLEAN_UP
[14:54:06] [Server thread/INFO]: [STDOUT]: SERVER enter state: CLEAN_UP
[14:54:06] [Server thread/INFO]: [STDOUT]: SERVER request state: DORMANT
[14:54:06] [Client thread/INFO]: [STDOUT]: CLIENT request state: DORMANT
[14:54:06] [Server thread/INFO]: [STDOUT]: SERVER enter state: DORMANT
[14:54:06] [Client thread/INFO]: [STDOUT]: CLIENT enter state: DORMANT
[14:54:06] [Client thread/INFO]: [STDOUT]: JETTISONING 0 COMMANDS
[14:54:07] [Thread-292/INFO]: [STDOUT]: Received from kubernetes.docker.internal:MALMO_REQUEST_CLIENT:0.37.0:20000:morgan
[14:54:07] [Thread-292/INFO]: [STDOUT]: ==== RES:  - 16801
[14:54:07] [Thread-292/INFO]: [STDOUT]: REPLYING WITH: MALMOOK
[14:54:07] [Thread-294/INFO]: [STDOUT]: Received from kubernetes.docker.internal:<?xml version="1.0" encoding="utf-8"?><MissionInit xmlns="http://ProjectMalmo.microsoft.com" xmlns:xsi="http://www.w3.org/2001/XMLSchema-instance" SchemaVersion="" PlatformVersion="0.37.0"><Mission>                                    <About>                    <Summary>Food Search #22</Summary></About><ModSettings>                    <MsPerTick>100</MsPerTick></ModSettings><ServerSection>                                <ServerInitialConditions>                                                            <Time>                                                        <StartTime>6000</StartTime><AllowPassageOfTime>false</AllowPassageOfTime></Time><Weather>clear</Weather><AllowSpawning>false</AllowSpawning></ServerInitialConditions><ServerHandlers>                                                            <FlatWorldGenerator generatorString="3;7,220*1,5*3,2;3;,biome_1"/><DrawingDecorator>                                                                                                                                
[14:54:07] [Thread-294/INFO]: [STDOUT]: REPLYING WITH: MALMOOK
[14:54:07] [Client thread/INFO]: [STDOUT]: Mission received: Food Search #22
[14:54:07] [Client thread/INFO]: [STDOUT]: CLIENT request state: CREATING_HANDLERS
[14:54:07] [Client thread/INFO]: [STDOUT]: CLIENT enter state: CREATING_HANDLERS
[14:54:07] [Client thread/INFO]: [STDOUT]: CLIENT request state: EVALUATING_WORLD_REQUIREMENTS
[14:54:07] [Client thread/INFO]: [STDOUT]: CLIENT enter state: EVALUATING_WORLD_REQUIREMENTS
[14:54:07] [Client thread/INFO]: [STDOUT]: CLIENT request state: WAITING_FOR_SERVER_READY
[14:54:07] [Client thread/INFO]: [STDOUT]: CLIENT enter state: WAITING_FOR_SERVER_READY
[14:54:07] [Client thread/INFO]: [STDOUT]: ***Telling server we are ready - morgan
[14:54:07] [Server thread/INFO]: [STDOUT]: INCOMING MISSION: Received MissionInit directly through queue.
[14:54:07] [Server thread/INFO]: [STDOUT]: Mission received: Food Search #22
[14:54:07] [Server thread/INFO]: Received mission: §9Food Search #22
[14:54:07] [Server thread/INFO]: Source: §akubernetes.docker.internal
[14:54:07] [Server thread/INFO]: [STDOUT]: SERVER request state: BUILDING_WORLD
[14:54:07] [Server thread/INFO]: [STDOUT]: SERVER enter state: BUILDING_WORLD
[14:54:07] [Client thread/INFO]: [CHAT] Received mission: §9Food Search #22
[14:54:07] [Client thread/INFO]: [CHAT] Source: §akubernetes.docker.internal
[14:54:07] [Server thread/INFO]: [STDOUT]: SERVER request state: WAITING_FOR_AGENTS_TO_ASSEMBLE
[14:54:07] [Server thread/INFO]: [STDOUT]: SERVER enter state: WAITING_FOR_AGENTS_TO_ASSEMBLE
[14:54:07] [Server thread/INFO]: [STDOUT]: Experiment requires: 
[14:54:07] [Server thread/INFO]: [STDOUT]: >>>> morgan
[14:54:07] [Client thread/INFO]: [STDOUT]: ***Telling server we are ready - morgan
[14:54:07] [Client thread/INFO]: [STDOUT]: CLIENT request state: RUNNING
[14:54:07] [Client thread/INFO]: [STDOUT]: CLIENT enter state: RUNNING
[14:54:07] [Server thread/INFO]: [STDOUT]: SERVER request state: RUNNING
[14:54:07] [Server thread/INFO]: [STDOUT]: SERVER enter state: RUNNING
[14:54:09] [Server thread/INFO]: <morgan> Quitting mission
[14:54:09] [Client thread/INFO]: [CHAT] <morgan> Quitting mission
[14:54:09] [Client thread/INFO]: [STDOUT]: CLIENT request state: IDLING
[14:54:09] [Client thread/INFO]: [STDOUT]: CLIENT enter state: IDLING
[14:54:09] [Server thread/INFO]: [STDOUT]: SERVER request state: WAITING_FOR_AGENTS_TO_QUIT
[14:54:09] [Server thread/INFO]: [STDOUT]: SERVER enter state: WAITING_FOR_AGENTS_TO_QUIT
[14:54:09] [Client thread/INFO]: [STDOUT]: CLIENT request state: MISSION_ENDED
[14:54:09] [Client thread/INFO]: [STDOUT]: CLIENT enter state: MISSION_ENDED
[14:54:09] [Client thread/INFO]: [STDOUT]: Sending mission ended message to kubernetes.docker.internal:10710.
[14:54:09] [Client thread/INFO]: [STDOUT]: CLIENT request state: WAITING_FOR_SERVER_MISSION_END
[14:54:09] [Client thread/INFO]: [STDOUT]: CLIENT enter state: WAITING_FOR_SERVER_MISSION_END
[14:54:09] [Server thread/INFO]: [STDOUT]: SERVER request state: CLEAN_UP
[14:54:09] [Server thread/INFO]: [STDOUT]: SERVER enter state: CLEAN_UP
[14:54:09] [Server thread/INFO]: [STDOUT]: SERVER request state: DORMANT
[14:54:09] [Client thread/INFO]: [STDOUT]: CLIENT request state: DORMANT
[14:54:09] [Server thread/INFO]: [STDOUT]: SERVER enter state: DORMANT
[14:54:09] [Client thread/INFO]: [STDOUT]: CLIENT enter state: DORMANT
[14:54:09] [Client thread/INFO]: [STDOUT]: JETTISONING 0 COMMANDS
[14:54:10] [Thread-298/INFO]: [STDOUT]: Received from kubernetes.docker.internal:MALMO_REQUEST_CLIENT:0.37.0:20000:morgan
[14:54:10] [Thread-298/INFO]: [STDOUT]: ==== RES:  - 16893
[14:54:10] [Thread-298/INFO]: [STDOUT]: REPLYING WITH: MALMOOK
[14:54:10] [Thread-300/INFO]: [STDOUT]: Received from kubernetes.docker.internal:<?xml version="1.0" encoding="utf-8"?><MissionInit xmlns="http://ProjectMalmo.microsoft.com" xmlns:xsi="http://www.w3.org/2001/XMLSchema-instance" SchemaVersion="" PlatformVersion="0.37.0"><Mission>                                    <About>                    <Summary>Food Search #23</Summary></About><ModSettings>                    <MsPerTick>100</MsPerTick></ModSettings><ServerSection>                                <ServerInitialConditions>                                                            <Time>                                                        <StartTime>6000</StartTime><AllowPassageOfTime>false</AllowPassageOfTime></Time><Weather>clear</Weather><AllowSpawning>false</AllowSpawning></ServerInitialConditions><ServerHandlers>                                                            <FlatWorldGenerator generatorString="3;7,220*1,5*3,2;3;,biome_1"/><DrawingDecorator>                                                                                                                                
[14:54:10] [Thread-300/INFO]: [STDOUT]: REPLYING WITH: MALMOOK
[14:54:10] [Client thread/INFO]: [STDOUT]: Mission received: Food Search #23
[14:54:10] [Client thread/INFO]: [STDOUT]: CLIENT request state: CREATING_HANDLERS
[14:54:10] [Client thread/INFO]: [STDOUT]: CLIENT enter state: CREATING_HANDLERS
[14:54:10] [Client thread/INFO]: [STDOUT]: CLIENT request state: EVALUATING_WORLD_REQUIREMENTS
[14:54:10] [Client thread/INFO]: [STDOUT]: CLIENT enter state: EVALUATING_WORLD_REQUIREMENTS
[14:54:10] [Client thread/INFO]: [STDOUT]: CLIENT request state: WAITING_FOR_SERVER_READY
[14:54:10] [Client thread/INFO]: [STDOUT]: CLIENT enter state: WAITING_FOR_SERVER_READY
[14:54:10] [Client thread/INFO]: [STDOUT]: ***Telling server we are ready - morgan
[14:54:10] [Server thread/INFO]: [STDOUT]: INCOMING MISSION: Received MissionInit directly through queue.
[14:54:10] [Server thread/INFO]: [STDOUT]: Mission received: Food Search #23
[14:54:10] [Server thread/INFO]: Received mission: §9Food Search #23
[14:54:10] [Server thread/INFO]: Source: §akubernetes.docker.internal
[14:54:10] [Server thread/INFO]: [STDOUT]: SERVER request state: BUILDING_WORLD
[14:54:10] [Server thread/INFO]: [STDOUT]: SERVER enter state: BUILDING_WORLD
[14:54:10] [Client thread/INFO]: [CHAT] Received mission: §9Food Search #23
[14:54:10] [Client thread/INFO]: [CHAT] Source: §akubernetes.docker.internal
[14:54:10] [Server thread/INFO]: [STDOUT]: SERVER request state: WAITING_FOR_AGENTS_TO_ASSEMBLE
[14:54:10] [Server thread/INFO]: [STDOUT]: SERVER enter state: WAITING_FOR_AGENTS_TO_ASSEMBLE
[14:54:10] [Server thread/INFO]: [STDOUT]: Experiment requires: 
[14:54:10] [Server thread/INFO]: [STDOUT]: >>>> morgan
[14:54:10] [Client thread/INFO]: [STDOUT]: ***Telling server we are ready - morgan
[14:54:10] [Client thread/INFO]: [STDOUT]: CLIENT request state: RUNNING
[14:54:10] [Client thread/INFO]: [STDOUT]: CLIENT enter state: RUNNING
[14:54:10] [Server thread/INFO]: [STDOUT]: SERVER request state: RUNNING
[14:54:10] [Server thread/INFO]: [STDOUT]: SERVER enter state: RUNNING
[14:54:12] [Server thread/INFO]: <morgan> Quitting mission
[14:54:12] [Client thread/INFO]: [CHAT] <morgan> Quitting mission
[14:54:12] [Client thread/INFO]: [STDOUT]: CLIENT request state: IDLING
[14:54:12] [Client thread/INFO]: [STDOUT]: CLIENT enter state: IDLING
[14:54:12] [Server thread/INFO]: [STDOUT]: SERVER request state: WAITING_FOR_AGENTS_TO_QUIT
[14:54:12] [Server thread/INFO]: [STDOUT]: SERVER enter state: WAITING_FOR_AGENTS_TO_QUIT
[14:54:12] [Client thread/INFO]: [STDOUT]: CLIENT request state: MISSION_ENDED
[14:54:12] [Client thread/INFO]: [STDOUT]: CLIENT enter state: MISSION_ENDED
[14:54:12] [Client thread/INFO]: [STDOUT]: Sending mission ended message to kubernetes.docker.internal:10702.
[14:54:12] [Client thread/INFO]: [STDOUT]: CLIENT request state: WAITING_FOR_SERVER_MISSION_END
[14:54:12] [Client thread/INFO]: [STDOUT]: CLIENT enter state: WAITING_FOR_SERVER_MISSION_END
[14:54:12] [Server thread/INFO]: [STDOUT]: SERVER request state: CLEAN_UP
[14:54:12] [Server thread/INFO]: [STDOUT]: SERVER enter state: CLEAN_UP
[14:54:12] [Server thread/INFO]: [STDOUT]: SERVER request state: DORMANT
[14:54:12] [Client thread/INFO]: [STDOUT]: CLIENT request state: DORMANT
[14:54:12] [Client thread/INFO]: [STDOUT]: CLIENT enter state: DORMANT
[14:54:12] [Server thread/INFO]: [STDOUT]: SERVER enter state: DORMANT
[14:54:12] [Client thread/INFO]: [STDOUT]: JETTISONING 0 COMMANDS
[14:54:13] [Thread-304/INFO]: [STDOUT]: Received from kubernetes.docker.internal:MALMO_REQUEST_CLIENT:0.37.0:20000:morgan
[14:54:13] [Thread-304/INFO]: [STDOUT]: ==== RES:  - 16911
[14:54:13] [Thread-304/INFO]: [STDOUT]: REPLYING WITH: MALMOOK
[14:54:13] [Thread-306/INFO]: [STDOUT]: Received from kubernetes.docker.internal:<?xml version="1.0" encoding="utf-8"?><MissionInit xmlns="http://ProjectMalmo.microsoft.com" xmlns:xsi="http://www.w3.org/2001/XMLSchema-instance" SchemaVersion="" PlatformVersion="0.37.0"><Mission>                                    <About>                    <Summary>Food Search #24</Summary></About><ModSettings>                    <MsPerTick>100</MsPerTick></ModSettings><ServerSection>                                <ServerInitialConditions>                                                            <Time>                                                        <StartTime>6000</StartTime><AllowPassageOfTime>false</AllowPassageOfTime></Time><Weather>clear</Weather><AllowSpawning>false</AllowSpawning></ServerInitialConditions><ServerHandlers>                                                            <FlatWorldGenerator generatorString="3;7,220*1,5*3,2;3;,biome_1"/><DrawingDecorator>                                                                                                                                
[14:54:13] [Thread-306/INFO]: [STDOUT]: REPLYING WITH: MALMOOK
[14:54:13] [Client thread/INFO]: [STDOUT]: Mission received: Food Search #24
[14:54:13] [Client thread/INFO]: [STDOUT]: CLIENT request state: CREATING_HANDLERS
[14:54:13] [Client thread/INFO]: [STDOUT]: CLIENT enter state: CREATING_HANDLERS
[14:54:13] [Client thread/INFO]: [STDOUT]: CLIENT request state: EVALUATING_WORLD_REQUIREMENTS
[14:54:13] [Client thread/INFO]: [STDOUT]: CLIENT enter state: EVALUATING_WORLD_REQUIREMENTS
[14:54:13] [Client thread/INFO]: [STDOUT]: CLIENT request state: WAITING_FOR_SERVER_READY
[14:54:13] [Client thread/INFO]: [STDOUT]: CLIENT enter state: WAITING_FOR_SERVER_READY
[14:54:13] [Client thread/INFO]: [STDOUT]: ***Telling server we are ready - morgan
[14:54:13] [Server thread/INFO]: [STDOUT]: INCOMING MISSION: Received MissionInit directly through queue.
[14:54:13] [Server thread/INFO]: [STDOUT]: Mission received: Food Search #24
[14:54:13] [Server thread/INFO]: Received mission: §9Food Search #24
[14:54:13] [Server thread/INFO]: Source: §akubernetes.docker.internal
[14:54:13] [Server thread/INFO]: [STDOUT]: SERVER request state: BUILDING_WORLD
[14:54:13] [Server thread/INFO]: [STDOUT]: SERVER enter state: BUILDING_WORLD
[14:54:13] [Client thread/INFO]: [CHAT] Received mission: §9Food Search #24
[14:54:13] [Client thread/INFO]: [CHAT] Source: §akubernetes.docker.internal
[14:54:13] [Server thread/INFO]: [STDOUT]: SERVER request state: WAITING_FOR_AGENTS_TO_ASSEMBLE
[14:54:13] [Server thread/INFO]: [STDOUT]: SERVER enter state: WAITING_FOR_AGENTS_TO_ASSEMBLE
[14:54:13] [Server thread/INFO]: [STDOUT]: Experiment requires: 
[14:54:13] [Server thread/INFO]: [STDOUT]: >>>> morgan
[14:54:13] [Client thread/INFO]: [STDOUT]: ***Telling server we are ready - morgan
[14:54:13] [Client thread/INFO]: [STDOUT]: CLIENT request state: RUNNING
[14:54:13] [Client thread/INFO]: [STDOUT]: CLIENT enter state: RUNNING
[14:54:13] [Server thread/INFO]: [STDOUT]: SERVER request state: RUNNING
[14:54:13] [Server thread/INFO]: [STDOUT]: SERVER enter state: RUNNING
[14:54:13] [Client thread/INFO]: [STDOUT]: SEVERE: <-vid(kubernetes.docker.internal:10938) Failed to send TCP bytes: java.util.concurrent.ExecutionException: java.io.IOException: An existing connection was forcibly closed by the remote host
[14:54:13] [Client thread/INFO]: [STDOUT]: SEVERE: <-obs(kubernetes.docker.internal:10856) Failed to send TCP bytes: java.util.concurrent.ExecutionException: java.io.IOException: An existing connection was forcibly closed by the remote host
[14:54:13] [Client thread/INFO]: [STDOUT]: SEVERE: <-obs(kubernetes.docker.internal:10856) Failed to send TCP bytes: java.util.concurrent.ExecutionException: java.nio.channels.ClosedChannelException
[14:54:14] [Client thread/INFO]: [STDOUT]: SEVERE: <-obs(kubernetes.docker.internal:10856) Failed to send TCP bytes: java.util.concurrent.ExecutionException: java.nio.channels.ClosedChannelException
[14:54:14] [Client thread/INFO]: [STDOUT]: SEVERE: <-obs(kubernetes.docker.internal:10856) Failed to send TCP bytes: java.util.concurrent.ExecutionException: java.nio.channels.ClosedChannelException
[14:54:14] [Client thread/INFO]: [STDOUT]: ERROR: TCP messages are not getting through - quitting mission.
[14:54:14] [Client thread/INFO]: [STDOUT]: CLIENT request state: IDLING
[14:54:14] [Client thread/INFO]: [STDOUT]: CLIENT enter state: IDLING
[14:54:14] [Server thread/INFO]: [STDOUT]: SERVER request state: WAITING_FOR_AGENTS_TO_QUIT
[14:54:14] [Server thread/INFO]: [STDOUT]: SERVER enter state: WAITING_FOR_AGENTS_TO_QUIT
[14:54:14] [Client thread/INFO]: [STDOUT]: CLIENT request state: MISSION_ENDED
[14:54:14] [Client thread/INFO]: [STDOUT]: CLIENT enter state: MISSION_ENDED
[14:54:14] [Client thread/INFO]: [STDOUT]: Sending mission ended message to kubernetes.docker.internal:10750.
[14:54:14] [Client thread/INFO]: [STDOUT]: SEVERE: <-mcp(kubernetes.docker.internal:10750) Failed to send TCP bytes: java.util.concurrent.ExecutionException: java.io.IOException: An existing connection was forcibly closed by the remote host
[14:54:14] [Client thread/INFO]: [STDOUT]: CLIENT request state: WAITING_FOR_SERVER_MISSION_END
[14:54:14] [Client thread/INFO]: [STDOUT]: CLIENT enter state: WAITING_FOR_SERVER_MISSION_END
[14:54:14] [Server thread/INFO]: [STDOUT]: SERVER request state: CLEAN_UP
[14:54:14] [Server thread/INFO]: [STDOUT]: SERVER enter state: CLEAN_UP
[14:54:14] [Server thread/INFO]: [STDOUT]: SERVER request state: DORMANT
[14:54:14] [Client thread/INFO]: [STDOUT]: CLIENT request state: DORMANT
[14:54:14] [Server thread/INFO]: [STDOUT]: SERVER enter state: DORMANT
[14:54:14] [Client thread/INFO]: [STDOUT]: CLIENT enter state: DORMANT
[14:54:14] [Client thread/INFO]: [STDOUT]: JETTISONING 0 COMMANDS
[14:54:15] [Thread-310/INFO]: [STDOUT]: Received from kubernetes.docker.internal:MALMO_REQUEST_CLIENT:0.37.0:20000:morgan
[14:54:15] [Thread-310/INFO]: [STDOUT]: ==== RES:  - 18067
[14:54:15] [Thread-310/INFO]: [STDOUT]: REPLYING WITH: MALMOOK
[14:54:15] [Thread-312/INFO]: [STDOUT]: Received from kubernetes.docker.internal:<?xml version="1.0" encoding="utf-8"?><MissionInit xmlns="http://ProjectMalmo.microsoft.com" xmlns:xsi="http://www.w3.org/2001/XMLSchema-instance" SchemaVersion="" PlatformVersion="0.37.0"><Mission>                                    <About>                    <Summary>Food Search #0</Summary></About><ModSettings>                    <MsPerTick>100</MsPerTick></ModSettings><ServerSection>                                <ServerInitialConditions>                                                            <Time>                                                        <StartTime>6000</StartTime><AllowPassageOfTime>false</AllowPassageOfTime></Time><Weather>clear</Weather><AllowSpawning>false</AllowSpawning></ServerInitialConditions><ServerHandlers>                                                            <FlatWorldGenerator generatorString="3;7,220*1,5*3,2;3;,biome_1"/><DrawingDecorator>                                                                                                                                 
[14:54:15] [Thread-312/INFO]: [STDOUT]: REPLYING WITH: MALMOOK
[14:54:15] [Client thread/INFO]: [STDOUT]: Mission received: Food Search #0
[14:54:15] [Client thread/INFO]: [STDOUT]: CLIENT request state: CREATING_HANDLERS
[14:54:15] [Client thread/INFO]: [STDOUT]: CLIENT enter state: CREATING_HANDLERS
[14:54:15] [Client thread/INFO]: [STDOUT]: CLIENT request state: EVALUATING_WORLD_REQUIREMENTS
[14:54:15] [Client thread/INFO]: [STDOUT]: CLIENT enter state: EVALUATING_WORLD_REQUIREMENTS
[14:54:15] [Client thread/INFO]: [STDOUT]: CLIENT request state: WAITING_FOR_SERVER_READY
[14:54:15] [Client thread/INFO]: [STDOUT]: CLIENT enter state: WAITING_FOR_SERVER_READY
[14:54:15] [Client thread/INFO]: [STDOUT]: ***Telling server we are ready - morgan
[14:54:15] [Server thread/INFO]: [STDOUT]: INCOMING MISSION: Received MissionInit directly through queue.
[14:54:15] [Server thread/INFO]: [STDOUT]: Mission received: Food Search #0
[14:54:15] [Server thread/INFO]: Received mission: §9Food Search #0
[14:54:15] [Server thread/INFO]: Source: §akubernetes.docker.internal
[14:54:15] [Server thread/INFO]: [STDOUT]: SERVER request state: BUILDING_WORLD
[14:54:15] [Server thread/INFO]: [STDOUT]: SERVER enter state: BUILDING_WORLD
[14:54:15] [Client thread/INFO]: [CHAT] Received mission: §9Food Search #0
[14:54:15] [Client thread/INFO]: [CHAT] Source: §akubernetes.docker.internal
[14:54:15] [Server thread/INFO]: [STDOUT]: SERVER request state: WAITING_FOR_AGENTS_TO_ASSEMBLE
[14:54:15] [Server thread/INFO]: [STDOUT]: SERVER enter state: WAITING_FOR_AGENTS_TO_ASSEMBLE
[14:54:15] [Server thread/INFO]: [STDOUT]: Experiment requires: 
[14:54:15] [Server thread/INFO]: [STDOUT]: >>>> morgan
[14:54:15] [Client thread/INFO]: [STDOUT]: ***Telling server we are ready - morgan
[14:54:15] [Client thread/INFO]: [STDOUT]: CLIENT request state: RUNNING
[14:54:15] [Client thread/INFO]: [STDOUT]: CLIENT enter state: RUNNING
[14:54:15] [Server thread/INFO]: [STDOUT]: SERVER request state: RUNNING
[14:54:15] [Server thread/INFO]: [STDOUT]: SERVER enter state: RUNNING
[14:54:30] [Server thread/INFO]: <morgan> Quitting mission
[14:54:30] [Client thread/INFO]: [CHAT] <morgan> Quitting mission
[14:54:31] [Client thread/INFO]: [STDOUT]: CLIENT request state: IDLING
[14:54:31] [Client thread/INFO]: [STDOUT]: CLIENT enter state: IDLING
[14:54:31] [Server thread/INFO]: [STDOUT]: SERVER request state: WAITING_FOR_AGENTS_TO_QUIT
[14:54:31] [Server thread/INFO]: [STDOUT]: SERVER enter state: WAITING_FOR_AGENTS_TO_QUIT
[14:54:31] [Client thread/INFO]: [STDOUT]: CLIENT request state: MISSION_ENDED
[14:54:31] [Client thread/INFO]: [STDOUT]: CLIENT enter state: MISSION_ENDED
[14:54:31] [Client thread/INFO]: [STDOUT]: Sending mission ended message to kubernetes.docker.internal:10792.
[14:54:31] [Client thread/INFO]: [STDOUT]: CLIENT request state: WAITING_FOR_SERVER_MISSION_END
[14:54:31] [Client thread/INFO]: [STDOUT]: CLIENT enter state: WAITING_FOR_SERVER_MISSION_END
[14:54:31] [Server thread/INFO]: [STDOUT]: SERVER request state: CLEAN_UP
[14:54:31] [Client thread/INFO]: [STDOUT]: CLIENT request state: DORMANT
[14:54:31] [Server thread/INFO]: [STDOUT]: SERVER enter state: CLEAN_UP
[14:54:31] [Server thread/INFO]: [STDOUT]: SERVER request state: DORMANT
[14:54:31] [Client thread/INFO]: [STDOUT]: CLIENT enter state: DORMANT
[14:54:31] [Client thread/INFO]: [STDOUT]: JETTISONING 0 COMMANDS
[14:54:31] [Server thread/INFO]: [STDOUT]: SERVER enter state: DORMANT
[14:54:31] [Thread-316/INFO]: [STDOUT]: Received from kubernetes.docker.internal:MALMO_REQUEST_CLIENT:0.37.0:20000:morgan
[14:54:31] [Thread-316/INFO]: [STDOUT]: ==== RES:  - 3279
[14:54:31] [Thread-316/INFO]: [STDOUT]: REPLYING WITH: MALMOOK
[14:54:31] [Thread-318/INFO]: [STDOUT]: Received from kubernetes.docker.internal:<?xml version="1.0" encoding="utf-8"?><MissionInit xmlns="http://ProjectMalmo.microsoft.com" xmlns:xsi="http://www.w3.org/2001/XMLSchema-instance" SchemaVersion="" PlatformVersion="0.37.0"><Mission>                                    <About>                    <Summary>Food Search #1</Summary></About><ModSettings>                    <MsPerTick>100</MsPerTick></ModSettings><ServerSection>                                <ServerInitialConditions>                                                            <Time>                                                        <StartTime>6000</StartTime><AllowPassageOfTime>false</AllowPassageOfTime></Time><Weather>clear</Weather><AllowSpawning>false</AllowSpawning></ServerInitialConditions><ServerHandlers>                                                            <FlatWorldGenerator generatorString="3;7,220*1,5*3,2;3;,biome_1"/><DrawingDecorator>                                                                                                                                 
[14:54:31] [Thread-318/INFO]: [STDOUT]: REPLYING WITH: MALMOOK
[14:54:31] [Client thread/INFO]: [STDOUT]: Mission received: Food Search #1
[14:54:31] [Client thread/INFO]: [STDOUT]: CLIENT request state: CREATING_HANDLERS
[14:54:31] [Client thread/INFO]: [STDOUT]: CLIENT enter state: CREATING_HANDLERS
[14:54:31] [Client thread/INFO]: [STDOUT]: CLIENT request state: EVALUATING_WORLD_REQUIREMENTS
[14:54:31] [Client thread/INFO]: [STDOUT]: CLIENT enter state: EVALUATING_WORLD_REQUIREMENTS
[14:54:31] [Client thread/INFO]: [STDOUT]: CLIENT request state: WAITING_FOR_SERVER_READY
[14:54:31] [Server thread/INFO]: [STDOUT]: INCOMING MISSION: Received MissionInit directly through queue.
[14:54:31] [Server thread/INFO]: [STDOUT]: Mission received: Food Search #1
[14:54:31] [Server thread/INFO]: Received mission: §9Food Search #1
[14:54:31] [Server thread/INFO]: Source: §akubernetes.docker.internal
[14:54:31] [Server thread/INFO]: [STDOUT]: SERVER request state: BUILDING_WORLD
[14:54:31] [Server thread/INFO]: [STDOUT]: SERVER enter state: BUILDING_WORLD
[14:54:31] [Client thread/INFO]: [CHAT] Received mission: §9Food Search #1
[14:54:31] [Client thread/INFO]: [CHAT] Source: §akubernetes.docker.internal
[14:54:31] [Client thread/INFO]: [STDOUT]: CLIENT enter state: WAITING_FOR_SERVER_READY
[14:54:31] [Client thread/INFO]: [STDOUT]: ***Telling server we are ready - morgan
[14:54:31] [Server thread/INFO]: [STDOUT]: SERVER request state: WAITING_FOR_AGENTS_TO_ASSEMBLE
[14:54:32] [Server thread/INFO]: [STDOUT]: SERVER enter state: WAITING_FOR_AGENTS_TO_ASSEMBLE
[14:54:32] [Server thread/INFO]: [STDOUT]: Experiment requires: 
[14:54:32] [Server thread/INFO]: [STDOUT]: >>>> morgan
[14:54:32] [Client thread/INFO]: [STDOUT]: ***Telling server we are ready - morgan
[14:54:32] [Client thread/INFO]: [STDOUT]: CLIENT request state: RUNNING
[14:54:32] [Client thread/INFO]: [STDOUT]: CLIENT enter state: RUNNING
[14:54:32] [Server thread/INFO]: [STDOUT]: SERVER request state: RUNNING
[14:54:32] [Server thread/INFO]: [STDOUT]: SERVER enter state: RUNNING
[14:54:33] [Server thread/INFO]: <morgan> Quitting mission
[14:54:33] [Client thread/INFO]: [CHAT] <morgan> Quitting mission
[14:54:33] [Client thread/INFO]: [STDOUT]: CLIENT request state: IDLING
[14:54:33] [Client thread/INFO]: [STDOUT]: CLIENT enter state: IDLING
[14:54:33] [Server thread/INFO]: [STDOUT]: SERVER request state: WAITING_FOR_AGENTS_TO_QUIT
[14:54:33] [Server thread/INFO]: [STDOUT]: SERVER enter state: WAITING_FOR_AGENTS_TO_QUIT
[14:54:33] [Client thread/INFO]: [STDOUT]: CLIENT request state: MISSION_ENDED
[14:54:33] [Client thread/INFO]: [STDOUT]: CLIENT enter state: MISSION_ENDED
[14:54:33] [Client thread/INFO]: [STDOUT]: Sending mission ended message to kubernetes.docker.internal:10374.
[14:54:33] [Client thread/INFO]: [STDOUT]: CLIENT request state: WAITING_FOR_SERVER_MISSION_END
[14:54:33] [Client thread/INFO]: [STDOUT]: CLIENT enter state: WAITING_FOR_SERVER_MISSION_END
[14:54:33] [Server thread/INFO]: [STDOUT]: SERVER request state: CLEAN_UP
[14:54:33] [Server thread/INFO]: [STDOUT]: SERVER enter state: CLEAN_UP
[14:54:33] [Server thread/INFO]: [STDOUT]: SERVER request state: DORMANT
[14:54:33] [Client thread/INFO]: [STDOUT]: CLIENT request state: DORMANT
[14:54:33] [Client thread/INFO]: [STDOUT]: CLIENT enter state: DORMANT
[14:54:33] [Client thread/INFO]: [STDOUT]: JETTISONING 0 COMMANDS
[14:54:33] [Server thread/INFO]: [STDOUT]: SERVER enter state: DORMANT
[14:54:34] [Thread-322/INFO]: [STDOUT]: Received from kubernetes.docker.internal:MALMO_REQUEST_CLIENT:0.37.0:20000:morgan
[14:54:34] [Thread-322/INFO]: [STDOUT]: ==== RES:  - 17650
[14:54:34] [Thread-322/INFO]: [STDOUT]: REPLYING WITH: MALMOOK
[14:54:34] [Thread-324/INFO]: [STDOUT]: Received from kubernetes.docker.internal:<?xml version="1.0" encoding="utf-8"?><MissionInit xmlns="http://ProjectMalmo.microsoft.com" xmlns:xsi="http://www.w3.org/2001/XMLSchema-instance" SchemaVersion="" PlatformVersion="0.37.0"><Mission>                                    <About>                    <Summary>Food Search #2</Summary></About><ModSettings>                    <MsPerTick>100</MsPerTick></ModSettings><ServerSection>                                <ServerInitialConditions>                                                            <Time>                                                        <StartTime>6000</StartTime><AllowPassageOfTime>false</AllowPassageOfTime></Time><Weather>clear</Weather><AllowSpawning>false</AllowSpawning></ServerInitialConditions><ServerHandlers>                                                            <FlatWorldGenerator generatorString="3;7,220*1,5*3,2;3;,biome_1"/><DrawingDecorator>                                                                                                                                 
[14:54:34] [Thread-324/INFO]: [STDOUT]: REPLYING WITH: MALMOOK
[14:54:34] [Client thread/INFO]: [STDOUT]: Mission received: Food Search #2
[14:54:34] [Client thread/INFO]: [STDOUT]: CLIENT request state: CREATING_HANDLERS
[14:54:34] [Client thread/INFO]: [STDOUT]: CLIENT enter state: CREATING_HANDLERS
[14:54:34] [Client thread/INFO]: [STDOUT]: CLIENT request state: EVALUATING_WORLD_REQUIREMENTS
[14:54:34] [Client thread/INFO]: [STDOUT]: CLIENT enter state: EVALUATING_WORLD_REQUIREMENTS
[14:54:34] [Client thread/INFO]: [STDOUT]: CLIENT request state: WAITING_FOR_SERVER_READY
[14:54:34] [Server thread/INFO]: [STDOUT]: INCOMING MISSION: Received MissionInit directly through queue.
[14:54:34] [Server thread/INFO]: [STDOUT]: Mission received: Food Search #2
[14:54:34] [Server thread/INFO]: Received mission: §9Food Search #2
[14:54:34] [Server thread/INFO]: Source: §akubernetes.docker.internal
[14:54:34] [Server thread/INFO]: [STDOUT]: SERVER request state: BUILDING_WORLD
[14:54:34] [Server thread/INFO]: [STDOUT]: SERVER enter state: BUILDING_WORLD
[14:54:34] [Client thread/INFO]: [CHAT] Received mission: §9Food Search #2
[14:54:34] [Client thread/INFO]: [CHAT] Source: §akubernetes.docker.internal
[14:54:34] [Client thread/INFO]: [STDOUT]: CLIENT enter state: WAITING_FOR_SERVER_READY
[14:54:34] [Client thread/INFO]: [STDOUT]: ***Telling server we are ready - morgan
[14:54:34] [Server thread/INFO]: [STDOUT]: SERVER request state: WAITING_FOR_AGENTS_TO_ASSEMBLE
[14:54:34] [Server thread/INFO]: [STDOUT]: SERVER enter state: WAITING_FOR_AGENTS_TO_ASSEMBLE
[14:54:34] [Server thread/INFO]: [STDOUT]: Experiment requires: 
[14:54:34] [Server thread/INFO]: [STDOUT]: >>>> morgan
[14:54:34] [Client thread/INFO]: [STDOUT]: ***Telling server we are ready - morgan
[14:54:34] [Client thread/INFO]: [STDOUT]: CLIENT request state: RUNNING
[14:54:34] [Client thread/INFO]: [STDOUT]: CLIENT enter state: RUNNING
[14:54:34] [Server thread/INFO]: [STDOUT]: SERVER request state: RUNNING
[14:54:34] [Server thread/INFO]: [STDOUT]: SERVER enter state: RUNNING
[14:54:35] [Server thread/INFO]: <morgan> Quitting mission
[14:54:35] [Server thread/INFO]: [STDOUT]: SERVER request state: WAITING_FOR_AGENTS_TO_QUIT
[14:54:35] [Server thread/INFO]: [STDOUT]: SERVER enter state: WAITING_FOR_AGENTS_TO_QUIT
[14:54:35] [Client thread/INFO]: [STDOUT]: CLIENT request state: IDLING
[14:54:35] [Client thread/INFO]: [STDOUT]: CLIENT enter state: IDLING
[14:54:35] [Client thread/INFO]: [CHAT] <morgan> Quitting mission
[14:54:35] [Client thread/INFO]: [STDOUT]: CLIENT request state: MISSION_ENDED
[14:54:35] [Client thread/INFO]: [STDOUT]: CLIENT enter state: MISSION_ENDED
[14:54:35] [Client thread/INFO]: [STDOUT]: Sending mission ended message to kubernetes.docker.internal:10915.
[14:54:35] [Client thread/INFO]: [STDOUT]: CLIENT request state: WAITING_FOR_SERVER_MISSION_END
[14:54:35] [Client thread/INFO]: [STDOUT]: CLIENT enter state: WAITING_FOR_SERVER_MISSION_END
[14:54:36] [Server thread/INFO]: [STDOUT]: SERVER request state: CLEAN_UP
[14:54:36] [Server thread/INFO]: [STDOUT]: SERVER enter state: CLEAN_UP
[14:54:36] [Server thread/INFO]: [STDOUT]: SERVER request state: DORMANT
[14:54:36] [Client thread/INFO]: [STDOUT]: CLIENT request state: DORMANT
[14:54:36] [Client thread/INFO]: [STDOUT]: CLIENT enter state: DORMANT
[14:54:36] [Client thread/INFO]: [STDOUT]: JETTISONING 0 COMMANDS
[14:54:36] [Server thread/INFO]: [STDOUT]: SERVER enter state: DORMANT
[14:54:36] [Thread-328/INFO]: [STDOUT]: Received from kubernetes.docker.internal:MALMO_REQUEST_CLIENT:0.37.0:20000:morgan
[14:54:36] [Thread-328/INFO]: [STDOUT]: ==== RES:  - 17432
[14:54:36] [Thread-328/INFO]: [STDOUT]: REPLYING WITH: MALMOOK
[14:54:36] [Thread-330/INFO]: [STDOUT]: Received from kubernetes.docker.internal:<?xml version="1.0" encoding="utf-8"?><MissionInit xmlns="http://ProjectMalmo.microsoft.com" xmlns:xsi="http://www.w3.org/2001/XMLSchema-instance" SchemaVersion="" PlatformVersion="0.37.0"><Mission>                                    <About>                    <Summary>Food Search #3</Summary></About><ModSettings>                    <MsPerTick>100</MsPerTick></ModSettings><ServerSection>                                <ServerInitialConditions>                                                            <Time>                                                        <StartTime>6000</StartTime><AllowPassageOfTime>false</AllowPassageOfTime></Time><Weather>clear</Weather><AllowSpawning>false</AllowSpawning></ServerInitialConditions><ServerHandlers>                                                            <FlatWorldGenerator generatorString="3;7,220*1,5*3,2;3;,biome_1"/><DrawingDecorator>                                                                                                                                 
[14:54:36] [Thread-330/INFO]: [STDOUT]: REPLYING WITH: MALMOOK
[14:54:36] [Client thread/INFO]: [STDOUT]: Mission received: Food Search #3
[14:54:36] [Client thread/INFO]: [STDOUT]: CLIENT request state: CREATING_HANDLERS
[14:54:36] [Client thread/INFO]: [STDOUT]: CLIENT enter state: CREATING_HANDLERS
[14:54:36] [Client thread/INFO]: [STDOUT]: CLIENT request state: EVALUATING_WORLD_REQUIREMENTS
[14:54:36] [Client thread/INFO]: [STDOUT]: CLIENT enter state: EVALUATING_WORLD_REQUIREMENTS
[14:54:36] [Client thread/INFO]: [STDOUT]: CLIENT request state: WAITING_FOR_SERVER_READY
[14:54:36] [Server thread/INFO]: [STDOUT]: INCOMING MISSION: Received MissionInit directly through queue.
[14:54:36] [Server thread/INFO]: [STDOUT]: Mission received: Food Search #3
[14:54:36] [Server thread/INFO]: Received mission: §9Food Search #3
[14:54:36] [Server thread/INFO]: Source: §akubernetes.docker.internal
[14:54:36] [Server thread/INFO]: [STDOUT]: SERVER request state: BUILDING_WORLD
[14:54:36] [Server thread/INFO]: [STDOUT]: SERVER enter state: BUILDING_WORLD
[14:54:36] [Client thread/INFO]: [CHAT] Received mission: §9Food Search #3
[14:54:36] [Client thread/INFO]: [CHAT] Source: §akubernetes.docker.internal
[14:54:36] [Client thread/INFO]: [STDOUT]: CLIENT enter state: WAITING_FOR_SERVER_READY
[14:54:36] [Client thread/INFO]: [STDOUT]: ***Telling server we are ready - morgan
[14:54:36] [Server thread/INFO]: [STDOUT]: SERVER request state: WAITING_FOR_AGENTS_TO_ASSEMBLE
[14:54:36] [Server thread/INFO]: [STDOUT]: SERVER enter state: WAITING_FOR_AGENTS_TO_ASSEMBLE
[14:54:36] [Server thread/INFO]: [STDOUT]: Experiment requires: 
[14:54:36] [Server thread/INFO]: [STDOUT]: >>>> morgan
[14:54:37] [Client thread/INFO]: [STDOUT]: ***Telling server we are ready - morgan
[14:54:37] [Client thread/INFO]: [STDOUT]: CLIENT request state: RUNNING
[14:54:37] [Client thread/INFO]: [STDOUT]: CLIENT enter state: RUNNING
[14:54:37] [Server thread/INFO]: [STDOUT]: SERVER request state: RUNNING
[14:54:37] [Server thread/INFO]: [STDOUT]: SERVER enter state: RUNNING
[14:54:38] [Server thread/INFO]: <morgan> Quitting mission
[14:54:38] [Client thread/INFO]: [STDOUT]: CLIENT request state: IDLING
[14:54:38] [Client thread/INFO]: [STDOUT]: CLIENT enter state: IDLING
[14:54:38] [Client thread/INFO]: [CHAT] <morgan> Quitting mission
[14:54:38] [Server thread/INFO]: [STDOUT]: SERVER request state: WAITING_FOR_AGENTS_TO_QUIT
[14:54:38] [Server thread/INFO]: [STDOUT]: SERVER enter state: WAITING_FOR_AGENTS_TO_QUIT
[14:54:38] [Client thread/INFO]: [STDOUT]: CLIENT request state: MISSION_ENDED
[14:54:38] [Client thread/INFO]: [STDOUT]: CLIENT enter state: MISSION_ENDED
[14:54:38] [Client thread/INFO]: [STDOUT]: Sending mission ended message to kubernetes.docker.internal:10135.
[14:54:38] [Client thread/INFO]: [STDOUT]: CLIENT request state: WAITING_FOR_SERVER_MISSION_END
[14:54:38] [Client thread/INFO]: [STDOUT]: CLIENT enter state: WAITING_FOR_SERVER_MISSION_END
[14:54:38] [Server thread/INFO]: [STDOUT]: SERVER request state: CLEAN_UP
[14:54:38] [Server thread/INFO]: [STDOUT]: SERVER enter state: CLEAN_UP
[14:54:38] [Server thread/INFO]: [STDOUT]: SERVER request state: DORMANT
[14:54:38] [Client thread/INFO]: [STDOUT]: CLIENT request state: DORMANT
[14:54:38] [Client thread/INFO]: [STDOUT]: CLIENT enter state: DORMANT
[14:54:38] [Client thread/INFO]: [STDOUT]: JETTISONING 0 COMMANDS
[14:54:38] [Server thread/INFO]: [STDOUT]: SERVER enter state: DORMANT
[14:54:39] [Thread-334/INFO]: [STDOUT]: Received from kubernetes.docker.internal:MALMO_REQUEST_CLIENT:0.37.0:20000:morgan
[14:54:39] [Thread-334/INFO]: [STDOUT]: ==== RES:  - 17382
[14:54:39] [Thread-334/INFO]: [STDOUT]: REPLYING WITH: MALMOOK
[14:54:39] [Thread-336/INFO]: [STDOUT]: Received from kubernetes.docker.internal:<?xml version="1.0" encoding="utf-8"?><MissionInit xmlns="http://ProjectMalmo.microsoft.com" xmlns:xsi="http://www.w3.org/2001/XMLSchema-instance" SchemaVersion="" PlatformVersion="0.37.0"><Mission>                                    <About>                    <Summary>Food Search #4</Summary></About><ModSettings>                    <MsPerTick>100</MsPerTick></ModSettings><ServerSection>                                <ServerInitialConditions>                                                            <Time>                                                        <StartTime>6000</StartTime><AllowPassageOfTime>false</AllowPassageOfTime></Time><Weather>clear</Weather><AllowSpawning>false</AllowSpawning></ServerInitialConditions><ServerHandlers>                                                            <FlatWorldGenerator generatorString="3;7,220*1,5*3,2;3;,biome_1"/><DrawingDecorator>                                                                                                                                 
[14:54:39] [Thread-336/INFO]: [STDOUT]: REPLYING WITH: MALMOOK
[14:54:39] [Client thread/INFO]: [STDOUT]: Mission received: Food Search #4
[14:54:39] [Client thread/INFO]: [STDOUT]: CLIENT request state: CREATING_HANDLERS
[14:54:39] [Client thread/INFO]: [STDOUT]: CLIENT enter state: CREATING_HANDLERS
[14:54:39] [Client thread/INFO]: [STDOUT]: CLIENT request state: EVALUATING_WORLD_REQUIREMENTS
[14:54:39] [Client thread/INFO]: [STDOUT]: CLIENT enter state: EVALUATING_WORLD_REQUIREMENTS
[14:54:39] [Client thread/INFO]: [STDOUT]: CLIENT request state: WAITING_FOR_SERVER_READY
[14:54:39] [Server thread/INFO]: [STDOUT]: INCOMING MISSION: Received MissionInit directly through queue.
[14:54:39] [Server thread/INFO]: [STDOUT]: Mission received: Food Search #4
[14:54:39] [Server thread/INFO]: Received mission: §9Food Search #4
[14:54:39] [Server thread/INFO]: Source: §akubernetes.docker.internal
[14:54:39] [Server thread/INFO]: [STDOUT]: SERVER request state: BUILDING_WORLD
[14:54:39] [Server thread/INFO]: [STDOUT]: SERVER enter state: BUILDING_WORLD
[14:54:39] [Client thread/INFO]: [CHAT] Received mission: §9Food Search #4
[14:54:39] [Client thread/INFO]: [CHAT] Source: §akubernetes.docker.internal
[14:54:39] [Client thread/INFO]: [STDOUT]: CLIENT enter state: WAITING_FOR_SERVER_READY
[14:54:39] [Client thread/INFO]: [STDOUT]: ***Telling server we are ready - morgan
[14:54:39] [Server thread/INFO]: [STDOUT]: SERVER request state: WAITING_FOR_AGENTS_TO_ASSEMBLE
[14:54:39] [Server thread/INFO]: [STDOUT]: SERVER enter state: WAITING_FOR_AGENTS_TO_ASSEMBLE
[14:54:39] [Server thread/INFO]: [STDOUT]: Experiment requires: 
[14:54:39] [Server thread/INFO]: [STDOUT]: >>>> morgan
[14:54:39] [Client thread/INFO]: [STDOUT]: ***Telling server we are ready - morgan
[14:54:39] [Client thread/INFO]: [STDOUT]: CLIENT request state: RUNNING
[14:54:39] [Client thread/INFO]: [STDOUT]: CLIENT enter state: RUNNING
[14:54:39] [Server thread/INFO]: [STDOUT]: SERVER request state: RUNNING
[14:54:39] [Server thread/INFO]: [STDOUT]: SERVER enter state: RUNNING
[14:54:41] [Server thread/INFO]: <morgan> Quitting mission
[14:54:41] [Client thread/INFO]: [CHAT] <morgan> Quitting mission
[14:54:41] [Client thread/INFO]: [STDOUT]: CLIENT request state: IDLING
[14:54:41] [Client thread/INFO]: [STDOUT]: CLIENT enter state: IDLING
[14:54:41] [Server thread/INFO]: [STDOUT]: SERVER request state: WAITING_FOR_AGENTS_TO_QUIT
[14:54:41] [Server thread/INFO]: [STDOUT]: SERVER enter state: WAITING_FOR_AGENTS_TO_QUIT
[14:54:41] [Client thread/INFO]: [STDOUT]: CLIENT request state: MISSION_ENDED
[14:54:41] [Client thread/INFO]: [STDOUT]: CLIENT enter state: MISSION_ENDED
[14:54:41] [Client thread/INFO]: [STDOUT]: Sending mission ended message to kubernetes.docker.internal:10047.
[14:54:41] [Client thread/INFO]: [STDOUT]: CLIENT request state: WAITING_FOR_SERVER_MISSION_END
[14:54:41] [Client thread/INFO]: [STDOUT]: CLIENT enter state: WAITING_FOR_SERVER_MISSION_END
[14:54:41] [Server thread/INFO]: [STDOUT]: SERVER request state: CLEAN_UP
[14:54:41] [Server thread/INFO]: [STDOUT]: SERVER enter state: CLEAN_UP
[14:54:41] [Server thread/INFO]: [STDOUT]: SERVER request state: DORMANT
[14:54:41] [Client thread/INFO]: [STDOUT]: CLIENT request state: DORMANT
[14:54:41] [Client thread/INFO]: [STDOUT]: CLIENT enter state: DORMANT
[14:54:41] [Server thread/INFO]: [STDOUT]: SERVER enter state: DORMANT
[14:54:41] [Client thread/INFO]: [STDOUT]: JETTISONING 0 COMMANDS
[14:54:41] [Thread-340/INFO]: [STDOUT]: Received from kubernetes.docker.internal:MALMO_REQUEST_CLIENT:0.37.0:20000:morgan
[14:54:41] [Thread-340/INFO]: [STDOUT]: ==== RES:  - 17507
[14:54:41] [Thread-340/INFO]: [STDOUT]: REPLYING WITH: MALMOOK
[14:54:41] [Thread-342/INFO]: [STDOUT]: Received from kubernetes.docker.internal:<?xml version="1.0" encoding="utf-8"?><MissionInit xmlns="http://ProjectMalmo.microsoft.com" xmlns:xsi="http://www.w3.org/2001/XMLSchema-instance" SchemaVersion="" PlatformVersion="0.37.0"><Mission>                                    <About>                    <Summary>Food Search #5</Summary></About><ModSettings>                    <MsPerTick>100</MsPerTick></ModSettings><ServerSection>                                <ServerInitialConditions>                                                            <Time>                                                        <StartTime>6000</StartTime><AllowPassageOfTime>false</AllowPassageOfTime></Time><Weather>clear</Weather><AllowSpawning>false</AllowSpawning></ServerInitialConditions><ServerHandlers>                                                            <FlatWorldGenerator generatorString="3;7,220*1,5*3,2;3;,biome_1"/><DrawingDecorator>                                                                                                                                 
[14:54:41] [Thread-342/INFO]: [STDOUT]: REPLYING WITH: MALMOOK
[14:54:41] [Client thread/INFO]: [STDOUT]: Mission received: Food Search #5
[14:54:41] [Client thread/INFO]: [STDOUT]: CLIENT request state: CREATING_HANDLERS
[14:54:41] [Client thread/INFO]: [STDOUT]: CLIENT enter state: CREATING_HANDLERS
[14:54:41] [Client thread/INFO]: [STDOUT]: CLIENT request state: EVALUATING_WORLD_REQUIREMENTS
[14:54:41] [Client thread/INFO]: [STDOUT]: CLIENT enter state: EVALUATING_WORLD_REQUIREMENTS
[14:54:41] [Client thread/INFO]: [STDOUT]: CLIENT request state: WAITING_FOR_SERVER_READY
[14:54:41] [Client thread/INFO]: [STDOUT]: CLIENT enter state: WAITING_FOR_SERVER_READY
[14:54:41] [Server thread/INFO]: [STDOUT]: INCOMING MISSION: Received MissionInit directly through queue.
[14:54:41] [Server thread/INFO]: [STDOUT]: Mission received: Food Search #5
[14:54:41] [Server thread/INFO]: Received mission: §9Food Search #5
[14:54:41] [Server thread/INFO]: Source: §akubernetes.docker.internal
[14:54:41] [Client thread/INFO]: [STDOUT]: ***Telling server we are ready - morgan
[14:54:41] [Server thread/INFO]: [STDOUT]: SERVER request state: BUILDING_WORLD
[14:54:41] [Server thread/INFO]: [STDOUT]: SERVER enter state: BUILDING_WORLD
[14:54:41] [Client thread/INFO]: [CHAT] Received mission: §9Food Search #5
[14:54:41] [Client thread/INFO]: [CHAT] Source: §akubernetes.docker.internal
[14:54:42] [Server thread/INFO]: [STDOUT]: SERVER request state: WAITING_FOR_AGENTS_TO_ASSEMBLE
[14:54:42] [Server thread/INFO]: [STDOUT]: SERVER enter state: WAITING_FOR_AGENTS_TO_ASSEMBLE
[14:54:42] [Server thread/INFO]: [STDOUT]: Experiment requires: 
[14:54:42] [Server thread/INFO]: [STDOUT]: >>>> morgan
[14:54:42] [Client thread/INFO]: [STDOUT]: ***Telling server we are ready - morgan
[14:54:42] [Client thread/INFO]: [STDOUT]: CLIENT request state: RUNNING
[14:54:42] [Client thread/INFO]: [STDOUT]: CLIENT enter state: RUNNING
[14:54:42] [Server thread/INFO]: [STDOUT]: SERVER request state: RUNNING
[14:54:42] [Server thread/INFO]: [STDOUT]: SERVER enter state: RUNNING
[14:54:43] [Server thread/INFO]: <morgan> Quitting mission
[14:54:43] [Client thread/INFO]: [CHAT] <morgan> Quitting mission
[14:54:43] [Client thread/INFO]: [STDOUT]: CLIENT request state: IDLING
[14:54:43] [Client thread/INFO]: [STDOUT]: CLIENT enter state: IDLING
[14:54:43] [Server thread/INFO]: [STDOUT]: SERVER request state: WAITING_FOR_AGENTS_TO_QUIT
[14:54:43] [Server thread/INFO]: [STDOUT]: SERVER enter state: WAITING_FOR_AGENTS_TO_QUIT
[14:54:43] [Client thread/INFO]: [STDOUT]: CLIENT request state: MISSION_ENDED
[14:54:43] [Client thread/INFO]: [STDOUT]: CLIENT enter state: MISSION_ENDED
[14:54:43] [Client thread/INFO]: [STDOUT]: Sending mission ended message to kubernetes.docker.internal:10136.
[14:54:43] [Client thread/INFO]: [STDOUT]: CLIENT request state: WAITING_FOR_SERVER_MISSION_END
[14:54:43] [Client thread/INFO]: [STDOUT]: CLIENT enter state: WAITING_FOR_SERVER_MISSION_END
[14:54:43] [Server thread/INFO]: [STDOUT]: SERVER request state: CLEAN_UP
[14:54:43] [Server thread/INFO]: [STDOUT]: SERVER enter state: CLEAN_UP
[14:54:43] [Server thread/INFO]: [STDOUT]: SERVER request state: DORMANT
[14:54:43] [Client thread/INFO]: [STDOUT]: CLIENT request state: DORMANT
[14:54:43] [Client thread/INFO]: [STDOUT]: CLIENT enter state: DORMANT
[14:54:43] [Client thread/INFO]: [STDOUT]: JETTISONING 0 COMMANDS
[14:54:43] [Server thread/INFO]: [STDOUT]: SERVER enter state: DORMANT
[14:54:44] [Thread-346/INFO]: [STDOUT]: Received from kubernetes.docker.internal:MALMO_REQUEST_CLIENT:0.37.0:20000:morgan
[14:54:44] [Thread-346/INFO]: [STDOUT]: ==== RES:  - 17648
[14:54:44] [Thread-346/INFO]: [STDOUT]: REPLYING WITH: MALMOOK
[14:54:44] [Thread-348/INFO]: [STDOUT]: Received from kubernetes.docker.internal:<?xml version="1.0" encoding="utf-8"?><MissionInit xmlns="http://ProjectMalmo.microsoft.com" xmlns:xsi="http://www.w3.org/2001/XMLSchema-instance" SchemaVersion="" PlatformVersion="0.37.0"><Mission>                                    <About>                    <Summary>Food Search #6</Summary></About><ModSettings>                    <MsPerTick>100</MsPerTick></ModSettings><ServerSection>                                <ServerInitialConditions>                                                            <Time>                                                        <StartTime>6000</StartTime><AllowPassageOfTime>false</AllowPassageOfTime></Time><Weather>clear</Weather><AllowSpawning>false</AllowSpawning></ServerInitialConditions><ServerHandlers>                                                            <FlatWorldGenerator generatorString="3;7,220*1,5*3,2;3;,biome_1"/><DrawingDecorator>                                                                                                                                 
[14:54:44] [Thread-348/INFO]: [STDOUT]: REPLYING WITH: MALMOOK
[14:54:44] [Client thread/INFO]: [STDOUT]: Mission received: Food Search #6
[14:54:44] [Client thread/INFO]: [STDOUT]: CLIENT request state: CREATING_HANDLERS
[14:54:44] [Client thread/INFO]: [STDOUT]: CLIENT enter state: CREATING_HANDLERS
[14:54:44] [Client thread/INFO]: [STDOUT]: CLIENT request state: EVALUATING_WORLD_REQUIREMENTS
[14:54:44] [Client thread/INFO]: [STDOUT]: CLIENT enter state: EVALUATING_WORLD_REQUIREMENTS
[14:54:44] [Client thread/INFO]: [STDOUT]: CLIENT request state: WAITING_FOR_SERVER_READY
[14:54:44] [Server thread/INFO]: [STDOUT]: INCOMING MISSION: Received MissionInit directly through queue.
[14:54:44] [Server thread/INFO]: [STDOUT]: Mission received: Food Search #6
[14:54:44] [Server thread/INFO]: Received mission: §9Food Search #6
[14:54:44] [Server thread/INFO]: Source: §akubernetes.docker.internal
[14:54:44] [Server thread/INFO]: [STDOUT]: SERVER request state: BUILDING_WORLD
[14:54:44] [Server thread/INFO]: [STDOUT]: SERVER enter state: BUILDING_WORLD
[14:54:44] [Client thread/INFO]: [CHAT] Received mission: §9Food Search #6
[14:54:44] [Client thread/INFO]: [CHAT] Source: §akubernetes.docker.internal
[14:54:44] [Client thread/INFO]: [STDOUT]: CLIENT enter state: WAITING_FOR_SERVER_READY
[14:54:44] [Client thread/INFO]: [STDOUT]: ***Telling server we are ready - morgan
[14:54:44] [Server thread/INFO]: [STDOUT]: SERVER request state: WAITING_FOR_AGENTS_TO_ASSEMBLE
[14:54:44] [Server thread/INFO]: [STDOUT]: SERVER enter state: WAITING_FOR_AGENTS_TO_ASSEMBLE
[14:54:44] [Server thread/INFO]: [STDOUT]: Experiment requires: 
[14:54:44] [Server thread/INFO]: [STDOUT]: >>>> morgan
[14:54:44] [Client thread/INFO]: [STDOUT]: ***Telling server we are ready - morgan
[14:54:44] [Client thread/INFO]: [STDOUT]: CLIENT request state: RUNNING
[14:54:44] [Client thread/INFO]: [STDOUT]: CLIENT enter state: RUNNING
[14:54:44] [Server thread/INFO]: [STDOUT]: SERVER request state: RUNNING
[14:54:44] [Server thread/INFO]: [STDOUT]: SERVER enter state: RUNNING
[14:54:45] [Server thread/INFO]: <morgan> Quitting mission
[14:54:45] [Client thread/INFO]: [CHAT] <morgan> Quitting mission
[14:54:45] [Client thread/INFO]: [STDOUT]: CLIENT request state: IDLING
[14:54:45] [Client thread/INFO]: [STDOUT]: CLIENT enter state: IDLING
[14:54:45] [Server thread/INFO]: [STDOUT]: SERVER request state: WAITING_FOR_AGENTS_TO_QUIT
[14:54:45] [Server thread/INFO]: [STDOUT]: SERVER enter state: WAITING_FOR_AGENTS_TO_QUIT
[14:54:45] [Client thread/INFO]: [STDOUT]: CLIENT request state: MISSION_ENDED
[14:54:45] [Client thread/INFO]: [STDOUT]: CLIENT enter state: MISSION_ENDED
[14:54:45] [Client thread/INFO]: [STDOUT]: Sending mission ended message to kubernetes.docker.internal:10299.
[14:54:45] [Client thread/INFO]: [STDOUT]: CLIENT request state: WAITING_FOR_SERVER_MISSION_END
[14:54:45] [Client thread/INFO]: [STDOUT]: CLIENT enter state: WAITING_FOR_SERVER_MISSION_END
[14:54:45] [Server thread/INFO]: [STDOUT]: SERVER request state: CLEAN_UP
[14:54:45] [Server thread/INFO]: [STDOUT]: SERVER enter state: CLEAN_UP
[14:54:45] [Server thread/INFO]: [STDOUT]: SERVER request state: DORMANT
[14:54:45] [Client thread/INFO]: [STDOUT]: CLIENT request state: DORMANT
[14:54:45] [Client thread/INFO]: [STDOUT]: CLIENT enter state: DORMANT
[14:54:45] [Client thread/INFO]: [STDOUT]: JETTISONING 0 COMMANDS
[14:54:46] [Server thread/INFO]: [STDOUT]: SERVER enter state: DORMANT
[14:54:46] [Thread-352/INFO]: [STDOUT]: Received from kubernetes.docker.internal:MALMO_REQUEST_CLIENT:0.37.0:20000:morgan
[14:54:46] [Thread-352/INFO]: [STDOUT]: ==== RES:  - 17582
[14:54:46] [Thread-352/INFO]: [STDOUT]: REPLYING WITH: MALMOOK
[14:54:46] [Thread-354/INFO]: [STDOUT]: Received from kubernetes.docker.internal:<?xml version="1.0" encoding="utf-8"?><MissionInit xmlns="http://ProjectMalmo.microsoft.com" xmlns:xsi="http://www.w3.org/2001/XMLSchema-instance" SchemaVersion="" PlatformVersion="0.37.0"><Mission>                                    <About>                    <Summary>Food Search #7</Summary></About><ModSettings>                    <MsPerTick>100</MsPerTick></ModSettings><ServerSection>                                <ServerInitialConditions>                                                            <Time>                                                        <StartTime>6000</StartTime><AllowPassageOfTime>false</AllowPassageOfTime></Time><Weather>clear</Weather><AllowSpawning>false</AllowSpawning></ServerInitialConditions><ServerHandlers>                                                            <FlatWorldGenerator generatorString="3;7,220*1,5*3,2;3;,biome_1"/><DrawingDecorator>                                                                                                                                 
[14:54:46] [Thread-354/INFO]: [STDOUT]: REPLYING WITH: MALMOOK
[14:54:46] [Client thread/INFO]: [STDOUT]: Mission received: Food Search #7
[14:54:46] [Client thread/INFO]: [STDOUT]: CLIENT request state: CREATING_HANDLERS
[14:54:46] [Client thread/INFO]: [STDOUT]: CLIENT enter state: CREATING_HANDLERS
[14:54:46] [Client thread/INFO]: [STDOUT]: CLIENT request state: EVALUATING_WORLD_REQUIREMENTS
[14:54:46] [Client thread/INFO]: [STDOUT]: CLIENT enter state: EVALUATING_WORLD_REQUIREMENTS
[14:54:46] [Client thread/INFO]: [STDOUT]: CLIENT request state: WAITING_FOR_SERVER_READY
[14:54:46] [Server thread/INFO]: [STDOUT]: INCOMING MISSION: Received MissionInit directly through queue.
[14:54:46] [Server thread/INFO]: [STDOUT]: Mission received: Food Search #7
[14:54:46] [Server thread/INFO]: Received mission: §9Food Search #7
[14:54:46] [Server thread/INFO]: Source: §akubernetes.docker.internal
[14:54:46] [Server thread/INFO]: [STDOUT]: SERVER request state: BUILDING_WORLD
[14:54:46] [Server thread/INFO]: [STDOUT]: SERVER enter state: BUILDING_WORLD
[14:54:46] [Client thread/INFO]: [CHAT] Received mission: §9Food Search #7
[14:54:46] [Client thread/INFO]: [CHAT] Source: §akubernetes.docker.internal
[14:54:46] [Client thread/INFO]: [STDOUT]: CLIENT enter state: WAITING_FOR_SERVER_READY
[14:54:46] [Client thread/INFO]: [STDOUT]: ***Telling server we are ready - morgan
[14:54:46] [Server thread/INFO]: [STDOUT]: SERVER request state: WAITING_FOR_AGENTS_TO_ASSEMBLE
[14:54:46] [Server thread/INFO]: [STDOUT]: SERVER enter state: WAITING_FOR_AGENTS_TO_ASSEMBLE
[14:54:46] [Server thread/INFO]: [STDOUT]: Experiment requires: 
[14:54:46] [Server thread/INFO]: [STDOUT]: >>>> morgan
[14:54:47] [Client thread/INFO]: [STDOUT]: ***Telling server we are ready - morgan
[14:54:47] [Client thread/INFO]: [STDOUT]: CLIENT request state: RUNNING
[14:54:47] [Client thread/INFO]: [STDOUT]: CLIENT enter state: RUNNING
[14:54:47] [Server thread/INFO]: [STDOUT]: SERVER request state: RUNNING
[14:54:47] [Server thread/INFO]: [STDOUT]: SERVER enter state: RUNNING
[14:54:48] [Server thread/INFO]: <morgan> Quitting mission
[14:54:48] [Client thread/INFO]: [CHAT] <morgan> Quitting mission
[14:54:48] [Client thread/INFO]: [STDOUT]: CLIENT request state: IDLING
[14:54:48] [Client thread/INFO]: [STDOUT]: CLIENT enter state: IDLING
[14:54:48] [Server thread/INFO]: [STDOUT]: SERVER request state: WAITING_FOR_AGENTS_TO_QUIT
[14:54:48] [Server thread/INFO]: [STDOUT]: SERVER enter state: WAITING_FOR_AGENTS_TO_QUIT
[14:54:48] [Client thread/INFO]: [STDOUT]: CLIENT request state: MISSION_ENDED
[14:54:48] [Client thread/INFO]: [STDOUT]: CLIENT enter state: MISSION_ENDED
[14:54:48] [Client thread/INFO]: [STDOUT]: Sending mission ended message to kubernetes.docker.internal:10580.
[14:54:48] [Client thread/INFO]: [STDOUT]: CLIENT request state: WAITING_FOR_SERVER_MISSION_END
[14:54:48] [Client thread/INFO]: [STDOUT]: CLIENT enter state: WAITING_FOR_SERVER_MISSION_END
[14:54:48] [Server thread/INFO]: [STDOUT]: SERVER request state: CLEAN_UP
[14:54:48] [Client thread/INFO]: [STDOUT]: CLIENT request state: DORMANT
[14:54:48] [Server thread/INFO]: [STDOUT]: SERVER enter state: CLEAN_UP
[14:54:48] [Server thread/INFO]: [STDOUT]: SERVER request state: DORMANT
[14:54:48] [Client thread/INFO]: [STDOUT]: CLIENT enter state: DORMANT
[14:54:48] [Client thread/INFO]: [STDOUT]: JETTISONING 0 COMMANDS
[14:54:48] [Server thread/INFO]: [STDOUT]: SERVER enter state: DORMANT
[14:54:48] [Server thread/INFO]: Saving and pausing game...
[14:54:48] [Server thread/INFO]: Saving chunks for level 'TEMP_10000_9e941174-d327-4949-9597-31f7003fc23a'/Overworld
[14:54:48] [Server thread/INFO]: Saving chunks for level 'TEMP_10000_9e941174-d327-4949-9597-31f7003fc23a'/Nether
[14:54:48] [Server thread/INFO]: Saving chunks for level 'TEMP_10000_9e941174-d327-4949-9597-31f7003fc23a'/The End
[14:54:49] [Thread-358/INFO]: [STDOUT]: Received from kubernetes.docker.internal:MALMO_REQUEST_CLIENT:0.37.0:20000:morgan
[14:54:49] [Thread-358/INFO]: [STDOUT]: ==== RES:  - 17641
[14:54:49] [Thread-358/INFO]: [STDOUT]: REPLYING WITH: MALMOOK
[14:54:49] [Thread-360/INFO]: [STDOUT]: Received from kubernetes.docker.internal:<?xml version="1.0" encoding="utf-8"?><MissionInit xmlns="http://ProjectMalmo.microsoft.com" xmlns:xsi="http://www.w3.org/2001/XMLSchema-instance" SchemaVersion="" PlatformVersion="0.37.0"><Mission>                                    <About>                    <Summary>Food Search #8</Summary></About><ModSettings>                    <MsPerTick>100</MsPerTick></ModSettings><ServerSection>                                <ServerInitialConditions>                                                            <Time>                                                        <StartTime>6000</StartTime><AllowPassageOfTime>false</AllowPassageOfTime></Time><Weather>clear</Weather><AllowSpawning>false</AllowSpawning></ServerInitialConditions><ServerHandlers>                                                            <FlatWorldGenerator generatorString="3;7,220*1,5*3,2;3;,biome_1"/><DrawingDecorator>                                                                                                                                 
[14:54:49] [Thread-360/INFO]: [STDOUT]: REPLYING WITH: MALMOOK
[14:54:49] [Client thread/INFO]: [STDOUT]: Mission received: Food Search #8
[14:54:49] [Client thread/INFO]: [STDOUT]: CLIENT request state: CREATING_HANDLERS
[14:54:49] [Client thread/INFO]: [STDOUT]: CLIENT enter state: CREATING_HANDLERS
[14:54:49] [Client thread/INFO]: [STDOUT]: CLIENT request state: EVALUATING_WORLD_REQUIREMENTS
[14:54:49] [Client thread/INFO]: [STDOUT]: CLIENT enter state: EVALUATING_WORLD_REQUIREMENTS
[14:54:49] [Client thread/INFO]: [STDOUT]: CLIENT request state: WAITING_FOR_SERVER_READY
[14:54:49] [Server thread/INFO]: [STDOUT]: INCOMING MISSION: Received MissionInit directly through queue.
[14:54:49] [Server thread/INFO]: [STDOUT]: Mission received: Food Search #8
[14:54:49] [Server thread/INFO]: Received mission: §9Food Search #8
[14:54:49] [Server thread/INFO]: Source: §akubernetes.docker.internal
[14:54:49] [Server thread/INFO]: [STDOUT]: SERVER request state: BUILDING_WORLD
[14:54:49] [Server thread/INFO]: [STDOUT]: SERVER enter state: BUILDING_WORLD
[14:54:49] [Client thread/INFO]: [CHAT] Received mission: §9Food Search #8
[14:54:49] [Client thread/INFO]: [CHAT] Source: §akubernetes.docker.internal
[14:54:49] [Client thread/INFO]: [STDOUT]: CLIENT enter state: WAITING_FOR_SERVER_READY
[14:54:49] [Client thread/INFO]: [STDOUT]: ***Telling server we are ready - morgan
[14:54:49] [Server thread/INFO]: [STDOUT]: SERVER request state: WAITING_FOR_AGENTS_TO_ASSEMBLE
[14:54:49] [Server thread/INFO]: [STDOUT]: SERVER enter state: WAITING_FOR_AGENTS_TO_ASSEMBLE
[14:54:49] [Server thread/INFO]: [STDOUT]: Experiment requires: 
[14:54:49] [Server thread/INFO]: [STDOUT]: >>>> morgan
[14:54:49] [Client thread/INFO]: [STDOUT]: ***Telling server we are ready - morgan
[14:54:49] [Client thread/INFO]: [STDOUT]: CLIENT request state: RUNNING
[14:54:49] [Client thread/INFO]: [STDOUT]: CLIENT enter state: RUNNING
[14:54:49] [Server thread/INFO]: [STDOUT]: SERVER request state: RUNNING
[14:54:49] [Server thread/INFO]: [STDOUT]: SERVER enter state: RUNNING
[14:54:50] [Server thread/INFO]: <morgan> Quitting mission
[14:54:50] [Client thread/INFO]: [CHAT] <morgan> Quitting mission
[14:54:50] [Client thread/INFO]: [STDOUT]: CLIENT request state: IDLING
[14:54:50] [Client thread/INFO]: [STDOUT]: CLIENT enter state: IDLING
[14:54:50] [Server thread/INFO]: [STDOUT]: SERVER request state: WAITING_FOR_AGENTS_TO_QUIT
[14:54:50] [Server thread/INFO]: [STDOUT]: SERVER enter state: WAITING_FOR_AGENTS_TO_QUIT
[14:54:50] [Client thread/INFO]: [STDOUT]: CLIENT request state: MISSION_ENDED
[14:54:50] [Client thread/INFO]: [STDOUT]: CLIENT enter state: MISSION_ENDED
[14:54:50] [Client thread/INFO]: [STDOUT]: Sending mission ended message to kubernetes.docker.internal:10252.
[14:54:50] [Client thread/INFO]: [STDOUT]: CLIENT request state: WAITING_FOR_SERVER_MISSION_END
[14:54:50] [Client thread/INFO]: [STDOUT]: CLIENT enter state: WAITING_FOR_SERVER_MISSION_END
[14:54:50] [Server thread/INFO]: [STDOUT]: SERVER request state: CLEAN_UP
[14:54:50] [Server thread/INFO]: [STDOUT]: SERVER enter state: CLEAN_UP
[14:54:50] [Server thread/INFO]: [STDOUT]: SERVER request state: DORMANT
[14:54:50] [Client thread/INFO]: [STDOUT]: CLIENT request state: DORMANT
[14:54:50] [Client thread/INFO]: [STDOUT]: CLIENT enter state: DORMANT
[14:54:50] [Client thread/INFO]: [STDOUT]: JETTISONING 0 COMMANDS
[14:54:50] [Server thread/INFO]: [STDOUT]: SERVER enter state: DORMANT
[14:54:51] [Thread-364/INFO]: [STDOUT]: Received from kubernetes.docker.internal:MALMO_REQUEST_CLIENT:0.37.0:20000:morgan
[14:54:51] [Thread-364/INFO]: [STDOUT]: ==== RES:  - 17591
[14:54:51] [Thread-364/INFO]: [STDOUT]: REPLYING WITH: MALMOOK
[14:54:51] [Thread-366/INFO]: [STDOUT]: Received from kubernetes.docker.internal:<?xml version="1.0" encoding="utf-8"?><MissionInit xmlns="http://ProjectMalmo.microsoft.com" xmlns:xsi="http://www.w3.org/2001/XMLSchema-instance" SchemaVersion="" PlatformVersion="0.37.0"><Mission>                                    <About>                    <Summary>Food Search #9</Summary></About><ModSettings>                    <MsPerTick>100</MsPerTick></ModSettings><ServerSection>                                <ServerInitialConditions>                                                            <Time>                                                        <StartTime>6000</StartTime><AllowPassageOfTime>false</AllowPassageOfTime></Time><Weather>clear</Weather><AllowSpawning>false</AllowSpawning></ServerInitialConditions><ServerHandlers>                                                            <FlatWorldGenerator generatorString="3;7,220*1,5*3,2;3;,biome_1"/><DrawingDecorator>                                                                                                                                 
[14:54:51] [Thread-366/INFO]: [STDOUT]: REPLYING WITH: MALMOOK
[14:54:51] [Client thread/INFO]: [STDOUT]: Mission received: Food Search #9
[14:54:51] [Client thread/INFO]: [STDOUT]: CLIENT request state: CREATING_HANDLERS
[14:54:51] [Client thread/INFO]: [STDOUT]: CLIENT enter state: CREATING_HANDLERS
[14:54:51] [Client thread/INFO]: [STDOUT]: CLIENT request state: EVALUATING_WORLD_REQUIREMENTS
[14:54:51] [Client thread/INFO]: [STDOUT]: CLIENT enter state: EVALUATING_WORLD_REQUIREMENTS
[14:54:51] [Client thread/INFO]: [STDOUT]: CLIENT request state: WAITING_FOR_SERVER_READY
[14:54:51] [Server thread/INFO]: [STDOUT]: INCOMING MISSION: Received MissionInit directly through queue.
[14:54:51] [Server thread/INFO]: [STDOUT]: Mission received: Food Search #9
[14:54:51] [Server thread/INFO]: Received mission: §9Food Search #9
[14:54:51] [Server thread/INFO]: Source: §akubernetes.docker.internal
[14:54:51] [Server thread/INFO]: [STDOUT]: SERVER request state: BUILDING_WORLD
[14:54:51] [Server thread/INFO]: [STDOUT]: SERVER enter state: BUILDING_WORLD
[14:54:51] [Client thread/INFO]: [CHAT] Received mission: §9Food Search #9
[14:54:51] [Client thread/INFO]: [CHAT] Source: §akubernetes.docker.internal
[14:54:51] [Client thread/INFO]: [STDOUT]: CLIENT enter state: WAITING_FOR_SERVER_READY
[14:54:51] [Client thread/INFO]: [STDOUT]: ***Telling server we are ready - morgan
[14:54:51] [Server thread/INFO]: [STDOUT]: SERVER request state: WAITING_FOR_AGENTS_TO_ASSEMBLE
[14:54:51] [Server thread/INFO]: [STDOUT]: SERVER enter state: WAITING_FOR_AGENTS_TO_ASSEMBLE
[14:54:51] [Server thread/INFO]: [STDOUT]: Experiment requires: 
[14:54:51] [Server thread/INFO]: [STDOUT]: >>>> morgan
[14:54:51] [Client thread/INFO]: [STDOUT]: ***Telling server we are ready - morgan
[14:54:51] [Client thread/INFO]: [STDOUT]: CLIENT request state: RUNNING
[14:54:51] [Client thread/INFO]: [STDOUT]: CLIENT enter state: RUNNING
[14:54:51] [Server thread/INFO]: [STDOUT]: SERVER request state: RUNNING
[14:54:51] [Server thread/INFO]: [STDOUT]: SERVER enter state: RUNNING
[14:54:52] [Server thread/INFO]: <morgan> Quitting mission
[14:54:52] [Client thread/INFO]: [CHAT] <morgan> Quitting mission
[14:54:52] [Client thread/INFO]: [STDOUT]: CLIENT request state: IDLING
[14:54:52] [Client thread/INFO]: [STDOUT]: CLIENT enter state: IDLING
[14:54:53] [Server thread/INFO]: [STDOUT]: SERVER request state: WAITING_FOR_AGENTS_TO_QUIT
[14:54:53] [Server thread/INFO]: [STDOUT]: SERVER enter state: WAITING_FOR_AGENTS_TO_QUIT
[14:54:53] [Client thread/INFO]: [STDOUT]: CLIENT request state: MISSION_ENDED
[14:54:53] [Client thread/INFO]: [STDOUT]: CLIENT enter state: MISSION_ENDED
[14:54:53] [Client thread/INFO]: [STDOUT]: Sending mission ended message to kubernetes.docker.internal:10611.
[14:54:53] [Client thread/INFO]: [STDOUT]: CLIENT request state: WAITING_FOR_SERVER_MISSION_END
[14:54:53] [Client thread/INFO]: [STDOUT]: CLIENT enter state: WAITING_FOR_SERVER_MISSION_END
[14:54:53] [Server thread/INFO]: [STDOUT]: SERVER request state: CLEAN_UP
[14:54:53] [Server thread/INFO]: [STDOUT]: SERVER enter state: CLEAN_UP
[14:54:53] [Server thread/INFO]: [STDOUT]: SERVER request state: DORMANT
[14:54:53] [Client thread/INFO]: [STDOUT]: CLIENT request state: DORMANT
[14:54:53] [Server thread/INFO]: [STDOUT]: SERVER enter state: DORMANT
[14:54:53] [Client thread/INFO]: [STDOUT]: CLIENT enter state: DORMANT
[14:54:53] [Client thread/INFO]: [STDOUT]: JETTISONING 0 COMMANDS
[14:54:53] [Thread-370/INFO]: [STDOUT]: Received from kubernetes.docker.internal:MALMO_REQUEST_CLIENT:0.37.0:20000:morgan
[14:54:53] [Thread-370/INFO]: [STDOUT]: ==== RES:  - 17647
[14:54:53] [Thread-370/INFO]: [STDOUT]: REPLYING WITH: MALMOOK
[14:54:53] [Thread-372/INFO]: [STDOUT]: Received from kubernetes.docker.internal:<?xml version="1.0" encoding="utf-8"?><MissionInit xmlns="http://ProjectMalmo.microsoft.com" xmlns:xsi="http://www.w3.org/2001/XMLSchema-instance" SchemaVersion="" PlatformVersion="0.37.0"><Mission>                                    <About>                    <Summary>Food Search #10</Summary></About><ModSettings>                    <MsPerTick>100</MsPerTick></ModSettings><ServerSection>                                <ServerInitialConditions>                                                            <Time>                                                        <StartTime>6000</StartTime><AllowPassageOfTime>false</AllowPassageOfTime></Time><Weather>clear</Weather><AllowSpawning>false</AllowSpawning></ServerInitialConditions><ServerHandlers>                                                            <FlatWorldGenerator generatorString="3;7,220*1,5*3,2;3;,biome_1"/><DrawingDecorator>                                                                                                                                
[14:54:53] [Thread-372/INFO]: [STDOUT]: REPLYING WITH: MALMOOK
[14:54:53] [Client thread/INFO]: [STDOUT]: Mission received: Food Search #10
[14:54:53] [Client thread/INFO]: [STDOUT]: CLIENT request state: CREATING_HANDLERS
[14:54:53] [Client thread/INFO]: [STDOUT]: CLIENT enter state: CREATING_HANDLERS
[14:54:53] [Client thread/INFO]: [STDOUT]: CLIENT request state: EVALUATING_WORLD_REQUIREMENTS
[14:54:53] [Client thread/INFO]: [STDOUT]: CLIENT enter state: EVALUATING_WORLD_REQUIREMENTS
[14:54:53] [Client thread/INFO]: [STDOUT]: CLIENT request state: WAITING_FOR_SERVER_READY
[14:54:53] [Server thread/INFO]: [STDOUT]: INCOMING MISSION: Received MissionInit directly through queue.
[14:54:53] [Server thread/INFO]: [STDOUT]: Mission received: Food Search #10
[14:54:53] [Server thread/INFO]: Received mission: §9Food Search #10
[14:54:53] [Server thread/INFO]: Source: §akubernetes.docker.internal
[14:54:53] [Server thread/INFO]: [STDOUT]: SERVER request state: BUILDING_WORLD
[14:54:53] [Server thread/INFO]: [STDOUT]: SERVER enter state: BUILDING_WORLD
[14:54:53] [Client thread/INFO]: [CHAT] Received mission: §9Food Search #10
[14:54:53] [Client thread/INFO]: [CHAT] Source: §akubernetes.docker.internal
[14:54:53] [Server thread/INFO]: [STDOUT]: SERVER request state: WAITING_FOR_AGENTS_TO_ASSEMBLE
[14:54:53] [Client thread/INFO]: [STDOUT]: CLIENT enter state: WAITING_FOR_SERVER_READY
[14:54:53] [Client thread/INFO]: [STDOUT]: ***Telling server we are ready - morgan
[14:54:53] [Server thread/INFO]: [STDOUT]: SERVER enter state: WAITING_FOR_AGENTS_TO_ASSEMBLE
[14:54:53] [Server thread/INFO]: [STDOUT]: Experiment requires: 
[14:54:53] [Server thread/INFO]: [STDOUT]: >>>> morgan
[14:54:54] [Client thread/INFO]: [STDOUT]: ***Telling server we are ready - morgan
[14:54:54] [Client thread/INFO]: [STDOUT]: CLIENT request state: RUNNING
[14:54:54] [Client thread/INFO]: [STDOUT]: CLIENT enter state: RUNNING
[14:54:54] [Server thread/INFO]: [STDOUT]: SERVER request state: RUNNING
[14:54:54] [Server thread/INFO]: [STDOUT]: SERVER enter state: RUNNING
[14:54:55] [Server thread/INFO]: <morgan> Quitting mission
[14:54:55] [Client thread/INFO]: [CHAT] <morgan> Quitting mission
[14:54:55] [Client thread/INFO]: [STDOUT]: CLIENT request state: IDLING
[14:54:55] [Client thread/INFO]: [STDOUT]: CLIENT enter state: IDLING
[14:54:55] [Server thread/INFO]: [STDOUT]: SERVER request state: WAITING_FOR_AGENTS_TO_QUIT
[14:54:55] [Server thread/INFO]: [STDOUT]: SERVER enter state: WAITING_FOR_AGENTS_TO_QUIT
[14:54:55] [Client thread/INFO]: [STDOUT]: CLIENT request state: MISSION_ENDED
[14:54:55] [Client thread/INFO]: [STDOUT]: CLIENT enter state: MISSION_ENDED
[14:54:55] [Client thread/INFO]: [STDOUT]: Sending mission ended message to kubernetes.docker.internal:10548.
[14:54:55] [Client thread/INFO]: [STDOUT]: CLIENT request state: WAITING_FOR_SERVER_MISSION_END
[14:54:55] [Client thread/INFO]: [STDOUT]: CLIENT enter state: WAITING_FOR_SERVER_MISSION_END
[14:54:55] [Server thread/INFO]: [STDOUT]: SERVER request state: CLEAN_UP
[14:54:55] [Client thread/INFO]: [STDOUT]: CLIENT request state: DORMANT
[14:54:55] [Client thread/INFO]: [STDOUT]: CLIENT enter state: DORMANT
[14:54:55] [Client thread/INFO]: [STDOUT]: JETTISONING 0 COMMANDS
[14:54:55] [Server thread/INFO]: [STDOUT]: SERVER enter state: CLEAN_UP
[14:54:55] [Server thread/INFO]: [STDOUT]: SERVER request state: DORMANT
[14:54:55] [Server thread/INFO]: [STDOUT]: SERVER enter state: DORMANT
[14:54:55] [Thread-376/INFO]: [STDOUT]: Received from kubernetes.docker.internal:MALMO_REQUEST_CLIENT:0.37.0:20000:morgan
[14:54:55] [Thread-376/INFO]: [STDOUT]: ==== RES:  - 17825
[14:54:55] [Thread-376/INFO]: [STDOUT]: REPLYING WITH: MALMOOK
[14:54:55] [Thread-378/INFO]: [STDOUT]: Received from kubernetes.docker.internal:<?xml version="1.0" encoding="utf-8"?><MissionInit xmlns="http://ProjectMalmo.microsoft.com" xmlns:xsi="http://www.w3.org/2001/XMLSchema-instance" SchemaVersion="" PlatformVersion="0.37.0"><Mission>                                    <About>                    <Summary>Food Search #11</Summary></About><ModSettings>                    <MsPerTick>100</MsPerTick></ModSettings><ServerSection>                                <ServerInitialConditions>                                                            <Time>                                                        <StartTime>6000</StartTime><AllowPassageOfTime>false</AllowPassageOfTime></Time><Weather>clear</Weather><AllowSpawning>false</AllowSpawning></ServerInitialConditions><ServerHandlers>                                                            <FlatWorldGenerator generatorString="3;7,220*1,5*3,2;3;,biome_1"/><DrawingDecorator>                                                                                                                                
[14:54:55] [Thread-378/INFO]: [STDOUT]: REPLYING WITH: MALMOOK
[14:54:56] [Client thread/INFO]: [STDOUT]: Mission received: Food Search #11
[14:54:56] [Client thread/INFO]: [STDOUT]: CLIENT request state: CREATING_HANDLERS
[14:54:56] [Client thread/INFO]: [STDOUT]: CLIENT enter state: CREATING_HANDLERS
[14:54:56] [Client thread/INFO]: [STDOUT]: CLIENT request state: EVALUATING_WORLD_REQUIREMENTS
[14:54:56] [Client thread/INFO]: [STDOUT]: CLIENT enter state: EVALUATING_WORLD_REQUIREMENTS
[14:54:56] [Client thread/INFO]: [STDOUT]: CLIENT request state: WAITING_FOR_SERVER_READY
[14:54:56] [Client thread/INFO]: [STDOUT]: CLIENT enter state: WAITING_FOR_SERVER_READY
[14:54:56] [Server thread/INFO]: [STDOUT]: INCOMING MISSION: Received MissionInit directly through queue.
[14:54:56] [Server thread/INFO]: [STDOUT]: Mission received: Food Search #11
[14:54:56] [Server thread/INFO]: Received mission: §9Food Search #11
[14:54:56] [Client thread/INFO]: [STDOUT]: ***Telling server we are ready - morgan
[14:54:56] [Server thread/INFO]: Source: §akubernetes.docker.internal
[14:54:56] [Server thread/INFO]: [STDOUT]: SERVER request state: BUILDING_WORLD
[14:54:56] [Server thread/INFO]: [STDOUT]: SERVER enter state: BUILDING_WORLD
[14:54:56] [Client thread/INFO]: [CHAT] Received mission: §9Food Search #11
[14:54:56] [Client thread/INFO]: [CHAT] Source: §akubernetes.docker.internal
[14:54:56] [Server thread/INFO]: [STDOUT]: SERVER request state: WAITING_FOR_AGENTS_TO_ASSEMBLE
[14:54:56] [Server thread/INFO]: [STDOUT]: SERVER enter state: WAITING_FOR_AGENTS_TO_ASSEMBLE
[14:54:56] [Server thread/INFO]: [STDOUT]: Experiment requires: 
[14:54:56] [Server thread/INFO]: [STDOUT]: >>>> morgan
[14:54:56] [Client thread/INFO]: [STDOUT]: ***Telling server we are ready - morgan
[14:54:56] [Client thread/INFO]: [STDOUT]: CLIENT request state: RUNNING
[14:54:56] [Client thread/INFO]: [STDOUT]: CLIENT enter state: RUNNING
[14:54:56] [Server thread/INFO]: [STDOUT]: SERVER request state: RUNNING
[14:54:56] [Server thread/INFO]: [STDOUT]: SERVER enter state: RUNNING
[14:54:57] [Server thread/INFO]: <morgan> Quitting mission
[14:54:57] [Client thread/INFO]: [STDOUT]: CLIENT request state: IDLING
[14:54:57] [Client thread/INFO]: [STDOUT]: CLIENT enter state: IDLING
[14:54:57] [Client thread/INFO]: [CHAT] <morgan> Quitting mission
[14:54:57] [Server thread/INFO]: [STDOUT]: SERVER request state: WAITING_FOR_AGENTS_TO_QUIT
[14:54:57] [Server thread/INFO]: [STDOUT]: SERVER enter state: WAITING_FOR_AGENTS_TO_QUIT
[14:54:57] [Client thread/INFO]: [STDOUT]: CLIENT request state: MISSION_ENDED
[14:54:57] [Client thread/INFO]: [STDOUT]: CLIENT enter state: MISSION_ENDED
[14:54:57] [Client thread/INFO]: [STDOUT]: Sending mission ended message to kubernetes.docker.internal:10297.
[14:54:57] [Client thread/INFO]: [STDOUT]: CLIENT request state: WAITING_FOR_SERVER_MISSION_END
[14:54:57] [Client thread/INFO]: [STDOUT]: CLIENT enter state: WAITING_FOR_SERVER_MISSION_END
[14:54:57] [Server thread/INFO]: [STDOUT]: SERVER request state: CLEAN_UP
[14:54:57] [Server thread/INFO]: [STDOUT]: SERVER enter state: CLEAN_UP
[14:54:57] [Server thread/INFO]: [STDOUT]: SERVER request state: DORMANT
[14:54:57] [Client thread/INFO]: [STDOUT]: CLIENT request state: DORMANT
[14:54:57] [Client thread/INFO]: [STDOUT]: CLIENT enter state: DORMANT
[14:54:57] [Client thread/INFO]: [STDOUT]: JETTISONING 0 COMMANDS
[14:54:57] [Server thread/INFO]: [STDOUT]: SERVER enter state: DORMANT
[14:54:58] [Thread-382/INFO]: [STDOUT]: Received from kubernetes.docker.internal:MALMO_REQUEST_CLIENT:0.37.0:20000:morgan
[14:54:58] [Thread-382/INFO]: [STDOUT]: ==== RES:  - 17486
[14:54:58] [Thread-382/INFO]: [STDOUT]: REPLYING WITH: MALMOOK
[14:54:58] [Thread-384/INFO]: [STDOUT]: Received from kubernetes.docker.internal:<?xml version="1.0" encoding="utf-8"?><MissionInit xmlns="http://ProjectMalmo.microsoft.com" xmlns:xsi="http://www.w3.org/2001/XMLSchema-instance" SchemaVersion="" PlatformVersion="0.37.0"><Mission>                                    <About>                    <Summary>Food Search #12</Summary></About><ModSettings>                    <MsPerTick>100</MsPerTick></ModSettings><ServerSection>                                <ServerInitialConditions>                                                            <Time>                                                        <StartTime>6000</StartTime><AllowPassageOfTime>false</AllowPassageOfTime></Time><Weather>clear</Weather><AllowSpawning>false</AllowSpawning></ServerInitialConditions><ServerHandlers>                                                            <FlatWorldGenerator generatorString="3;7,220*1,5*3,2;3;,biome_1"/><DrawingDecorator>                                                                                                                                
[14:54:58] [Thread-384/INFO]: [STDOUT]: REPLYING WITH: MALMOOK
[14:54:58] [Client thread/INFO]: [STDOUT]: Mission received: Food Search #12
[14:54:58] [Client thread/INFO]: [STDOUT]: CLIENT request state: CREATING_HANDLERS
[14:54:58] [Client thread/INFO]: [STDOUT]: CLIENT enter state: CREATING_HANDLERS
[14:54:58] [Client thread/INFO]: [STDOUT]: CLIENT request state: EVALUATING_WORLD_REQUIREMENTS
[14:54:58] [Client thread/INFO]: [STDOUT]: CLIENT enter state: EVALUATING_WORLD_REQUIREMENTS
[14:54:58] [Client thread/INFO]: [STDOUT]: CLIENT request state: WAITING_FOR_SERVER_READY
[14:54:58] [Server thread/INFO]: [STDOUT]: INCOMING MISSION: Received MissionInit directly through queue.
[14:54:58] [Server thread/INFO]: [STDOUT]: Mission received: Food Search #12
[14:54:58] [Server thread/INFO]: Received mission: §9Food Search #12
[14:54:58] [Server thread/INFO]: Source: §akubernetes.docker.internal
[14:54:58] [Server thread/INFO]: [STDOUT]: SERVER request state: BUILDING_WORLD
[14:54:58] [Server thread/INFO]: [STDOUT]: SERVER enter state: BUILDING_WORLD
[14:54:58] [Client thread/INFO]: [CHAT] Received mission: §9Food Search #12
[14:54:58] [Client thread/INFO]: [CHAT] Source: §akubernetes.docker.internal
[14:54:58] [Client thread/INFO]: [STDOUT]: CLIENT enter state: WAITING_FOR_SERVER_READY
[14:54:58] [Client thread/INFO]: [STDOUT]: ***Telling server we are ready - morgan
[14:54:58] [Server thread/INFO]: [STDOUT]: SERVER request state: WAITING_FOR_AGENTS_TO_ASSEMBLE
[14:54:58] [Server thread/INFO]: [STDOUT]: SERVER enter state: WAITING_FOR_AGENTS_TO_ASSEMBLE
[14:54:58] [Server thread/INFO]: [STDOUT]: Experiment requires: 
[14:54:58] [Server thread/INFO]: [STDOUT]: >>>> morgan
[14:54:58] [Client thread/INFO]: [STDOUT]: ***Telling server we are ready - morgan
[14:54:58] [Client thread/INFO]: [STDOUT]: CLIENT request state: RUNNING
[14:54:58] [Client thread/INFO]: [STDOUT]: CLIENT enter state: RUNNING
[14:54:58] [Server thread/INFO]: [STDOUT]: SERVER request state: RUNNING
[14:54:58] [Server thread/INFO]: [STDOUT]: SERVER enter state: RUNNING
[14:54:59] [Server thread/INFO]: <morgan> Quitting mission
[14:54:59] [Client thread/INFO]: [CHAT] <morgan> Quitting mission
[14:55:00] [Client thread/INFO]: [STDOUT]: CLIENT request state: IDLING
[14:55:00] [Client thread/INFO]: [STDOUT]: CLIENT enter state: IDLING
[14:55:00] [Server thread/INFO]: [STDOUT]: SERVER request state: WAITING_FOR_AGENTS_TO_QUIT
[14:55:00] [Server thread/INFO]: [STDOUT]: SERVER enter state: WAITING_FOR_AGENTS_TO_QUIT
[14:55:00] [Client thread/INFO]: [STDOUT]: CLIENT request state: MISSION_ENDED
[14:55:00] [Client thread/INFO]: [STDOUT]: CLIENT enter state: MISSION_ENDED
[14:55:00] [Client thread/INFO]: [STDOUT]: Sending mission ended message to kubernetes.docker.internal:10512.
[14:55:00] [Client thread/INFO]: [STDOUT]: CLIENT request state: WAITING_FOR_SERVER_MISSION_END
[14:55:00] [Client thread/INFO]: [STDOUT]: CLIENT enter state: WAITING_FOR_SERVER_MISSION_END
[14:55:00] [Server thread/INFO]: [STDOUT]: SERVER request state: CLEAN_UP
[14:55:00] [Server thread/INFO]: [STDOUT]: SERVER enter state: CLEAN_UP
[14:55:00] [Server thread/INFO]: [STDOUT]: SERVER request state: DORMANT
[14:55:00] [Client thread/INFO]: [STDOUT]: CLIENT request state: DORMANT
[14:55:00] [Client thread/INFO]: [STDOUT]: CLIENT enter state: DORMANT
[14:55:00] [Client thread/INFO]: [STDOUT]: JETTISONING 0 COMMANDS
[14:55:00] [Server thread/INFO]: [STDOUT]: SERVER enter state: DORMANT
[14:55:00] [Thread-388/INFO]: [STDOUT]: Received from kubernetes.docker.internal:MALMO_REQUEST_CLIENT:0.37.0:20000:morgan
[14:55:00] [Thread-388/INFO]: [STDOUT]: ==== RES:  - 17646
[14:55:00] [Thread-388/INFO]: [STDOUT]: REPLYING WITH: MALMOOK
[14:55:00] [Thread-390/INFO]: [STDOUT]: Received from kubernetes.docker.internal:<?xml version="1.0" encoding="utf-8"?><MissionInit xmlns="http://ProjectMalmo.microsoft.com" xmlns:xsi="http://www.w3.org/2001/XMLSchema-instance" SchemaVersion="" PlatformVersion="0.37.0"><Mission>                                    <About>                    <Summary>Food Search #13</Summary></About><ModSettings>                    <MsPerTick>100</MsPerTick></ModSettings><ServerSection>                                <ServerInitialConditions>                                                            <Time>                                                        <StartTime>6000</StartTime><AllowPassageOfTime>false</AllowPassageOfTime></Time><Weather>clear</Weather><AllowSpawning>false</AllowSpawning></ServerInitialConditions><ServerHandlers>                                                            <FlatWorldGenerator generatorString="3;7,220*1,5*3,2;3;,biome_1"/><DrawingDecorator>                                                                                                                                
[14:55:00] [Thread-390/INFO]: [STDOUT]: REPLYING WITH: MALMOOK
[14:55:00] [Client thread/INFO]: [STDOUT]: Mission received: Food Search #13
[14:55:00] [Client thread/INFO]: [STDOUT]: CLIENT request state: CREATING_HANDLERS
[14:55:00] [Client thread/INFO]: [STDOUT]: CLIENT enter state: CREATING_HANDLERS
[14:55:00] [Client thread/INFO]: [STDOUT]: CLIENT request state: EVALUATING_WORLD_REQUIREMENTS
[14:55:00] [Client thread/INFO]: [STDOUT]: CLIENT enter state: EVALUATING_WORLD_REQUIREMENTS
[14:55:00] [Client thread/INFO]: [STDOUT]: CLIENT request state: WAITING_FOR_SERVER_READY
[14:55:00] [Server thread/INFO]: [STDOUT]: INCOMING MISSION: Received MissionInit directly through queue.
[14:55:00] [Server thread/INFO]: [STDOUT]: Mission received: Food Search #13
[14:55:00] [Server thread/INFO]: Received mission: §9Food Search #13
[14:55:00] [Server thread/INFO]: Source: §akubernetes.docker.internal
[14:55:00] [Server thread/INFO]: [STDOUT]: SERVER request state: BUILDING_WORLD
[14:55:00] [Server thread/INFO]: [STDOUT]: SERVER enter state: BUILDING_WORLD
[14:55:00] [Client thread/INFO]: [CHAT] Received mission: §9Food Search #13
[14:55:00] [Client thread/INFO]: [CHAT] Source: §akubernetes.docker.internal
[14:55:00] [Client thread/INFO]: [STDOUT]: CLIENT enter state: WAITING_FOR_SERVER_READY
[14:55:00] [Client thread/INFO]: [STDOUT]: ***Telling server we are ready - morgan
[14:55:00] [Server thread/INFO]: [STDOUT]: SERVER request state: WAITING_FOR_AGENTS_TO_ASSEMBLE
[14:55:00] [Server thread/INFO]: [STDOUT]: SERVER enter state: WAITING_FOR_AGENTS_TO_ASSEMBLE
[14:55:00] [Server thread/INFO]: [STDOUT]: Experiment requires: 
[14:55:00] [Server thread/INFO]: [STDOUT]: >>>> morgan
[14:55:01] [Client thread/INFO]: [STDOUT]: ***Telling server we are ready - morgan
[14:55:01] [Client thread/INFO]: [STDOUT]: CLIENT request state: RUNNING
[14:55:01] [Client thread/INFO]: [STDOUT]: CLIENT enter state: RUNNING
[14:55:01] [Server thread/INFO]: [STDOUT]: SERVER request state: RUNNING
[14:55:01] [Server thread/INFO]: [STDOUT]: SERVER enter state: RUNNING
[14:55:02] [Server thread/INFO]: <morgan> Quitting mission
[14:55:02] [Client thread/INFO]: [STDOUT]: CLIENT request state: IDLING
[14:55:02] [Client thread/INFO]: [STDOUT]: CLIENT enter state: IDLING
[14:55:02] [Client thread/INFO]: [CHAT] <morgan> Quitting mission
[14:55:02] [Server thread/INFO]: [STDOUT]: SERVER request state: WAITING_FOR_AGENTS_TO_QUIT
[14:55:02] [Server thread/INFO]: [STDOUT]: SERVER enter state: WAITING_FOR_AGENTS_TO_QUIT
[14:55:02] [Client thread/INFO]: [STDOUT]: CLIENT request state: MISSION_ENDED
[14:55:02] [Client thread/INFO]: [STDOUT]: CLIENT enter state: MISSION_ENDED
[14:55:02] [Client thread/INFO]: [STDOUT]: Sending mission ended message to kubernetes.docker.internal:10812.
[14:55:02] [Client thread/INFO]: [STDOUT]: CLIENT request state: WAITING_FOR_SERVER_MISSION_END
[14:55:02] [Client thread/INFO]: [STDOUT]: CLIENT enter state: WAITING_FOR_SERVER_MISSION_END
[14:55:02] [Server thread/INFO]: [STDOUT]: SERVER request state: CLEAN_UP
[14:55:02] [Server thread/INFO]: [STDOUT]: SERVER enter state: CLEAN_UP
[14:55:02] [Server thread/INFO]: [STDOUT]: SERVER request state: DORMANT
[14:55:02] [Client thread/INFO]: [STDOUT]: CLIENT request state: DORMANT
[14:55:02] [Client thread/INFO]: [STDOUT]: CLIENT enter state: DORMANT
[14:55:02] [Client thread/INFO]: [STDOUT]: JETTISONING 0 COMMANDS
[14:55:02] [Server thread/INFO]: [STDOUT]: SERVER enter state: DORMANT
[14:55:03] [Thread-394/INFO]: [STDOUT]: Received from kubernetes.docker.internal:MALMO_REQUEST_CLIENT:0.37.0:20000:morgan
[14:55:03] [Thread-394/INFO]: [STDOUT]: ==== RES:  - 17439
[14:55:03] [Thread-394/INFO]: [STDOUT]: REPLYING WITH: MALMOOK
[14:55:03] [Thread-396/INFO]: [STDOUT]: Received from kubernetes.docker.internal:<?xml version="1.0" encoding="utf-8"?><MissionInit xmlns="http://ProjectMalmo.microsoft.com" xmlns:xsi="http://www.w3.org/2001/XMLSchema-instance" SchemaVersion="" PlatformVersion="0.37.0"><Mission>                                    <About>                    <Summary>Food Search #14</Summary></About><ModSettings>                    <MsPerTick>100</MsPerTick></ModSettings><ServerSection>                                <ServerInitialConditions>                                                            <Time>                                                        <StartTime>6000</StartTime><AllowPassageOfTime>false</AllowPassageOfTime></Time><Weather>clear</Weather><AllowSpawning>false</AllowSpawning></ServerInitialConditions><ServerHandlers>                                                            <FlatWorldGenerator generatorString="3;7,220*1,5*3,2;3;,biome_1"/><DrawingDecorator>                                                                                                                                
[14:55:03] [Thread-396/INFO]: [STDOUT]: REPLYING WITH: MALMOOK
[14:55:03] [Client thread/INFO]: [STDOUT]: Mission received: Food Search #14
[14:55:03] [Client thread/INFO]: [STDOUT]: CLIENT request state: CREATING_HANDLERS
[14:55:03] [Client thread/INFO]: [STDOUT]: CLIENT enter state: CREATING_HANDLERS
[14:55:03] [Client thread/INFO]: [STDOUT]: CLIENT request state: EVALUATING_WORLD_REQUIREMENTS
[14:55:03] [Client thread/INFO]: [STDOUT]: CLIENT enter state: EVALUATING_WORLD_REQUIREMENTS
[14:55:03] [Client thread/INFO]: [STDOUT]: CLIENT request state: WAITING_FOR_SERVER_READY
[14:55:03] [Client thread/INFO]: [STDOUT]: CLIENT enter state: WAITING_FOR_SERVER_READY
[14:55:03] [Client thread/INFO]: [STDOUT]: ***Telling server we are ready - morgan
[14:55:03] [Server thread/INFO]: [STDOUT]: INCOMING MISSION: Received MissionInit directly through queue.
[14:55:03] [Server thread/INFO]: [STDOUT]: Mission received: Food Search #14
[14:55:03] [Server thread/INFO]: Received mission: §9Food Search #14
[14:55:03] [Server thread/INFO]: Source: §akubernetes.docker.internal
[14:55:03] [Server thread/INFO]: [STDOUT]: SERVER request state: BUILDING_WORLD
[14:55:03] [Server thread/INFO]: [STDOUT]: SERVER enter state: BUILDING_WORLD
[14:55:03] [Client thread/INFO]: [CHAT] Received mission: §9Food Search #14
[14:55:03] [Client thread/INFO]: [CHAT] Source: §akubernetes.docker.internal
[14:55:03] [Server thread/INFO]: [STDOUT]: SERVER request state: WAITING_FOR_AGENTS_TO_ASSEMBLE
[14:55:03] [Server thread/INFO]: [STDOUT]: SERVER enter state: WAITING_FOR_AGENTS_TO_ASSEMBLE
[14:55:03] [Server thread/INFO]: [STDOUT]: Experiment requires: 
[14:55:03] [Server thread/INFO]: [STDOUT]: >>>> morgan
[14:55:03] [Client thread/INFO]: [STDOUT]: ***Telling server we are ready - morgan
[14:55:03] [Client thread/INFO]: [STDOUT]: CLIENT request state: RUNNING
[14:55:03] [Client thread/INFO]: [STDOUT]: CLIENT enter state: RUNNING
[14:55:03] [Server thread/INFO]: [STDOUT]: SERVER request state: RUNNING
[14:55:03] [Server thread/INFO]: [STDOUT]: SERVER enter state: RUNNING
[14:55:04] [Server thread/INFO]: <morgan> Quitting mission
[14:55:04] [Client thread/INFO]: [CHAT] <morgan> Quitting mission
[14:55:04] [Client thread/INFO]: [STDOUT]: CLIENT request state: IDLING
[14:55:04] [Client thread/INFO]: [STDOUT]: CLIENT enter state: IDLING
[14:55:04] [Server thread/INFO]: [STDOUT]: SERVER request state: WAITING_FOR_AGENTS_TO_QUIT
[14:55:04] [Server thread/INFO]: [STDOUT]: SERVER enter state: WAITING_FOR_AGENTS_TO_QUIT
[14:55:04] [Client thread/INFO]: [STDOUT]: CLIENT request state: MISSION_ENDED
[14:55:04] [Client thread/INFO]: [STDOUT]: CLIENT enter state: MISSION_ENDED
[14:55:04] [Client thread/INFO]: [STDOUT]: Sending mission ended message to kubernetes.docker.internal:10375.
[14:55:04] [Client thread/INFO]: [STDOUT]: CLIENT request state: WAITING_FOR_SERVER_MISSION_END
[14:55:04] [Client thread/INFO]: [STDOUT]: CLIENT enter state: WAITING_FOR_SERVER_MISSION_END
[14:55:04] [Server thread/INFO]: [STDOUT]: SERVER request state: CLEAN_UP
[14:55:04] [Client thread/INFO]: [STDOUT]: CLIENT request state: DORMANT
[14:55:04] [Server thread/INFO]: [STDOUT]: SERVER enter state: CLEAN_UP
[14:55:04] [Server thread/INFO]: [STDOUT]: SERVER request state: DORMANT
[14:55:04] [Client thread/INFO]: [STDOUT]: CLIENT enter state: DORMANT
[14:55:04] [Client thread/INFO]: [STDOUT]: JETTISONING 0 COMMANDS
[14:55:04] [Server thread/INFO]: [STDOUT]: SERVER enter state: DORMANT
[14:55:05] [Thread-400/INFO]: [STDOUT]: Received from kubernetes.docker.internal:MALMO_REQUEST_CLIENT:0.37.0:20000:morgan
[14:55:05] [Thread-400/INFO]: [STDOUT]: ==== RES:  - 17763
[14:55:05] [Thread-400/INFO]: [STDOUT]: REPLYING WITH: MALMOOK
[14:55:05] [Thread-402/INFO]: [STDOUT]: Received from kubernetes.docker.internal:<?xml version="1.0" encoding="utf-8"?><MissionInit xmlns="http://ProjectMalmo.microsoft.com" xmlns:xsi="http://www.w3.org/2001/XMLSchema-instance" SchemaVersion="" PlatformVersion="0.37.0"><Mission>                                    <About>                    <Summary>Food Search #15</Summary></About><ModSettings>                    <MsPerTick>100</MsPerTick></ModSettings><ServerSection>                                <ServerInitialConditions>                                                            <Time>                                                        <StartTime>6000</StartTime><AllowPassageOfTime>false</AllowPassageOfTime></Time><Weather>clear</Weather><AllowSpawning>false</AllowSpawning></ServerInitialConditions><ServerHandlers>                                                            <FlatWorldGenerator generatorString="3;7,220*1,5*3,2;3;,biome_1"/><DrawingDecorator>                                                                                                                                
[14:55:05] [Thread-402/INFO]: [STDOUT]: REPLYING WITH: MALMOOK
[14:55:05] [Client thread/INFO]: [STDOUT]: Mission received: Food Search #15
[14:55:05] [Client thread/INFO]: [STDOUT]: CLIENT request state: CREATING_HANDLERS
[14:55:05] [Client thread/INFO]: [STDOUT]: CLIENT enter state: CREATING_HANDLERS
[14:55:05] [Client thread/INFO]: [STDOUT]: CLIENT request state: EVALUATING_WORLD_REQUIREMENTS
[14:55:05] [Client thread/INFO]: [STDOUT]: CLIENT enter state: EVALUATING_WORLD_REQUIREMENTS
[14:55:05] [Client thread/INFO]: [STDOUT]: CLIENT request state: WAITING_FOR_SERVER_READY
[14:55:05] [Server thread/INFO]: [STDOUT]: INCOMING MISSION: Received MissionInit directly through queue.
[14:55:05] [Server thread/INFO]: [STDOUT]: Mission received: Food Search #15
[14:55:05] [Server thread/INFO]: Received mission: §9Food Search #15
[14:55:05] [Server thread/INFO]: Source: §akubernetes.docker.internal
[14:55:05] [Server thread/INFO]: [STDOUT]: SERVER request state: BUILDING_WORLD
[14:55:05] [Server thread/INFO]: [STDOUT]: SERVER enter state: BUILDING_WORLD
[14:55:05] [Client thread/INFO]: [CHAT] Received mission: §9Food Search #15
[14:55:05] [Client thread/INFO]: [CHAT] Source: §akubernetes.docker.internal
[14:55:05] [Client thread/INFO]: [STDOUT]: CLIENT enter state: WAITING_FOR_SERVER_READY
[14:55:05] [Client thread/INFO]: [STDOUT]: ***Telling server we are ready - morgan
[14:55:05] [Server thread/INFO]: [STDOUT]: SERVER request state: WAITING_FOR_AGENTS_TO_ASSEMBLE
[14:55:05] [Server thread/INFO]: [STDOUT]: SERVER enter state: WAITING_FOR_AGENTS_TO_ASSEMBLE
[14:55:05] [Server thread/INFO]: [STDOUT]: Experiment requires: 
[14:55:05] [Server thread/INFO]: [STDOUT]: >>>> morgan
[14:55:06] [Client thread/INFO]: [STDOUT]: ***Telling server we are ready - morgan
[14:55:06] [Client thread/INFO]: [STDOUT]: CLIENT request state: RUNNING
[14:55:06] [Client thread/INFO]: [STDOUT]: CLIENT enter state: RUNNING
[14:55:06] [Server thread/INFO]: [STDOUT]: SERVER request state: RUNNING
[14:55:06] [Server thread/INFO]: [STDOUT]: SERVER enter state: RUNNING
[14:55:07] [Server thread/INFO]: <morgan> Quitting mission
[14:55:07] [Client thread/INFO]: [STDOUT]: CLIENT request state: IDLING
[14:55:07] [Client thread/INFO]: [STDOUT]: CLIENT enter state: IDLING
[14:55:07] [Client thread/INFO]: [CHAT] <morgan> Quitting mission
[14:55:07] [Server thread/INFO]: [STDOUT]: SERVER request state: WAITING_FOR_AGENTS_TO_QUIT
[14:55:07] [Server thread/INFO]: [STDOUT]: SERVER enter state: WAITING_FOR_AGENTS_TO_QUIT
[14:55:07] [Client thread/INFO]: [STDOUT]: CLIENT request state: MISSION_ENDED
[14:55:07] [Client thread/INFO]: [STDOUT]: CLIENT enter state: MISSION_ENDED
[14:55:07] [Client thread/INFO]: [STDOUT]: Sending mission ended message to kubernetes.docker.internal:10293.
[14:55:07] [Client thread/INFO]: [STDOUT]: CLIENT request state: WAITING_FOR_SERVER_MISSION_END
[14:55:07] [Client thread/INFO]: [STDOUT]: CLIENT enter state: WAITING_FOR_SERVER_MISSION_END
[14:55:07] [Server thread/INFO]: [STDOUT]: SERVER request state: CLEAN_UP
[14:55:07] [Server thread/INFO]: [STDOUT]: SERVER enter state: CLEAN_UP
[14:55:07] [Server thread/INFO]: [STDOUT]: SERVER request state: DORMANT
[14:55:07] [Client thread/INFO]: [STDOUT]: CLIENT request state: DORMANT
[14:55:07] [Client thread/INFO]: [STDOUT]: CLIENT enter state: DORMANT
[14:55:07] [Client thread/INFO]: [STDOUT]: JETTISONING 0 COMMANDS
[14:55:07] [Server thread/INFO]: [STDOUT]: SERVER enter state: DORMANT
[14:55:08] [Thread-406/INFO]: [STDOUT]: Received from kubernetes.docker.internal:MALMO_REQUEST_CLIENT:0.37.0:20000:morgan
[14:55:08] [Thread-406/INFO]: [STDOUT]: ==== RES:  - 17550
[14:55:08] [Thread-406/INFO]: [STDOUT]: REPLYING WITH: MALMOOK
[14:55:08] [Thread-408/INFO]: [STDOUT]: Received from kubernetes.docker.internal:<?xml version="1.0" encoding="utf-8"?><MissionInit xmlns="http://ProjectMalmo.microsoft.com" xmlns:xsi="http://www.w3.org/2001/XMLSchema-instance" SchemaVersion="" PlatformVersion="0.37.0"><Mission>                                    <About>                    <Summary>Food Search #16</Summary></About><ModSettings>                    <MsPerTick>100</MsPerTick></ModSettings><ServerSection>                                <ServerInitialConditions>                                                            <Time>                                                        <StartTime>6000</StartTime><AllowPassageOfTime>false</AllowPassageOfTime></Time><Weather>clear</Weather><AllowSpawning>false</AllowSpawning></ServerInitialConditions><ServerHandlers>                                                            <FlatWorldGenerator generatorString="3;7,220*1,5*3,2;3;,biome_1"/><DrawingDecorator>                                                                                                                                
[14:55:08] [Thread-408/INFO]: [STDOUT]: REPLYING WITH: MALMOOK
[14:55:08] [Client thread/INFO]: [STDOUT]: Mission received: Food Search #16
[14:55:08] [Client thread/INFO]: [STDOUT]: CLIENT request state: CREATING_HANDLERS
[14:55:08] [Client thread/INFO]: [STDOUT]: CLIENT enter state: CREATING_HANDLERS
[14:55:08] [Client thread/INFO]: [STDOUT]: CLIENT request state: EVALUATING_WORLD_REQUIREMENTS
[14:55:08] [Client thread/INFO]: [STDOUT]: CLIENT enter state: EVALUATING_WORLD_REQUIREMENTS
[14:55:08] [Client thread/INFO]: [STDOUT]: CLIENT request state: WAITING_FOR_SERVER_READY
[14:55:08] [Server thread/INFO]: [STDOUT]: INCOMING MISSION: Received MissionInit directly through queue.
[14:55:08] [Server thread/INFO]: [STDOUT]: Mission received: Food Search #16
[14:55:08] [Server thread/INFO]: Received mission: §9Food Search #16
[14:55:08] [Server thread/INFO]: Source: §akubernetes.docker.internal
[14:55:08] [Server thread/INFO]: [STDOUT]: SERVER request state: BUILDING_WORLD
[14:55:08] [Server thread/INFO]: [STDOUT]: SERVER enter state: BUILDING_WORLD
[14:55:08] [Client thread/INFO]: [CHAT] Received mission: §9Food Search #16
[14:55:08] [Client thread/INFO]: [CHAT] Source: §akubernetes.docker.internal
[14:55:08] [Client thread/INFO]: [STDOUT]: CLIENT enter state: WAITING_FOR_SERVER_READY
[14:55:08] [Client thread/INFO]: [STDOUT]: ***Telling server we are ready - morgan
[14:55:08] [Server thread/INFO]: [STDOUT]: SERVER request state: WAITING_FOR_AGENTS_TO_ASSEMBLE
[14:55:08] [Server thread/INFO]: [STDOUT]: SERVER enter state: WAITING_FOR_AGENTS_TO_ASSEMBLE
[14:55:08] [Server thread/INFO]: [STDOUT]: Experiment requires: 
[14:55:08] [Server thread/INFO]: [STDOUT]: >>>> morgan
[14:55:08] [Client thread/INFO]: [STDOUT]: ***Telling server we are ready - morgan
[14:55:08] [Client thread/INFO]: [STDOUT]: CLIENT request state: RUNNING
[14:55:08] [Client thread/INFO]: [STDOUT]: CLIENT enter state: RUNNING
[14:55:08] [Server thread/INFO]: [STDOUT]: SERVER request state: RUNNING
[14:55:08] [Server thread/INFO]: [STDOUT]: SERVER enter state: RUNNING
[14:55:09] [Server thread/INFO]: <morgan> Quitting mission
[14:55:09] [Client thread/INFO]: [CHAT] <morgan> Quitting mission
[14:55:09] [Client thread/INFO]: [STDOUT]: CLIENT request state: IDLING
[14:55:09] [Client thread/INFO]: [STDOUT]: CLIENT enter state: IDLING
[14:55:09] [Server thread/INFO]: [STDOUT]: SERVER request state: WAITING_FOR_AGENTS_TO_QUIT
[14:55:09] [Server thread/INFO]: [STDOUT]: SERVER enter state: WAITING_FOR_AGENTS_TO_QUIT
[14:55:09] [Client thread/INFO]: [STDOUT]: CLIENT request state: MISSION_ENDED
[14:55:09] [Client thread/INFO]: [STDOUT]: CLIENT enter state: MISSION_ENDED
[14:55:09] [Client thread/INFO]: [STDOUT]: Sending mission ended message to kubernetes.docker.internal:10903.
[14:55:09] [Client thread/INFO]: [STDOUT]: CLIENT request state: WAITING_FOR_SERVER_MISSION_END
[14:55:09] [Client thread/INFO]: [STDOUT]: CLIENT enter state: WAITING_FOR_SERVER_MISSION_END
[14:55:09] [Server thread/INFO]: [STDOUT]: SERVER request state: CLEAN_UP
[14:55:09] [Client thread/INFO]: [STDOUT]: CLIENT request state: DORMANT
[14:55:09] [Server thread/INFO]: [STDOUT]: SERVER enter state: CLEAN_UP
[14:55:09] [Server thread/INFO]: [STDOUT]: SERVER request state: DORMANT
[14:55:09] [Client thread/INFO]: [STDOUT]: CLIENT enter state: DORMANT
[14:55:09] [Client thread/INFO]: [STDOUT]: JETTISONING 0 COMMANDS
[14:55:09] [Server thread/INFO]: [STDOUT]: SERVER enter state: DORMANT
[14:55:10] [Thread-412/INFO]: [STDOUT]: Received from kubernetes.docker.internal:MALMO_REQUEST_CLIENT:0.37.0:20000:morgan
[14:55:10] [Thread-412/INFO]: [STDOUT]: ==== RES:  - 17613
[14:55:10] [Thread-412/INFO]: [STDOUT]: REPLYING WITH: MALMOOK
[14:55:10] [Thread-414/INFO]: [STDOUT]: Received from kubernetes.docker.internal:<?xml version="1.0" encoding="utf-8"?><MissionInit xmlns="http://ProjectMalmo.microsoft.com" xmlns:xsi="http://www.w3.org/2001/XMLSchema-instance" SchemaVersion="" PlatformVersion="0.37.0"><Mission>                                    <About>                    <Summary>Food Search #17</Summary></About><ModSettings>                    <MsPerTick>100</MsPerTick></ModSettings><ServerSection>                                <ServerInitialConditions>                                                            <Time>                                                        <StartTime>6000</StartTime><AllowPassageOfTime>false</AllowPassageOfTime></Time><Weather>clear</Weather><AllowSpawning>false</AllowSpawning></ServerInitialConditions><ServerHandlers>                                                            <FlatWorldGenerator generatorString="3;7,220*1,5*3,2;3;,biome_1"/><DrawingDecorator>                                                                                                                                
[14:55:10] [Thread-414/INFO]: [STDOUT]: REPLYING WITH: MALMOOK
[14:55:10] [Client thread/INFO]: [STDOUT]: Mission received: Food Search #17
[14:55:10] [Client thread/INFO]: [STDOUT]: CLIENT request state: CREATING_HANDLERS
[14:55:10] [Client thread/INFO]: [STDOUT]: CLIENT enter state: CREATING_HANDLERS
[14:55:10] [Client thread/INFO]: [STDOUT]: CLIENT request state: EVALUATING_WORLD_REQUIREMENTS
[14:55:10] [Client thread/INFO]: [STDOUT]: CLIENT enter state: EVALUATING_WORLD_REQUIREMENTS
[14:55:10] [Client thread/INFO]: [STDOUT]: CLIENT request state: WAITING_FOR_SERVER_READY
[14:55:10] [Server thread/INFO]: [STDOUT]: INCOMING MISSION: Received MissionInit directly through queue.
[14:55:10] [Server thread/INFO]: [STDOUT]: Mission received: Food Search #17
[14:55:10] [Server thread/INFO]: Received mission: §9Food Search #17
[14:55:10] [Server thread/INFO]: Source: §akubernetes.docker.internal
[14:55:10] [Server thread/INFO]: [STDOUT]: SERVER request state: BUILDING_WORLD
[14:55:10] [Server thread/INFO]: [STDOUT]: SERVER enter state: BUILDING_WORLD
[14:55:10] [Client thread/INFO]: [CHAT] Received mission: §9Food Search #17
[14:55:10] [Client thread/INFO]: [CHAT] Source: §akubernetes.docker.internal
[14:55:10] [Server thread/INFO]: [STDOUT]: SERVER request state: WAITING_FOR_AGENTS_TO_ASSEMBLE
[14:55:10] [Client thread/INFO]: [STDOUT]: CLIENT enter state: WAITING_FOR_SERVER_READY
[14:55:10] [Client thread/INFO]: [STDOUT]: ***Telling server we are ready - morgan
[14:55:10] [Server thread/INFO]: [STDOUT]: SERVER enter state: WAITING_FOR_AGENTS_TO_ASSEMBLE
[14:55:10] [Server thread/INFO]: [STDOUT]: Experiment requires: 
[14:55:10] [Server thread/INFO]: [STDOUT]: >>>> morgan
[14:55:10] [Client thread/INFO]: [STDOUT]: ***Telling server we are ready - morgan
[14:55:10] [Client thread/INFO]: [STDOUT]: CLIENT request state: RUNNING
[14:55:10] [Client thread/INFO]: [STDOUT]: CLIENT enter state: RUNNING
[14:55:10] [Server thread/INFO]: [STDOUT]: SERVER request state: RUNNING
[14:55:10] [Server thread/INFO]: [STDOUT]: SERVER enter state: RUNNING
[14:55:11] [Server thread/INFO]: <morgan> Quitting mission
[14:55:11] [Client thread/INFO]: [CHAT] <morgan> Quitting mission
[14:55:11] [Client thread/INFO]: [STDOUT]: CLIENT request state: IDLING
[14:55:11] [Client thread/INFO]: [STDOUT]: CLIENT enter state: IDLING
[14:55:12] [Server thread/INFO]: [STDOUT]: SERVER request state: WAITING_FOR_AGENTS_TO_QUIT
[14:55:12] [Server thread/INFO]: [STDOUT]: SERVER enter state: WAITING_FOR_AGENTS_TO_QUIT
[14:55:12] [Client thread/INFO]: [STDOUT]: CLIENT request state: MISSION_ENDED
[14:55:12] [Client thread/INFO]: [STDOUT]: CLIENT enter state: MISSION_ENDED
[14:55:12] [Client thread/INFO]: [STDOUT]: Sending mission ended message to kubernetes.docker.internal:10578.
[14:55:12] [Client thread/INFO]: [STDOUT]: CLIENT request state: WAITING_FOR_SERVER_MISSION_END
[14:55:12] [Client thread/INFO]: [STDOUT]: CLIENT enter state: WAITING_FOR_SERVER_MISSION_END
[14:55:12] [Server thread/INFO]: [STDOUT]: SERVER request state: CLEAN_UP
[14:55:12] [Client thread/INFO]: [STDOUT]: CLIENT request state: DORMANT
[14:55:12] [Server thread/INFO]: [STDOUT]: SERVER enter state: CLEAN_UP
[14:55:12] [Server thread/INFO]: [STDOUT]: SERVER request state: DORMANT
[14:55:12] [Client thread/INFO]: [STDOUT]: CLIENT enter state: DORMANT
[14:55:12] [Client thread/INFO]: [STDOUT]: JETTISONING 0 COMMANDS
[14:55:12] [Server thread/INFO]: [STDOUT]: SERVER enter state: DORMANT
[14:55:12] [Thread-418/INFO]: [STDOUT]: Received from kubernetes.docker.internal:MALMO_REQUEST_CLIENT:0.37.0:20000:morgan
[14:55:12] [Thread-418/INFO]: [STDOUT]: ==== RES:  - 17712
[14:55:12] [Thread-418/INFO]: [STDOUT]: REPLYING WITH: MALMOOK
[14:55:12] [Thread-420/INFO]: [STDOUT]: Received from kubernetes.docker.internal:<?xml version="1.0" encoding="utf-8"?><MissionInit xmlns="http://ProjectMalmo.microsoft.com" xmlns:xsi="http://www.w3.org/2001/XMLSchema-instance" SchemaVersion="" PlatformVersion="0.37.0"><Mission>                                    <About>                    <Summary>Food Search #18</Summary></About><ModSettings>                    <MsPerTick>100</MsPerTick></ModSettings><ServerSection>                                <ServerInitialConditions>                                                            <Time>                                                        <StartTime>6000</StartTime><AllowPassageOfTime>false</AllowPassageOfTime></Time><Weather>clear</Weather><AllowSpawning>false</AllowSpawning></ServerInitialConditions><ServerHandlers>                                                            <FlatWorldGenerator generatorString="3;7,220*1,5*3,2;3;,biome_1"/><DrawingDecorator>                                                                                                                                
[14:55:12] [Thread-420/INFO]: [STDOUT]: REPLYING WITH: MALMOOK
[14:55:12] [Client thread/INFO]: [STDOUT]: Mission received: Food Search #18
[14:55:12] [Client thread/INFO]: [STDOUT]: CLIENT request state: CREATING_HANDLERS
[14:55:12] [Client thread/INFO]: [STDOUT]: CLIENT enter state: CREATING_HANDLERS
[14:55:12] [Client thread/INFO]: [STDOUT]: CLIENT request state: EVALUATING_WORLD_REQUIREMENTS
[14:55:12] [Client thread/INFO]: [STDOUT]: CLIENT enter state: EVALUATING_WORLD_REQUIREMENTS
[14:55:12] [Client thread/INFO]: [STDOUT]: CLIENT request state: WAITING_FOR_SERVER_READY
[14:55:12] [Client thread/INFO]: [STDOUT]: CLIENT enter state: WAITING_FOR_SERVER_READY
[14:55:12] [Client thread/INFO]: [STDOUT]: ***Telling server we are ready - morgan
[14:55:12] [Server thread/INFO]: [STDOUT]: INCOMING MISSION: Received MissionInit directly through queue.
[14:55:12] [Server thread/INFO]: [STDOUT]: Mission received: Food Search #18
[14:55:12] [Server thread/INFO]: Received mission: §9Food Search #18
[14:55:12] [Server thread/INFO]: Source: §akubernetes.docker.internal
[14:55:12] [Server thread/INFO]: [STDOUT]: SERVER request state: BUILDING_WORLD
[14:55:12] [Server thread/INFO]: [STDOUT]: SERVER enter state: BUILDING_WORLD
[14:55:12] [Client thread/INFO]: [CHAT] Received mission: §9Food Search #18
[14:55:12] [Client thread/INFO]: [CHAT] Source: §akubernetes.docker.internal
[14:55:12] [Server thread/INFO]: [STDOUT]: SERVER request state: WAITING_FOR_AGENTS_TO_ASSEMBLE
[14:55:12] [Server thread/INFO]: [STDOUT]: SERVER enter state: WAITING_FOR_AGENTS_TO_ASSEMBLE
[14:55:12] [Server thread/INFO]: [STDOUT]: Experiment requires: 
[14:55:12] [Server thread/INFO]: [STDOUT]: >>>> morgan
[14:55:13] [Client thread/INFO]: [STDOUT]: ***Telling server we are ready - morgan
[14:55:13] [Client thread/INFO]: [STDOUT]: CLIENT request state: RUNNING
[14:55:13] [Client thread/INFO]: [STDOUT]: CLIENT enter state: RUNNING
[14:55:13] [Server thread/INFO]: [STDOUT]: SERVER request state: RUNNING
[14:55:13] [Server thread/INFO]: [STDOUT]: SERVER enter state: RUNNING
[14:55:13] [Client thread/INFO]: [STDOUT]: SEVERE: <-vid(kubernetes.docker.internal:10128) Failed to send TCP bytes: java.util.concurrent.ExecutionException: java.io.IOException: An existing connection was forcibly closed by the remote host
[14:55:13] [Client thread/INFO]: [STDOUT]: SEVERE: <-obs(kubernetes.docker.internal:10594) Failed to send TCP bytes: java.util.concurrent.ExecutionException: java.io.IOException: An existing connection was forcibly closed by the remote host
[14:55:13] [Client thread/INFO]: [STDOUT]: SEVERE: <-obs(kubernetes.docker.internal:10594) Failed to send TCP bytes: java.util.concurrent.ExecutionException: java.nio.channels.ClosedChannelException
[14:55:13] [Client thread/INFO]: [STDOUT]: SEVERE: <-obs(kubernetes.docker.internal:10594) Failed to send TCP bytes: java.util.concurrent.ExecutionException: java.nio.channels.ClosedChannelException
[14:55:14] [Client thread/INFO]: [STDOUT]: SEVERE: <-obs(kubernetes.docker.internal:10594) Failed to send TCP bytes: java.util.concurrent.ExecutionException: java.nio.channels.ClosedChannelException
[14:55:14] [Client thread/INFO]: [STDOUT]: ERROR: TCP messages are not getting through - quitting mission.
[14:55:14] [Client thread/INFO]: [STDOUT]: CLIENT request state: IDLING
[14:55:14] [Client thread/INFO]: [STDOUT]: CLIENT enter state: IDLING
[14:55:14] [Server thread/INFO]: [STDOUT]: SERVER request state: WAITING_FOR_AGENTS_TO_QUIT
[14:55:14] [Server thread/INFO]: [STDOUT]: SERVER enter state: WAITING_FOR_AGENTS_TO_QUIT
[14:55:14] [Client thread/INFO]: [STDOUT]: CLIENT request state: MISSION_ENDED
[14:55:14] [Client thread/INFO]: [STDOUT]: CLIENT enter state: MISSION_ENDED
[14:55:14] [Client thread/INFO]: [STDOUT]: Sending mission ended message to kubernetes.docker.internal:10543.
[14:55:14] [Client thread/INFO]: [STDOUT]: SEVERE: <-mcp(kubernetes.docker.internal:10543) Failed to send TCP bytes: java.util.concurrent.ExecutionException: java.io.IOException: An existing connection was forcibly closed by the remote host
[14:55:14] [Client thread/INFO]: [STDOUT]: CLIENT request state: WAITING_FOR_SERVER_MISSION_END
[14:55:14] [Client thread/INFO]: [STDOUT]: CLIENT enter state: WAITING_FOR_SERVER_MISSION_END
[14:55:14] [Server thread/INFO]: [STDOUT]: SERVER request state: CLEAN_UP
[14:55:14] [Server thread/INFO]: [STDOUT]: SERVER enter state: CLEAN_UP
[14:55:14] [Server thread/INFO]: [STDOUT]: SERVER request state: DORMANT
[14:55:14] [Client thread/INFO]: [STDOUT]: CLIENT request state: DORMANT
[14:55:14] [Server thread/INFO]: [STDOUT]: SERVER enter state: DORMANT
[14:55:14] [Client thread/INFO]: [STDOUT]: CLIENT enter state: DORMANT
[14:55:14] [Client thread/INFO]: [STDOUT]: JETTISONING 0 COMMANDS
[14:55:14] [Thread-424/INFO]: [STDOUT]: Received from kubernetes.docker.internal:MALMO_REQUEST_CLIENT:0.37.0:20000:morgan
[14:55:14] [Thread-424/INFO]: [STDOUT]: ==== RES:  - 18000
[14:55:14] [Thread-424/INFO]: [STDOUT]: REPLYING WITH: MALMOOK
[14:55:14] [Thread-426/INFO]: [STDOUT]: Received from kubernetes.docker.internal:<?xml version="1.0" encoding="utf-8"?><MissionInit xmlns="http://ProjectMalmo.microsoft.com" xmlns:xsi="http://www.w3.org/2001/XMLSchema-instance" SchemaVersion="" PlatformVersion="0.37.0"><Mission>                                    <About>                    <Summary>Food Search #0</Summary></About><ModSettings>                    <MsPerTick>100</MsPerTick></ModSettings><ServerSection>                                <ServerInitialConditions>                                                            <Time>                                                        <StartTime>6000</StartTime><AllowPassageOfTime>false</AllowPassageOfTime></Time><Weather>clear</Weather><AllowSpawning>false</AllowSpawning></ServerInitialConditions><ServerHandlers>                                                            <FlatWorldGenerator generatorString="3;7,220*1,5*3,2;3;,biome_1"/><DrawingDecorator>                                                                                                                                 
[14:55:14] [Thread-426/INFO]: [STDOUT]: REPLYING WITH: MALMOOK
[14:55:14] [Client thread/INFO]: [STDOUT]: Mission received: Food Search #0
[14:55:14] [Client thread/INFO]: [STDOUT]: CLIENT request state: CREATING_HANDLERS
[14:55:14] [Client thread/INFO]: [STDOUT]: CLIENT enter state: CREATING_HANDLERS
[14:55:14] [Client thread/INFO]: [STDOUT]: CLIENT request state: EVALUATING_WORLD_REQUIREMENTS
[14:55:14] [Client thread/INFO]: [STDOUT]: CLIENT enter state: EVALUATING_WORLD_REQUIREMENTS
[14:55:14] [Client thread/INFO]: [STDOUT]: CLIENT request state: WAITING_FOR_SERVER_READY
[14:55:14] [Server thread/INFO]: [STDOUT]: INCOMING MISSION: Received MissionInit directly through queue.
[14:55:14] [Server thread/INFO]: [STDOUT]: Mission received: Food Search #0
[14:55:14] [Server thread/INFO]: Received mission: §9Food Search #0
[14:55:14] [Server thread/INFO]: Source: §akubernetes.docker.internal
[14:55:14] [Server thread/INFO]: [STDOUT]: SERVER request state: BUILDING_WORLD
[14:55:14] [Server thread/INFO]: [STDOUT]: SERVER enter state: BUILDING_WORLD
[14:55:14] [Client thread/INFO]: [CHAT] Received mission: §9Food Search #0
[14:55:14] [Client thread/INFO]: [CHAT] Source: §akubernetes.docker.internal
[14:55:14] [Client thread/INFO]: [STDOUT]: CLIENT enter state: WAITING_FOR_SERVER_READY
[14:55:14] [Client thread/INFO]: [STDOUT]: ***Telling server we are ready - morgan
[14:55:14] [Server thread/INFO]: [STDOUT]: SERVER request state: WAITING_FOR_AGENTS_TO_ASSEMBLE
[14:55:14] [Server thread/INFO]: [STDOUT]: SERVER enter state: WAITING_FOR_AGENTS_TO_ASSEMBLE
[14:55:14] [Server thread/INFO]: [STDOUT]: Experiment requires: 
[14:55:14] [Server thread/INFO]: [STDOUT]: >>>> morgan
[14:55:15] [Client thread/INFO]: [STDOUT]: ***Telling server we are ready - morgan
[14:55:15] [Client thread/INFO]: [STDOUT]: CLIENT request state: RUNNING
[14:55:15] [Client thread/INFO]: [STDOUT]: CLIENT enter state: RUNNING
[14:55:15] [Server thread/INFO]: [STDOUT]: SERVER request state: RUNNING
[14:55:15] [Server thread/INFO]: [STDOUT]: SERVER enter state: RUNNING
[14:55:27] [Server thread/INFO]: <morgan> Quitting mission
[14:55:27] [Client thread/INFO]: [STDOUT]: CLIENT request state: IDLING
[14:55:27] [Client thread/INFO]: [STDOUT]: CLIENT enter state: IDLING
[14:55:27] [Client thread/INFO]: [CHAT] <morgan> Quitting mission
[14:55:27] [Server thread/INFO]: [STDOUT]: SERVER request state: WAITING_FOR_AGENTS_TO_QUIT
[14:55:27] [Server thread/INFO]: [STDOUT]: SERVER enter state: WAITING_FOR_AGENTS_TO_QUIT
[14:55:27] [Client thread/INFO]: [STDOUT]: CLIENT request state: MISSION_ENDED
[14:55:27] [Client thread/INFO]: [STDOUT]: CLIENT enter state: MISSION_ENDED
[14:55:27] [Client thread/INFO]: [STDOUT]: Sending mission ended message to kubernetes.docker.internal:10423.
[14:55:27] [Client thread/INFO]: [STDOUT]: CLIENT request state: WAITING_FOR_SERVER_MISSION_END
[14:55:27] [Client thread/INFO]: [STDOUT]: CLIENT enter state: WAITING_FOR_SERVER_MISSION_END
[14:55:27] [Server thread/INFO]: [STDOUT]: SERVER request state: CLEAN_UP
[14:55:27] [Server thread/INFO]: [STDOUT]: SERVER enter state: CLEAN_UP
[14:55:27] [Server thread/INFO]: [STDOUT]: SERVER request state: DORMANT
[14:55:27] [Client thread/INFO]: [STDOUT]: CLIENT request state: DORMANT
[14:55:27] [Client thread/INFO]: [STDOUT]: CLIENT enter state: DORMANT
[14:55:27] [Client thread/INFO]: [STDOUT]: JETTISONING 0 COMMANDS
[14:55:27] [Server thread/INFO]: [STDOUT]: SERVER enter state: DORMANT
[14:55:28] [Thread-430/INFO]: [STDOUT]: Received from kubernetes.docker.internal:MALMO_REQUEST_CLIENT:0.37.0:20000:morgan
[14:55:28] [Thread-430/INFO]: [STDOUT]: ==== RES:  - 6264
[14:55:28] [Thread-430/INFO]: [STDOUT]: REPLYING WITH: MALMOOK
[14:55:28] [Thread-432/INFO]: [STDOUT]: Received from kubernetes.docker.internal:<?xml version="1.0" encoding="utf-8"?><MissionInit xmlns="http://ProjectMalmo.microsoft.com" xmlns:xsi="http://www.w3.org/2001/XMLSchema-instance" SchemaVersion="" PlatformVersion="0.37.0"><Mission>                                    <About>                    <Summary>Food Search #1</Summary></About><ModSettings>                    <MsPerTick>100</MsPerTick></ModSettings><ServerSection>                                <ServerInitialConditions>                                                            <Time>                                                        <StartTime>6000</StartTime><AllowPassageOfTime>false</AllowPassageOfTime></Time><Weather>clear</Weather><AllowSpawning>false</AllowSpawning></ServerInitialConditions><ServerHandlers>                                                            <FlatWorldGenerator generatorString="3;7,220*1,5*3,2;3;,biome_1"/><DrawingDecorator>                                                                                                                                 
[14:55:28] [Thread-432/INFO]: [STDOUT]: REPLYING WITH: MALMOOK
[14:55:28] [Client thread/INFO]: [STDOUT]: Mission received: Food Search #1
[14:55:28] [Client thread/INFO]: [STDOUT]: CLIENT request state: CREATING_HANDLERS
[14:55:28] [Client thread/INFO]: [STDOUT]: CLIENT enter state: CREATING_HANDLERS
[14:55:28] [Client thread/INFO]: [STDOUT]: CLIENT request state: EVALUATING_WORLD_REQUIREMENTS
[14:55:28] [Client thread/INFO]: [STDOUT]: CLIENT enter state: EVALUATING_WORLD_REQUIREMENTS
[14:55:28] [Client thread/INFO]: [STDOUT]: CLIENT request state: WAITING_FOR_SERVER_READY
[14:55:28] [Server thread/INFO]: [STDOUT]: INCOMING MISSION: Received MissionInit directly through queue.
[14:55:28] [Server thread/INFO]: [STDOUT]: Mission received: Food Search #1
[14:55:28] [Server thread/INFO]: Received mission: §9Food Search #1
[14:55:28] [Server thread/INFO]: Source: §akubernetes.docker.internal
[14:55:28] [Server thread/INFO]: [STDOUT]: SERVER request state: BUILDING_WORLD
[14:55:28] [Server thread/INFO]: [STDOUT]: SERVER enter state: BUILDING_WORLD
[14:55:28] [Client thread/INFO]: [CHAT] Received mission: §9Food Search #1
[14:55:28] [Client thread/INFO]: [CHAT] Source: §akubernetes.docker.internal
[14:55:28] [Client thread/INFO]: [STDOUT]: CLIENT enter state: WAITING_FOR_SERVER_READY
[14:55:28] [Client thread/INFO]: [STDOUT]: ***Telling server we are ready - morgan
[14:55:28] [Server thread/INFO]: [STDOUT]: SERVER request state: WAITING_FOR_AGENTS_TO_ASSEMBLE
[14:55:28] [Server thread/INFO]: [STDOUT]: SERVER enter state: WAITING_FOR_AGENTS_TO_ASSEMBLE
[14:55:28] [Server thread/INFO]: [STDOUT]: Experiment requires: 
[14:55:28] [Server thread/INFO]: [STDOUT]: >>>> morgan
[14:55:28] [Client thread/INFO]: [STDOUT]: ***Telling server we are ready - morgan
[14:55:28] [Client thread/INFO]: [STDOUT]: CLIENT request state: RUNNING
[14:55:28] [Client thread/INFO]: [STDOUT]: CLIENT enter state: RUNNING
[14:55:28] [Server thread/INFO]: [STDOUT]: SERVER request state: RUNNING
[14:55:28] [Server thread/INFO]: [STDOUT]: SERVER enter state: RUNNING
[14:55:30] [Server thread/INFO]: <morgan> Quitting mission
[14:55:30] [Client thread/INFO]: [STDOUT]: CLIENT request state: IDLING
[14:55:30] [Client thread/INFO]: [STDOUT]: CLIENT enter state: IDLING
[14:55:30] [Client thread/INFO]: [CHAT] <morgan> Quitting mission
[14:55:30] [Server thread/INFO]: [STDOUT]: SERVER request state: WAITING_FOR_AGENTS_TO_QUIT
[14:55:30] [Server thread/INFO]: [STDOUT]: SERVER enter state: WAITING_FOR_AGENTS_TO_QUIT
[14:55:30] [Client thread/INFO]: [STDOUT]: CLIENT request state: MISSION_ENDED
[14:55:30] [Client thread/INFO]: [STDOUT]: CLIENT enter state: MISSION_ENDED
[14:55:30] [Client thread/INFO]: [STDOUT]: Sending mission ended message to kubernetes.docker.internal:10742.
[14:55:30] [Client thread/INFO]: [STDOUT]: CLIENT request state: WAITING_FOR_SERVER_MISSION_END
[14:55:30] [Client thread/INFO]: [STDOUT]: CLIENT enter state: WAITING_FOR_SERVER_MISSION_END
[14:55:30] [Server thread/INFO]: [STDOUT]: SERVER request state: CLEAN_UP
[14:55:30] [Server thread/INFO]: [STDOUT]: SERVER enter state: CLEAN_UP
[14:55:30] [Server thread/INFO]: [STDOUT]: SERVER request state: DORMANT
[14:55:30] [Client thread/INFO]: [STDOUT]: CLIENT request state: DORMANT
[14:55:30] [Client thread/INFO]: [STDOUT]: CLIENT enter state: DORMANT
[14:55:30] [Client thread/INFO]: [STDOUT]: JETTISONING 0 COMMANDS
[14:55:30] [Server thread/INFO]: [STDOUT]: SERVER enter state: DORMANT
[14:55:30] [Thread-436/INFO]: [STDOUT]: Received from kubernetes.docker.internal:MALMO_REQUEST_CLIENT:0.37.0:20000:morgan
[14:55:30] [Thread-436/INFO]: [STDOUT]: ==== RES:  - 17495
[14:55:30] [Thread-436/INFO]: [STDOUT]: REPLYING WITH: MALMOOK
[14:55:31] [Thread-438/INFO]: [STDOUT]: Received from kubernetes.docker.internal:<?xml version="1.0" encoding="utf-8"?><MissionInit xmlns="http://ProjectMalmo.microsoft.com" xmlns:xsi="http://www.w3.org/2001/XMLSchema-instance" SchemaVersion="" PlatformVersion="0.37.0"><Mission>                                    <About>                    <Summary>Food Search #2</Summary></About><ModSettings>                    <MsPerTick>100</MsPerTick></ModSettings><ServerSection>                                <ServerInitialConditions>                                                            <Time>                                                        <StartTime>6000</StartTime><AllowPassageOfTime>false</AllowPassageOfTime></Time><Weather>clear</Weather><AllowSpawning>false</AllowSpawning></ServerInitialConditions><ServerHandlers>                                                            <FlatWorldGenerator generatorString="3;7,220*1,5*3,2;3;,biome_1"/><DrawingDecorator>                                                                                                                                 
[14:55:31] [Thread-438/INFO]: [STDOUT]: REPLYING WITH: MALMOOK
[14:55:31] [Client thread/INFO]: [STDOUT]: Mission received: Food Search #2
[14:55:31] [Client thread/INFO]: [STDOUT]: CLIENT request state: CREATING_HANDLERS
[14:55:31] [Client thread/INFO]: [STDOUT]: CLIENT enter state: CREATING_HANDLERS
[14:55:31] [Client thread/INFO]: [STDOUT]: CLIENT request state: EVALUATING_WORLD_REQUIREMENTS
[14:55:31] [Client thread/INFO]: [STDOUT]: CLIENT enter state: EVALUATING_WORLD_REQUIREMENTS
[14:55:31] [Client thread/INFO]: [STDOUT]: CLIENT request state: WAITING_FOR_SERVER_READY
[14:55:31] [Server thread/INFO]: [STDOUT]: INCOMING MISSION: Received MissionInit directly through queue.
[14:55:31] [Server thread/INFO]: [STDOUT]: Mission received: Food Search #2
[14:55:31] [Server thread/INFO]: Received mission: §9Food Search #2
[14:55:31] [Server thread/INFO]: Source: §akubernetes.docker.internal
[14:55:31] [Server thread/INFO]: [STDOUT]: SERVER request state: BUILDING_WORLD
[14:55:31] [Server thread/INFO]: [STDOUT]: SERVER enter state: BUILDING_WORLD
[14:55:31] [Client thread/INFO]: [CHAT] Received mission: §9Food Search #2
[14:55:31] [Client thread/INFO]: [CHAT] Source: §akubernetes.docker.internal
[14:55:31] [Client thread/INFO]: [STDOUT]: CLIENT enter state: WAITING_FOR_SERVER_READY
[14:55:31] [Client thread/INFO]: [STDOUT]: ***Telling server we are ready - morgan
[14:55:31] [Server thread/INFO]: [STDOUT]: SERVER request state: WAITING_FOR_AGENTS_TO_ASSEMBLE
[14:55:31] [Server thread/INFO]: [STDOUT]: SERVER enter state: WAITING_FOR_AGENTS_TO_ASSEMBLE
[14:55:31] [Server thread/INFO]: [STDOUT]: Experiment requires: 
[14:55:31] [Server thread/INFO]: [STDOUT]: >>>> morgan
[14:55:31] [Client thread/INFO]: [STDOUT]: ***Telling server we are ready - morgan
[14:55:31] [Client thread/INFO]: [STDOUT]: CLIENT request state: RUNNING
[14:55:31] [Client thread/INFO]: [STDOUT]: CLIENT enter state: RUNNING
[14:55:31] [Server thread/INFO]: [STDOUT]: SERVER request state: RUNNING
[14:55:31] [Server thread/INFO]: [STDOUT]: SERVER enter state: RUNNING
[14:55:32] [Server thread/INFO]: <morgan> Quitting mission
[14:55:32] [Client thread/INFO]: [STDOUT]: CLIENT request state: IDLING
[14:55:32] [Client thread/INFO]: [STDOUT]: CLIENT enter state: IDLING
[14:55:32] [Client thread/INFO]: [CHAT] <morgan> Quitting mission
[14:55:32] [Server thread/INFO]: [STDOUT]: SERVER request state: WAITING_FOR_AGENTS_TO_QUIT
[14:55:32] [Server thread/INFO]: [STDOUT]: SERVER enter state: WAITING_FOR_AGENTS_TO_QUIT
[14:55:32] [Client thread/INFO]: [STDOUT]: CLIENT request state: MISSION_ENDED
[14:55:32] [Client thread/INFO]: [STDOUT]: CLIENT enter state: MISSION_ENDED
[14:55:32] [Client thread/INFO]: [STDOUT]: Sending mission ended message to kubernetes.docker.internal:10583.
[14:55:32] [Client thread/INFO]: [STDOUT]: CLIENT request state: WAITING_FOR_SERVER_MISSION_END
[14:55:32] [Client thread/INFO]: [STDOUT]: CLIENT enter state: WAITING_FOR_SERVER_MISSION_END
[14:55:32] [Server thread/INFO]: [STDOUT]: SERVER request state: CLEAN_UP
[14:55:32] [Server thread/INFO]: [STDOUT]: SERVER enter state: CLEAN_UP
[14:55:32] [Server thread/INFO]: [STDOUT]: SERVER request state: DORMANT
[14:55:32] [Client thread/INFO]: [STDOUT]: CLIENT request state: DORMANT
[14:55:32] [Client thread/INFO]: [STDOUT]: CLIENT enter state: DORMANT
[14:55:32] [Client thread/INFO]: [STDOUT]: JETTISONING 0 COMMANDS
[14:55:33] [Server thread/INFO]: [STDOUT]: SERVER enter state: DORMANT
[14:55:33] [Thread-442/INFO]: [STDOUT]: Received from kubernetes.docker.internal:MALMO_REQUEST_CLIENT:0.37.0:20000:morgan
[14:55:33] [Thread-442/INFO]: [STDOUT]: ==== RES:  - 17399
[14:55:33] [Thread-442/INFO]: [STDOUT]: REPLYING WITH: MALMOOK
[14:55:33] [Thread-444/INFO]: [STDOUT]: Received from kubernetes.docker.internal:<?xml version="1.0" encoding="utf-8"?><MissionInit xmlns="http://ProjectMalmo.microsoft.com" xmlns:xsi="http://www.w3.org/2001/XMLSchema-instance" SchemaVersion="" PlatformVersion="0.37.0"><Mission>                                    <About>                    <Summary>Food Search #3</Summary></About><ModSettings>                    <MsPerTick>100</MsPerTick></ModSettings><ServerSection>                                <ServerInitialConditions>                                                            <Time>                                                        <StartTime>6000</StartTime><AllowPassageOfTime>false</AllowPassageOfTime></Time><Weather>clear</Weather><AllowSpawning>false</AllowSpawning></ServerInitialConditions><ServerHandlers>                                                            <FlatWorldGenerator generatorString="3;7,220*1,5*3,2;3;,biome_1"/><DrawingDecorator>                                                                                                                                 
[14:55:33] [Thread-444/INFO]: [STDOUT]: REPLYING WITH: MALMOOK
[14:55:33] [Client thread/INFO]: [STDOUT]: Mission received: Food Search #3
[14:55:33] [Client thread/INFO]: [STDOUT]: CLIENT request state: CREATING_HANDLERS
[14:55:33] [Client thread/INFO]: [STDOUT]: CLIENT enter state: CREATING_HANDLERS
[14:55:33] [Client thread/INFO]: [STDOUT]: CLIENT request state: EVALUATING_WORLD_REQUIREMENTS
[14:55:33] [Client thread/INFO]: [STDOUT]: CLIENT enter state: EVALUATING_WORLD_REQUIREMENTS
[14:55:33] [Client thread/INFO]: [STDOUT]: CLIENT request state: WAITING_FOR_SERVER_READY
[14:55:33] [Server thread/INFO]: [STDOUT]: INCOMING MISSION: Received MissionInit directly through queue.
[14:55:33] [Server thread/INFO]: [STDOUT]: Mission received: Food Search #3
[14:55:33] [Server thread/INFO]: Received mission: §9Food Search #3
[14:55:33] [Server thread/INFO]: Source: §akubernetes.docker.internal
[14:55:33] [Server thread/INFO]: [STDOUT]: SERVER request state: BUILDING_WORLD
[14:55:33] [Server thread/INFO]: [STDOUT]: SERVER enter state: BUILDING_WORLD
[14:55:33] [Client thread/INFO]: [CHAT] Received mission: §9Food Search #3
[14:55:33] [Client thread/INFO]: [CHAT] Source: §akubernetes.docker.internal
[14:55:33] [Client thread/INFO]: [STDOUT]: CLIENT enter state: WAITING_FOR_SERVER_READY
[14:55:33] [Client thread/INFO]: [STDOUT]: ***Telling server we are ready - morgan
[14:55:33] [Server thread/INFO]: [STDOUT]: SERVER request state: WAITING_FOR_AGENTS_TO_ASSEMBLE
[14:55:33] [Server thread/INFO]: [STDOUT]: SERVER enter state: WAITING_FOR_AGENTS_TO_ASSEMBLE
[14:55:33] [Server thread/INFO]: [STDOUT]: Experiment requires: 
[14:55:33] [Server thread/INFO]: [STDOUT]: >>>> morgan
[14:55:33] [Client thread/INFO]: [STDOUT]: ***Telling server we are ready - morgan
[14:55:34] [Client thread/INFO]: [STDOUT]: CLIENT request state: RUNNING
[14:55:34] [Client thread/INFO]: [STDOUT]: CLIENT enter state: RUNNING
[14:55:34] [Server thread/INFO]: [STDOUT]: SERVER request state: RUNNING
[14:55:34] [Server thread/INFO]: [STDOUT]: SERVER enter state: RUNNING
[14:55:35] [Server thread/INFO]: <morgan> Quitting mission
[14:55:35] [Server thread/INFO]: [STDOUT]: SERVER request state: WAITING_FOR_AGENTS_TO_QUIT
[14:55:35] [Server thread/INFO]: [STDOUT]: SERVER enter state: WAITING_FOR_AGENTS_TO_QUIT
[14:55:35] [Client thread/INFO]: [STDOUT]: CLIENT request state: IDLING
[14:55:35] [Client thread/INFO]: [STDOUT]: CLIENT enter state: IDLING
[14:55:35] [Client thread/INFO]: [CHAT] <morgan> Quitting mission
[14:55:35] [Client thread/INFO]: [STDOUT]: CLIENT request state: MISSION_ENDED
[14:55:35] [Client thread/INFO]: [STDOUT]: CLIENT enter state: MISSION_ENDED
[14:55:35] [Client thread/INFO]: [STDOUT]: Sending mission ended message to kubernetes.docker.internal:10161.
[14:55:35] [Client thread/INFO]: [STDOUT]: CLIENT request state: WAITING_FOR_SERVER_MISSION_END
[14:55:35] [Client thread/INFO]: [STDOUT]: CLIENT enter state: WAITING_FOR_SERVER_MISSION_END
[14:55:35] [Server thread/INFO]: [STDOUT]: SERVER request state: CLEAN_UP
[14:55:35] [Server thread/INFO]: [STDOUT]: SERVER enter state: CLEAN_UP
[14:55:35] [Server thread/INFO]: [STDOUT]: SERVER request state: DORMANT
[14:55:35] [Client thread/INFO]: [STDOUT]: CLIENT request state: DORMANT
[14:55:35] [Client thread/INFO]: [STDOUT]: CLIENT enter state: DORMANT
[14:55:35] [Client thread/INFO]: [STDOUT]: JETTISONING 0 COMMANDS
[14:55:35] [Server thread/INFO]: [STDOUT]: SERVER enter state: DORMANT
[14:55:36] [Thread-448/INFO]: [STDOUT]: Received from kubernetes.docker.internal:MALMO_REQUEST_CLIENT:0.37.0:20000:morgan
[14:55:36] [Thread-448/INFO]: [STDOUT]: ==== RES:  - 17404
[14:55:36] [Thread-448/INFO]: [STDOUT]: REPLYING WITH: MALMOOK
[14:55:36] [Thread-450/INFO]: [STDOUT]: Received from kubernetes.docker.internal:<?xml version="1.0" encoding="utf-8"?><MissionInit xmlns="http://ProjectMalmo.microsoft.com" xmlns:xsi="http://www.w3.org/2001/XMLSchema-instance" SchemaVersion="" PlatformVersion="0.37.0"><Mission>                                    <About>                    <Summary>Food Search #4</Summary></About><ModSettings>                    <MsPerTick>100</MsPerTick></ModSettings><ServerSection>                                <ServerInitialConditions>                                                            <Time>                                                        <StartTime>6000</StartTime><AllowPassageOfTime>false</AllowPassageOfTime></Time><Weather>clear</Weather><AllowSpawning>false</AllowSpawning></ServerInitialConditions><ServerHandlers>                                                            <FlatWorldGenerator generatorString="3;7,220*1,5*3,2;3;,biome_1"/><DrawingDecorator>                                                                                                                                 
[14:55:36] [Thread-450/INFO]: [STDOUT]: REPLYING WITH: MALMOOK
[14:55:36] [Client thread/INFO]: [STDOUT]: Mission received: Food Search #4
[14:55:36] [Client thread/INFO]: [STDOUT]: CLIENT request state: CREATING_HANDLERS
[14:55:36] [Client thread/INFO]: [STDOUT]: CLIENT enter state: CREATING_HANDLERS
[14:55:36] [Client thread/INFO]: [STDOUT]: CLIENT request state: EVALUATING_WORLD_REQUIREMENTS
[14:55:36] [Client thread/INFO]: [STDOUT]: CLIENT enter state: EVALUATING_WORLD_REQUIREMENTS
[14:55:36] [Client thread/INFO]: [STDOUT]: CLIENT request state: WAITING_FOR_SERVER_READY
[14:55:36] [Server thread/INFO]: [STDOUT]: INCOMING MISSION: Received MissionInit directly through queue.
[14:55:36] [Server thread/INFO]: [STDOUT]: Mission received: Food Search #4
[14:55:36] [Server thread/INFO]: Received mission: §9Food Search #4
[14:55:36] [Server thread/INFO]: Source: §akubernetes.docker.internal
[14:55:36] [Server thread/INFO]: [STDOUT]: SERVER request state: BUILDING_WORLD
[14:55:36] [Server thread/INFO]: [STDOUT]: SERVER enter state: BUILDING_WORLD
[14:55:36] [Client thread/INFO]: [CHAT] Received mission: §9Food Search #4
[14:55:36] [Client thread/INFO]: [CHAT] Source: §akubernetes.docker.internal
[14:55:36] [Client thread/INFO]: [STDOUT]: CLIENT enter state: WAITING_FOR_SERVER_READY
[14:55:36] [Client thread/INFO]: [STDOUT]: ***Telling server we are ready - morgan
[14:55:36] [Server thread/INFO]: [STDOUT]: SERVER request state: WAITING_FOR_AGENTS_TO_ASSEMBLE
[14:55:36] [Server thread/INFO]: [STDOUT]: SERVER enter state: WAITING_FOR_AGENTS_TO_ASSEMBLE
[14:55:36] [Server thread/INFO]: [STDOUT]: Experiment requires: 
[14:55:36] [Server thread/INFO]: [STDOUT]: >>>> morgan
[14:55:36] [Client thread/INFO]: [STDOUT]: ***Telling server we are ready - morgan
[14:55:36] [Client thread/INFO]: [STDOUT]: CLIENT request state: RUNNING
[14:55:36] [Client thread/INFO]: [STDOUT]: CLIENT enter state: RUNNING
[14:55:36] [Server thread/INFO]: [STDOUT]: SERVER request state: RUNNING
[14:55:36] [Server thread/INFO]: [STDOUT]: SERVER enter state: RUNNING
[14:55:37] [Server thread/INFO]: <morgan> Quitting mission
[14:55:37] [Client thread/INFO]: [STDOUT]: CLIENT request state: IDLING
[14:55:37] [Client thread/INFO]: [STDOUT]: CLIENT enter state: IDLING
[14:55:37] [Client thread/INFO]: [CHAT] <morgan> Quitting mission
[14:55:37] [Server thread/INFO]: [STDOUT]: SERVER request state: WAITING_FOR_AGENTS_TO_QUIT
[14:55:37] [Server thread/INFO]: [STDOUT]: SERVER enter state: WAITING_FOR_AGENTS_TO_QUIT
[14:55:37] [Client thread/INFO]: [STDOUT]: CLIENT request state: MISSION_ENDED
[14:55:37] [Client thread/INFO]: [STDOUT]: CLIENT enter state: MISSION_ENDED
[14:55:37] [Client thread/INFO]: [STDOUT]: Sending mission ended message to kubernetes.docker.internal:10597.
[14:55:37] [Client thread/INFO]: [STDOUT]: CLIENT request state: WAITING_FOR_SERVER_MISSION_END
[14:55:37] [Client thread/INFO]: [STDOUT]: CLIENT enter state: WAITING_FOR_SERVER_MISSION_END
[14:55:37] [Server thread/INFO]: [STDOUT]: SERVER request state: CLEAN_UP
[14:55:37] [Server thread/INFO]: [STDOUT]: SERVER enter state: CLEAN_UP
[14:55:37] [Server thread/INFO]: [STDOUT]: SERVER request state: DORMANT
[14:55:37] [Client thread/INFO]: [STDOUT]: CLIENT request state: DORMANT
[14:55:37] [Client thread/INFO]: [STDOUT]: CLIENT enter state: DORMANT
[14:55:37] [Client thread/INFO]: [STDOUT]: JETTISONING 0 COMMANDS
[14:55:38] [Server thread/INFO]: [STDOUT]: SERVER enter state: DORMANT
[14:55:38] [Thread-454/INFO]: [STDOUT]: Received from kubernetes.docker.internal:MALMO_REQUEST_CLIENT:0.37.0:20000:morgan
[14:55:38] [Thread-454/INFO]: [STDOUT]: ==== RES:  - 17606
[14:55:38] [Thread-454/INFO]: [STDOUT]: REPLYING WITH: MALMOOK
[14:55:38] [Thread-456/INFO]: [STDOUT]: Received from kubernetes.docker.internal:<?xml version="1.0" encoding="utf-8"?><MissionInit xmlns="http://ProjectMalmo.microsoft.com" xmlns:xsi="http://www.w3.org/2001/XMLSchema-instance" SchemaVersion="" PlatformVersion="0.37.0"><Mission>                                    <About>                    <Summary>Food Search #5</Summary></About><ModSettings>                    <MsPerTick>100</MsPerTick></ModSettings><ServerSection>                                <ServerInitialConditions>                                                            <Time>                                                        <StartTime>6000</StartTime><AllowPassageOfTime>false</AllowPassageOfTime></Time><Weather>clear</Weather><AllowSpawning>false</AllowSpawning></ServerInitialConditions><ServerHandlers>                                                            <FlatWorldGenerator generatorString="3;7,220*1,5*3,2;3;,biome_1"/><DrawingDecorator>                                                                                                                                 
[14:55:38] [Thread-456/INFO]: [STDOUT]: REPLYING WITH: MALMOOK
[14:55:38] [Client thread/INFO]: [STDOUT]: Mission received: Food Search #5
[14:55:38] [Client thread/INFO]: [STDOUT]: CLIENT request state: CREATING_HANDLERS
[14:55:38] [Client thread/INFO]: [STDOUT]: CLIENT enter state: CREATING_HANDLERS
[14:55:38] [Client thread/INFO]: [STDOUT]: CLIENT request state: EVALUATING_WORLD_REQUIREMENTS
[14:55:38] [Client thread/INFO]: [STDOUT]: CLIENT enter state: EVALUATING_WORLD_REQUIREMENTS
[14:55:38] [Client thread/INFO]: [STDOUT]: CLIENT request state: WAITING_FOR_SERVER_READY
[14:55:38] [Server thread/INFO]: [STDOUT]: INCOMING MISSION: Received MissionInit directly through queue.
[14:55:38] [Server thread/INFO]: [STDOUT]: Mission received: Food Search #5
[14:55:38] [Server thread/INFO]: Received mission: §9Food Search #5
[14:55:38] [Server thread/INFO]: Source: §akubernetes.docker.internal
[14:55:38] [Server thread/INFO]: [STDOUT]: SERVER request state: BUILDING_WORLD
[14:55:38] [Server thread/INFO]: [STDOUT]: SERVER enter state: BUILDING_WORLD
[14:55:38] [Client thread/INFO]: [CHAT] Received mission: §9Food Search #5
[14:55:38] [Client thread/INFO]: [CHAT] Source: §akubernetes.docker.internal
[14:55:38] [Client thread/INFO]: [STDOUT]: CLIENT enter state: WAITING_FOR_SERVER_READY
[14:55:38] [Client thread/INFO]: [STDOUT]: ***Telling server we are ready - morgan
[14:55:38] [Server thread/INFO]: [STDOUT]: SERVER request state: WAITING_FOR_AGENTS_TO_ASSEMBLE
[14:55:38] [Server thread/INFO]: [STDOUT]: SERVER enter state: WAITING_FOR_AGENTS_TO_ASSEMBLE
[14:55:38] [Server thread/INFO]: [STDOUT]: Experiment requires: 
[14:55:38] [Server thread/INFO]: [STDOUT]: >>>> morgan
[14:55:38] [Client thread/INFO]: [STDOUT]: ***Telling server we are ready - morgan
[14:55:39] [Client thread/INFO]: [STDOUT]: CLIENT request state: RUNNING
[14:55:39] [Client thread/INFO]: [STDOUT]: CLIENT enter state: RUNNING
[14:55:39] [Server thread/INFO]: [STDOUT]: SERVER request state: RUNNING
[14:55:39] [Server thread/INFO]: [STDOUT]: SERVER enter state: RUNNING
[14:55:39] [Client thread/INFO]: [STDOUT]: SEVERE: <-vid(kubernetes.docker.internal:10875) Failed to send TCP bytes: java.util.concurrent.ExecutionException: java.io.IOException: An existing connection was forcibly closed by the remote host
[14:55:39] [Client thread/INFO]: [STDOUT]: SEVERE: <-obs(kubernetes.docker.internal:10605) Failed to send TCP bytes: java.util.concurrent.ExecutionException: java.io.IOException: An existing connection was forcibly closed by the remote host
[14:55:39] [Client thread/INFO]: [STDOUT]: SEVERE: <-obs(kubernetes.docker.internal:10605) Failed to send TCP bytes: java.util.concurrent.ExecutionException: java.nio.channels.ClosedChannelException
[14:55:39] [Client thread/INFO]: [STDOUT]: SEVERE: <-obs(kubernetes.docker.internal:10605) Failed to send TCP bytes: java.util.concurrent.ExecutionException: java.nio.channels.ClosedChannelException
[14:55:39] [Client thread/INFO]: [STDOUT]: SEVERE: <-obs(kubernetes.docker.internal:10605) Failed to send TCP bytes: java.util.concurrent.ExecutionException: java.nio.channels.ClosedChannelException
[14:55:39] [Client thread/INFO]: [STDOUT]: ERROR: TCP messages are not getting through - quitting mission.
[14:55:39] [Client thread/INFO]: [STDOUT]: CLIENT request state: IDLING
[14:55:39] [Client thread/INFO]: [STDOUT]: CLIENT enter state: IDLING
[14:55:39] [Server thread/INFO]: [STDOUT]: SERVER request state: WAITING_FOR_AGENTS_TO_QUIT
[14:55:39] [Server thread/INFO]: [STDOUT]: SERVER enter state: WAITING_FOR_AGENTS_TO_QUIT
[14:55:39] [Client thread/INFO]: [STDOUT]: CLIENT request state: MISSION_ENDED
[14:55:39] [Client thread/INFO]: [STDOUT]: CLIENT enter state: MISSION_ENDED
[14:55:39] [Client thread/INFO]: [STDOUT]: Sending mission ended message to kubernetes.docker.internal:10958.
[14:55:39] [Client thread/INFO]: [STDOUT]: SEVERE: <-mcp(kubernetes.docker.internal:10958) Failed to send TCP bytes: java.util.concurrent.ExecutionException: java.io.IOException: An existing connection was forcibly closed by the remote host
[14:55:39] [Client thread/INFO]: [STDOUT]: CLIENT request state: WAITING_FOR_SERVER_MISSION_END
[14:55:39] [Client thread/INFO]: [STDOUT]: CLIENT enter state: WAITING_FOR_SERVER_MISSION_END
[14:55:39] [Server thread/INFO]: [STDOUT]: SERVER request state: CLEAN_UP
[14:55:39] [Server thread/INFO]: [STDOUT]: SERVER enter state: CLEAN_UP
[14:55:39] [Server thread/INFO]: [STDOUT]: SERVER request state: DORMANT
[14:55:39] [Client thread/INFO]: [STDOUT]: CLIENT request state: DORMANT
[14:55:39] [Client thread/INFO]: [STDOUT]: CLIENT enter state: DORMANT
[14:55:39] [Client thread/INFO]: [STDOUT]: JETTISONING 0 COMMANDS
[14:55:39] [Server thread/INFO]: [STDOUT]: SERVER enter state: DORMANT
[14:55:40] [Thread-460/INFO]: [STDOUT]: Received from kubernetes.docker.internal:MALMO_REQUEST_CLIENT:0.37.0:20000:morgan
[14:55:40] [Thread-460/INFO]: [STDOUT]: ==== RES:  - 18289
[14:55:40] [Thread-460/INFO]: [STDOUT]: REPLYING WITH: MALMOOK
[14:55:40] [Thread-462/INFO]: [STDOUT]: Received from kubernetes.docker.internal:<?xml version="1.0" encoding="utf-8"?><MissionInit xmlns="http://ProjectMalmo.microsoft.com" xmlns:xsi="http://www.w3.org/2001/XMLSchema-instance" SchemaVersion="" PlatformVersion="0.37.0"><Mission>                                    <About>                    <Summary>Food Search #0</Summary></About><ModSettings>                    <MsPerTick>100</MsPerTick></ModSettings><ServerSection>                                <ServerInitialConditions>                                                            <Time>                                                        <StartTime>6000</StartTime><AllowPassageOfTime>false</AllowPassageOfTime></Time><Weather>clear</Weather><AllowSpawning>false</AllowSpawning></ServerInitialConditions><ServerHandlers>                                                            <FlatWorldGenerator generatorString="3;7,220*1,5*3,2;3;,biome_1"/><DrawingDecorator>                                                                                                                                 
[14:55:40] [Thread-462/INFO]: [STDOUT]: REPLYING WITH: MALMOOK
[14:55:40] [Client thread/INFO]: [STDOUT]: Mission received: Food Search #0
[14:55:40] [Client thread/INFO]: [STDOUT]: CLIENT request state: CREATING_HANDLERS
[14:55:40] [Client thread/INFO]: [STDOUT]: CLIENT enter state: CREATING_HANDLERS
[14:55:40] [Client thread/INFO]: [STDOUT]: CLIENT request state: EVALUATING_WORLD_REQUIREMENTS
[14:55:40] [Client thread/INFO]: [STDOUT]: CLIENT enter state: EVALUATING_WORLD_REQUIREMENTS
[14:55:40] [Client thread/INFO]: [STDOUT]: CLIENT request state: WAITING_FOR_SERVER_READY
[14:55:40] [Client thread/INFO]: [STDOUT]: CLIENT enter state: WAITING_FOR_SERVER_READY
[14:55:40] [Server thread/INFO]: [STDOUT]: INCOMING MISSION: Received MissionInit directly through queue.
[14:55:40] [Server thread/INFO]: [STDOUT]: Mission received: Food Search #0
[14:55:40] [Server thread/INFO]: Received mission: §9Food Search #0
[14:55:40] [Server thread/INFO]: Source: §akubernetes.docker.internal
[14:55:40] [Server thread/INFO]: [STDOUT]: SERVER request state: BUILDING_WORLD
[14:55:40] [Server thread/INFO]: [STDOUT]: SERVER enter state: BUILDING_WORLD
[14:55:40] [Client thread/INFO]: [CHAT] Received mission: §9Food Search #0
[14:55:40] [Client thread/INFO]: [CHAT] Source: §akubernetes.docker.internal
[14:55:40] [Client thread/INFO]: [STDOUT]: ***Telling server we are ready - morgan
[14:55:40] [Server thread/INFO]: [STDOUT]: SERVER request state: WAITING_FOR_AGENTS_TO_ASSEMBLE
[14:55:40] [Server thread/INFO]: [STDOUT]: SERVER enter state: WAITING_FOR_AGENTS_TO_ASSEMBLE
[14:55:40] [Server thread/INFO]: [STDOUT]: Experiment requires: 
[14:55:40] [Server thread/INFO]: [STDOUT]: >>>> morgan
[14:55:40] [Client thread/INFO]: [STDOUT]: ***Telling server we are ready - morgan
[14:55:40] [Client thread/INFO]: [STDOUT]: CLIENT request state: RUNNING
[14:55:40] [Client thread/INFO]: [STDOUT]: CLIENT enter state: RUNNING
[14:55:40] [Server thread/INFO]: [STDOUT]: SERVER request state: RUNNING
[14:55:40] [Server thread/INFO]: [STDOUT]: SERVER enter state: RUNNING
[14:55:52] [Server thread/INFO]: <morgan> Quitting mission
[14:55:52] [Client thread/INFO]: [CHAT] <morgan> Quitting mission
[14:55:52] [Client thread/INFO]: [STDOUT]: CLIENT request state: IDLING
[14:55:52] [Client thread/INFO]: [STDOUT]: CLIENT enter state: IDLING
[14:55:52] [Server thread/INFO]: [STDOUT]: SERVER request state: WAITING_FOR_AGENTS_TO_QUIT
[14:55:52] [Server thread/INFO]: [STDOUT]: SERVER enter state: WAITING_FOR_AGENTS_TO_QUIT
[14:55:52] [Client thread/INFO]: [STDOUT]: CLIENT request state: MISSION_ENDED
[14:55:52] [Client thread/INFO]: [STDOUT]: CLIENT enter state: MISSION_ENDED
[14:55:52] [Client thread/INFO]: [STDOUT]: Sending mission ended message to kubernetes.docker.internal:10965.
[14:55:52] [Client thread/INFO]: [STDOUT]: CLIENT request state: WAITING_FOR_SERVER_MISSION_END
[14:55:52] [Client thread/INFO]: [STDOUT]: CLIENT enter state: WAITING_FOR_SERVER_MISSION_END
[14:55:52] [Server thread/INFO]: [STDOUT]: SERVER request state: CLEAN_UP
[14:55:52] [Client thread/INFO]: [STDOUT]: CLIENT request state: DORMANT
[14:55:52] [Client thread/INFO]: [STDOUT]: CLIENT enter state: DORMANT
[14:55:52] [Client thread/INFO]: [STDOUT]: JETTISONING 0 COMMANDS
[14:55:52] [Server thread/INFO]: [STDOUT]: SERVER enter state: CLEAN_UP
[14:55:52] [Server thread/INFO]: [STDOUT]: SERVER request state: DORMANT
[14:55:52] [Server thread/INFO]: [STDOUT]: SERVER enter state: DORMANT
[14:55:53] [Thread-466/INFO]: [STDOUT]: Received from kubernetes.docker.internal:MALMO_REQUEST_CLIENT:0.37.0:20000:morgan
[14:55:53] [Thread-466/INFO]: [STDOUT]: ==== RES:  - 6727
[14:55:53] [Thread-466/INFO]: [STDOUT]: REPLYING WITH: MALMOOK
[14:55:53] [Thread-468/INFO]: [STDOUT]: Received from kubernetes.docker.internal:<?xml version="1.0" encoding="utf-8"?><MissionInit xmlns="http://ProjectMalmo.microsoft.com" xmlns:xsi="http://www.w3.org/2001/XMLSchema-instance" SchemaVersion="" PlatformVersion="0.37.0"><Mission>                                    <About>                    <Summary>Food Search #1</Summary></About><ModSettings>                    <MsPerTick>100</MsPerTick></ModSettings><ServerSection>                                <ServerInitialConditions>                                                            <Time>                                                        <StartTime>6000</StartTime><AllowPassageOfTime>false</AllowPassageOfTime></Time><Weather>clear</Weather><AllowSpawning>false</AllowSpawning></ServerInitialConditions><ServerHandlers>                                                            <FlatWorldGenerator generatorString="3;7,220*1,5*3,2;3;,biome_1"/><DrawingDecorator>                                                                                                                                 
[14:55:53] [Thread-468/INFO]: [STDOUT]: REPLYING WITH: MALMOOK
[14:55:53] [Client thread/INFO]: [STDOUT]: Mission received: Food Search #1
[14:55:53] [Client thread/INFO]: [STDOUT]: CLIENT request state: CREATING_HANDLERS
[14:55:53] [Client thread/INFO]: [STDOUT]: CLIENT enter state: CREATING_HANDLERS
[14:55:53] [Client thread/INFO]: [STDOUT]: CLIENT request state: EVALUATING_WORLD_REQUIREMENTS
[14:55:53] [Client thread/INFO]: [STDOUT]: CLIENT enter state: EVALUATING_WORLD_REQUIREMENTS
[14:55:53] [Client thread/INFO]: [STDOUT]: CLIENT request state: WAITING_FOR_SERVER_READY
[14:55:53] [Client thread/INFO]: [STDOUT]: CLIENT enter state: WAITING_FOR_SERVER_READY
[14:55:53] [Client thread/INFO]: [STDOUT]: ***Telling server we are ready - morgan
[14:55:53] [Server thread/INFO]: [STDOUT]: INCOMING MISSION: Received MissionInit directly through queue.
[14:55:53] [Server thread/INFO]: [STDOUT]: Mission received: Food Search #1
[14:55:53] [Server thread/INFO]: Received mission: §9Food Search #1
[14:55:53] [Server thread/INFO]: Source: §akubernetes.docker.internal
[14:55:53] [Server thread/INFO]: [STDOUT]: SERVER request state: BUILDING_WORLD
[14:55:53] [Server thread/INFO]: [STDOUT]: SERVER enter state: BUILDING_WORLD
[14:55:53] [Client thread/INFO]: [CHAT] Received mission: §9Food Search #1
[14:55:53] [Client thread/INFO]: [CHAT] Source: §akubernetes.docker.internal
[14:55:53] [Server thread/INFO]: [STDOUT]: SERVER request state: WAITING_FOR_AGENTS_TO_ASSEMBLE
[14:55:53] [Server thread/INFO]: [STDOUT]: SERVER enter state: WAITING_FOR_AGENTS_TO_ASSEMBLE
[14:55:53] [Server thread/INFO]: [STDOUT]: Experiment requires: 
[14:55:53] [Server thread/INFO]: [STDOUT]: >>>> morgan
[14:55:53] [Client thread/INFO]: [STDOUT]: ***Telling server we are ready - morgan
[14:55:54] [Client thread/INFO]: [STDOUT]: CLIENT request state: RUNNING
[14:55:54] [Client thread/INFO]: [STDOUT]: CLIENT enter state: RUNNING
[14:55:54] [Server thread/INFO]: [STDOUT]: SERVER request state: RUNNING
[14:55:54] [Server thread/INFO]: [STDOUT]: SERVER enter state: RUNNING
[14:55:55] [Server thread/INFO]: <morgan> Quitting mission
[14:55:55] [Client thread/INFO]: [CHAT] <morgan> Quitting mission
[14:55:55] [Client thread/INFO]: [STDOUT]: CLIENT request state: IDLING
[14:55:55] [Client thread/INFO]: [STDOUT]: CLIENT enter state: IDLING
[14:55:55] [Server thread/INFO]: [STDOUT]: SERVER request state: WAITING_FOR_AGENTS_TO_QUIT
[14:55:55] [Server thread/INFO]: [STDOUT]: SERVER enter state: WAITING_FOR_AGENTS_TO_QUIT
[14:55:55] [Client thread/INFO]: [STDOUT]: CLIENT request state: MISSION_ENDED
[14:55:55] [Client thread/INFO]: [STDOUT]: CLIENT enter state: MISSION_ENDED
[14:55:55] [Client thread/INFO]: [STDOUT]: Sending mission ended message to kubernetes.docker.internal:10763.
[14:55:55] [Client thread/INFO]: [STDOUT]: CLIENT request state: WAITING_FOR_SERVER_MISSION_END
[14:55:55] [Client thread/INFO]: [STDOUT]: CLIENT enter state: WAITING_FOR_SERVER_MISSION_END
[14:55:55] [Server thread/INFO]: [STDOUT]: SERVER request state: CLEAN_UP
[14:55:55] [Client thread/INFO]: [STDOUT]: CLIENT request state: DORMANT
[14:55:55] [Client thread/INFO]: [STDOUT]: CLIENT enter state: DORMANT
[14:55:55] [Client thread/INFO]: [STDOUT]: JETTISONING 0 COMMANDS
[14:55:55] [Server thread/INFO]: [STDOUT]: SERVER enter state: CLEAN_UP
[14:55:55] [Server thread/INFO]: [STDOUT]: SERVER request state: DORMANT
[14:55:55] [Server thread/INFO]: [STDOUT]: SERVER enter state: DORMANT
[14:55:55] [Thread-472/INFO]: [STDOUT]: Received from kubernetes.docker.internal:MALMO_REQUEST_CLIENT:0.37.0:20000:morgan
[14:55:55] [Thread-472/INFO]: [STDOUT]: ==== RES:  - 17593
[14:55:55] [Thread-472/INFO]: [STDOUT]: REPLYING WITH: MALMOOK
[14:55:55] [Thread-474/INFO]: [STDOUT]: Received from kubernetes.docker.internal:<?xml version="1.0" encoding="utf-8"?><MissionInit xmlns="http://ProjectMalmo.microsoft.com" xmlns:xsi="http://www.w3.org/2001/XMLSchema-instance" SchemaVersion="" PlatformVersion="0.37.0"><Mission>                                    <About>                    <Summary>Food Search #2</Summary></About><ModSettings>                    <MsPerTick>100</MsPerTick></ModSettings><ServerSection>                                <ServerInitialConditions>                                                            <Time>                                                        <StartTime>6000</StartTime><AllowPassageOfTime>false</AllowPassageOfTime></Time><Weather>clear</Weather><AllowSpawning>false</AllowSpawning></ServerInitialConditions><ServerHandlers>                                                            <FlatWorldGenerator generatorString="3;7,220*1,5*3,2;3;,biome_1"/><DrawingDecorator>                                                                                                                                 
[14:55:55] [Thread-474/INFO]: [STDOUT]: REPLYING WITH: MALMOOK
[14:55:56] [Client thread/INFO]: [STDOUT]: Mission received: Food Search #2
[14:55:56] [Client thread/INFO]: [STDOUT]: CLIENT request state: CREATING_HANDLERS
[14:55:56] [Client thread/INFO]: [STDOUT]: CLIENT enter state: CREATING_HANDLERS
[14:55:56] [Client thread/INFO]: [STDOUT]: CLIENT request state: EVALUATING_WORLD_REQUIREMENTS
[14:55:56] [Client thread/INFO]: [STDOUT]: CLIENT enter state: EVALUATING_WORLD_REQUIREMENTS
[14:55:56] [Client thread/INFO]: [STDOUT]: CLIENT request state: WAITING_FOR_SERVER_READY
[14:55:56] [Client thread/INFO]: [STDOUT]: CLIENT enter state: WAITING_FOR_SERVER_READY
[14:55:56] [Server thread/INFO]: [STDOUT]: INCOMING MISSION: Received MissionInit directly through queue.
[14:55:56] [Server thread/INFO]: [STDOUT]: Mission received: Food Search #2
[14:55:56] [Server thread/INFO]: Received mission: §9Food Search #2
[14:55:56] [Server thread/INFO]: Source: §akubernetes.docker.internal
[14:55:56] [Server thread/INFO]: [STDOUT]: SERVER request state: BUILDING_WORLD
[14:55:56] [Server thread/INFO]: [STDOUT]: SERVER enter state: BUILDING_WORLD
[14:55:56] [Client thread/INFO]: [STDOUT]: ***Telling server we are ready - morgan
[14:55:56] [Client thread/INFO]: [CHAT] Received mission: §9Food Search #2
[14:55:56] [Client thread/INFO]: [CHAT] Source: §akubernetes.docker.internal
[14:55:56] [Server thread/INFO]: [STDOUT]: SERVER request state: WAITING_FOR_AGENTS_TO_ASSEMBLE
[14:55:56] [Server thread/INFO]: [STDOUT]: SERVER enter state: WAITING_FOR_AGENTS_TO_ASSEMBLE
[14:55:56] [Server thread/INFO]: [STDOUT]: Experiment requires: 
[14:55:56] [Server thread/INFO]: [STDOUT]: >>>> morgan
[14:55:56] [Client thread/INFO]: [STDOUT]: ***Telling server we are ready - morgan
[14:55:56] [Client thread/INFO]: [STDOUT]: CLIENT request state: RUNNING
[14:55:56] [Client thread/INFO]: [STDOUT]: CLIENT enter state: RUNNING
[14:55:56] [Server thread/INFO]: [STDOUT]: SERVER request state: RUNNING
[14:55:56] [Server thread/INFO]: [STDOUT]: SERVER enter state: RUNNING
[14:55:57] [Server thread/INFO]: <morgan> Quitting mission
[14:55:57] [Client thread/INFO]: [CHAT] <morgan> Quitting mission
[14:55:57] [Client thread/INFO]: [STDOUT]: CLIENT request state: IDLING
[14:55:57] [Client thread/INFO]: [STDOUT]: CLIENT enter state: IDLING
[14:55:57] [Server thread/INFO]: [STDOUT]: SERVER request state: WAITING_FOR_AGENTS_TO_QUIT
[14:55:57] [Server thread/INFO]: [STDOUT]: SERVER enter state: WAITING_FOR_AGENTS_TO_QUIT
[14:55:57] [Client thread/INFO]: [STDOUT]: CLIENT request state: MISSION_ENDED
[14:55:57] [Client thread/INFO]: [STDOUT]: CLIENT enter state: MISSION_ENDED
[14:55:57] [Client thread/INFO]: [STDOUT]: Sending mission ended message to kubernetes.docker.internal:10734.
[14:55:57] [Client thread/INFO]: [STDOUT]: CLIENT request state: WAITING_FOR_SERVER_MISSION_END
[14:55:57] [Client thread/INFO]: [STDOUT]: CLIENT enter state: WAITING_FOR_SERVER_MISSION_END
[14:55:57] [Server thread/INFO]: [STDOUT]: SERVER request state: CLEAN_UP
[14:55:57] [Server thread/INFO]: [STDOUT]: SERVER enter state: CLEAN_UP
[14:55:57] [Server thread/INFO]: [STDOUT]: SERVER request state: DORMANT
[14:55:57] [Client thread/INFO]: [STDOUT]: CLIENT request state: DORMANT
[14:55:57] [Server thread/INFO]: [STDOUT]: SERVER enter state: DORMANT
[14:55:57] [Client thread/INFO]: [STDOUT]: CLIENT enter state: DORMANT
[14:55:57] [Client thread/INFO]: [STDOUT]: JETTISONING 0 COMMANDS
[14:55:58] [Thread-478/INFO]: [STDOUT]: Received from kubernetes.docker.internal:MALMO_REQUEST_CLIENT:0.37.0:20000:morgan
[14:55:58] [Thread-478/INFO]: [STDOUT]: ==== RES:  - 17600
[14:55:58] [Thread-478/INFO]: [STDOUT]: REPLYING WITH: MALMOOK
[14:55:58] [Thread-480/INFO]: [STDOUT]: Received from kubernetes.docker.internal:<?xml version="1.0" encoding="utf-8"?><MissionInit xmlns="http://ProjectMalmo.microsoft.com" xmlns:xsi="http://www.w3.org/2001/XMLSchema-instance" SchemaVersion="" PlatformVersion="0.37.0"><Mission>                                    <About>                    <Summary>Food Search #3</Summary></About><ModSettings>                    <MsPerTick>100</MsPerTick></ModSettings><ServerSection>                                <ServerInitialConditions>                                                            <Time>                                                        <StartTime>6000</StartTime><AllowPassageOfTime>false</AllowPassageOfTime></Time><Weather>clear</Weather><AllowSpawning>false</AllowSpawning></ServerInitialConditions><ServerHandlers>                                                            <FlatWorldGenerator generatorString="3;7,220*1,5*3,2;3;,biome_1"/><DrawingDecorator>                                                                                                                                 
[14:55:58] [Thread-480/INFO]: [STDOUT]: REPLYING WITH: MALMOOK
[14:55:58] [Client thread/INFO]: [STDOUT]: Mission received: Food Search #3
[14:55:58] [Client thread/INFO]: [STDOUT]: CLIENT request state: CREATING_HANDLERS
[14:55:58] [Client thread/INFO]: [STDOUT]: CLIENT enter state: CREATING_HANDLERS
[14:55:58] [Client thread/INFO]: [STDOUT]: CLIENT request state: EVALUATING_WORLD_REQUIREMENTS
[14:55:58] [Client thread/INFO]: [STDOUT]: CLIENT enter state: EVALUATING_WORLD_REQUIREMENTS
[14:55:58] [Client thread/INFO]: [STDOUT]: CLIENT request state: WAITING_FOR_SERVER_READY
[14:55:58] [Client thread/INFO]: [STDOUT]: CLIENT enter state: WAITING_FOR_SERVER_READY
[14:55:58] [Server thread/INFO]: [STDOUT]: INCOMING MISSION: Received MissionInit directly through queue.
[14:55:58] [Server thread/INFO]: [STDOUT]: Mission received: Food Search #3
[14:55:58] [Server thread/INFO]: Received mission: §9Food Search #3
[14:55:58] [Server thread/INFO]: Source: §akubernetes.docker.internal
[14:55:58] [Server thread/INFO]: [STDOUT]: SERVER request state: BUILDING_WORLD
[14:55:58] [Server thread/INFO]: [STDOUT]: SERVER enter state: BUILDING_WORLD
[14:55:58] [Client thread/INFO]: [STDOUT]: ***Telling server we are ready - morgan
[14:55:58] [Client thread/INFO]: [CHAT] Received mission: §9Food Search #3
[14:55:58] [Client thread/INFO]: [CHAT] Source: §akubernetes.docker.internal
[14:55:58] [Server thread/INFO]: [STDOUT]: SERVER request state: WAITING_FOR_AGENTS_TO_ASSEMBLE
[14:55:58] [Server thread/INFO]: [STDOUT]: SERVER enter state: WAITING_FOR_AGENTS_TO_ASSEMBLE
[14:55:58] [Server thread/INFO]: [STDOUT]: Experiment requires: 
[14:55:58] [Server thread/INFO]: [STDOUT]: >>>> morgan
[14:55:58] [Client thread/INFO]: [STDOUT]: ***Telling server we are ready - morgan
[14:55:58] [Client thread/INFO]: [STDOUT]: CLIENT request state: RUNNING
[14:55:58] [Client thread/INFO]: [STDOUT]: CLIENT enter state: RUNNING
[14:55:58] [Server thread/INFO]: [STDOUT]: SERVER request state: RUNNING
[14:55:58] [Server thread/INFO]: [STDOUT]: SERVER enter state: RUNNING
[14:55:59] [Client thread/INFO]: [STDOUT]: SEVERE: <-vid(kubernetes.docker.internal:10197) Failed to send TCP bytes: java.util.concurrent.ExecutionException: java.io.IOException: An existing connection was forcibly closed by the remote host
[14:55:59] [Client thread/INFO]: [STDOUT]: SEVERE: <-obs(kubernetes.docker.internal:10080) Failed to send TCP bytes: java.util.concurrent.ExecutionException: java.io.IOException: An existing connection was forcibly closed by the remote host
[14:55:59] [Client thread/INFO]: [STDOUT]: SEVERE: <-obs(kubernetes.docker.internal:10080) Failed to send TCP bytes: java.util.concurrent.ExecutionException: java.nio.channels.ClosedChannelException
[14:55:59] [Client thread/INFO]: [STDOUT]: SEVERE: <-obs(kubernetes.docker.internal:10080) Failed to send TCP bytes: java.util.concurrent.ExecutionException: java.nio.channels.ClosedChannelException
[14:55:59] [Client thread/INFO]: [STDOUT]: SEVERE: <-obs(kubernetes.docker.internal:10080) Failed to send TCP bytes: java.util.concurrent.ExecutionException: java.nio.channels.ClosedChannelException
[14:55:59] [Client thread/INFO]: [STDOUT]: ERROR: TCP messages are not getting through - quitting mission.
[14:55:59] [Client thread/INFO]: [STDOUT]: CLIENT request state: IDLING
[14:55:59] [Client thread/INFO]: [STDOUT]: CLIENT enter state: IDLING
[14:55:59] [Server thread/INFO]: [STDOUT]: SERVER request state: WAITING_FOR_AGENTS_TO_QUIT
[14:55:59] [Server thread/INFO]: [STDOUT]: SERVER enter state: WAITING_FOR_AGENTS_TO_QUIT
[14:55:59] [Client thread/INFO]: [STDOUT]: CLIENT request state: MISSION_ENDED
[14:55:59] [Client thread/INFO]: [STDOUT]: CLIENT enter state: MISSION_ENDED
[14:55:59] [Client thread/INFO]: [STDOUT]: Sending mission ended message to kubernetes.docker.internal:10529.
[14:55:59] [Client thread/INFO]: [STDOUT]: SEVERE: <-mcp(kubernetes.docker.internal:10529) Failed to send TCP bytes: java.util.concurrent.ExecutionException: java.io.IOException: An existing connection was forcibly closed by the remote host
[14:55:59] [Client thread/INFO]: [STDOUT]: CLIENT request state: WAITING_FOR_SERVER_MISSION_END
[14:55:59] [Client thread/INFO]: [STDOUT]: CLIENT enter state: WAITING_FOR_SERVER_MISSION_END
[14:55:59] [Server thread/INFO]: [STDOUT]: SERVER request state: CLEAN_UP
[14:55:59] [Server thread/INFO]: [STDOUT]: SERVER enter state: CLEAN_UP
[14:55:59] [Server thread/INFO]: [STDOUT]: SERVER request state: DORMANT
[14:55:59] [Client thread/INFO]: [STDOUT]: CLIENT request state: DORMANT
[14:55:59] [Server thread/INFO]: [STDOUT]: SERVER enter state: DORMANT
[14:55:59] [Client thread/INFO]: [STDOUT]: CLIENT enter state: DORMANT
[14:55:59] [Client thread/INFO]: [STDOUT]: JETTISONING 0 COMMANDS
